"field_date","mean","ci_lower","ci_upper","model","site_reach"
"2023-06-20",22.8465822422794,22.8465822422794,22.8465822422794,"null","SFE-M-1S"
"2023-06-25",22.8465822422794,22.8465822422794,22.8465822422794,"null","SFE-M-1S"
"2023-07-03",22.8465822422794,22.8465822422794,22.8465822422794,"null","SFE-M-1S"
"2023-07-10",22.8465822422794,22.8465822422794,22.8465822422794,"null","SFE-M-1S"
"2023-07-17",22.8465822422794,22.8465822422794,22.8465822422794,"null","SFE-M-1S"
"2023-07-24",22.8465822422794,22.8465822422794,22.8465822422794,"null","SFE-M-1S"
"2023-07-31",22.8465822422794,22.8465822422794,22.8465822422794,"null","SFE-M-1S"
"2023-08-07",22.8465822422794,22.8465822422794,22.8465822422794,"null","SFE-M-1S"
"2023-08-14",22.8465822422794,22.8465822422794,22.8465822422794,"null","SFE-M-1S"
"2023-08-22",22.8465822422794,22.8465822422794,22.8465822422794,"null","SFE-M-1S"
"2023-08-28",22.8465822422794,22.8465822422794,22.8465822422794,"null","SFE-M-1S"
"2023-09-04",22.8465822422794,22.8465822422794,22.8465822422794,"null","SFE-M-1S"
"2023-09-12",22.8465822422794,22.8465822422794,22.8465822422794,"null","SFE-M-1S"
"2023-09-18",22.8465822422794,22.8465822422794,22.8465822422794,"null","SFE-M-1S"
"2023-09-24",22.8465822422794,22.8465822422794,22.8465822422794,"null","SFE-M-1S"
"2023-06-20",0.05,0.05,0.05,"physical","SFE-M-1S"
"2023-06-25",16.2104564354286,0.629109307110112,46.0286152031364,"physical","SFE-M-1S"
"2023-07-03",5.15328495581282,0.080625336396929,24.2552704064774,"physical","SFE-M-1S"
"2023-07-10",11.0465804342766,0.282399703980442,38.2366239401263,"physical","SFE-M-1S"
"2023-07-17",10.3185827022283,0.253065049894393,35.7289592293013,"physical","SFE-M-1S"
"2023-07-24",11.7628911700376,0.327724933070968,38.0126760944071,"physical","SFE-M-1S"
"2023-07-31",12.624356596179,0.399881600991753,39.2656224088153,"physical","SFE-M-1S"
"2023-08-07",14.9967065167976,0.548959001082078,43.3675853022941,"physical","SFE-M-1S"
"2023-08-14",20.0492286535782,0.933418598955839,53.8901076032331,"physical","SFE-M-1S"
"2023-08-22",18.7340221575484,0.83321177950747,50.6775334944788,"physical","SFE-M-1S"
"2023-08-28",24.3148005520974,1.08262066937734,63.1479019923571,"physical","SFE-M-1S"
"2023-09-04",36.9385578196621,2.24533238611973,89.6077639921174,"physical","SFE-M-1S"
"2023-09-12",56.6904815486097,4.29698069637321,98.7752337440454,"physical","SFE-M-1S"
"2023-09-18",74.5507261642016,8.64510090347432,99.6954131608364,"physical","SFE-M-1S"
"2023-09-24",89.2264888369365,21.4350293152708,99.8875918847981,"physical","SFE-M-1S"
"2023-06-20",0.05,0.05,0.05,"chemical","SFE-M-1S"
"2023-06-25",16.5033529782669,0.664424176692612,46.5889844519431,"chemical","SFE-M-1S"
"2023-07-03",11.7535737235638,0.335088843005406,38.0883133485598,"chemical","SFE-M-1S"
"2023-07-10",16.9315157566247,0.638726295880396,47.2206193873125,"chemical","SFE-M-1S"
"2023-07-17",18.9965733323701,0.831127479081713,50.7496650478146,"chemical","SFE-M-1S"
"2023-07-24",14.9618175213488,0.487128608789762,43.8017637765865,"chemical","SFE-M-1S"
"2023-07-31",11.171623915743,0.291563466922568,36.9091954518613,"chemical","SFE-M-1S"
"2023-08-07",11.8805768115412,0.351256688752333,38.1386411862421,"chemical","SFE-M-1S"
"2023-08-14",14.3267103767471,0.461154762743835,42.347811740799,"chemical","SFE-M-1S"
"2023-08-22",20.4420528341183,0.940999694992216,54.6666686041745,"chemical","SFE-M-1S"
"2023-08-28",62.2097266723031,4.53413614500731,99.4047599392499,"chemical","SFE-M-1S"
"2023-09-04",79.386111547717,10.6548405441828,99.7760560419228,"chemical","SFE-M-1S"
"2023-09-12",87.6104182339073,20.1463410860756,99.82771766058,"chemical","SFE-M-1S"
"2023-09-18",89.7521801709945,32.3367651290616,99.8202755305263,"chemical","SFE-M-1S"
"2023-09-24",98.134219191469,93.7575021882178,99.97198028043,"chemical","SFE-M-1S"
"2023-06-20",0.05,0.05,0.05,"biological","SFE-M-1S"
"2023-06-25",17.6594982042495,0.734589907619999,49.1045057777193,"biological","SFE-M-1S"
"2023-07-03",27.7090150129351,1.41359305388771,73.1468215610468,"biological","SFE-M-1S"
"2023-07-10",30.6154356714827,1.5691530403656,78.8225499196669,"biological","SFE-M-1S"
"2023-07-17",28.4187019514948,1.54214870347901,73.2088945745577,"biological","SFE-M-1S"
"2023-07-24",36.3712958517485,2.12062004706251,88.7720450725008,"biological","SFE-M-1S"
"2023-07-31",29.9368139276476,1.6404155880839,74.4808881142544,"biological","SFE-M-1S"
"2023-08-07",25.2504373669635,1.28865841396537,65.8577860011911,"biological","SFE-M-1S"
"2023-08-14",24.961435001112,1.15468278107729,64.6678816597491,"biological","SFE-M-1S"
"2023-08-22",22.8355612833528,1.13439656751355,59.9038233346898,"biological","SFE-M-1S"
"2023-08-28",20.8564065202562,0.874338696223454,55.4480403367215,"biological","SFE-M-1S"
"2023-09-04",27.777117621619,1.46960179651288,72.5532260687332,"biological","SFE-M-1S"
"2023-09-12",52.4210445986946,3.42206598285274,98.2841135081248,"biological","SFE-M-1S"
"2023-09-18",78.0224745715318,9.65655782267172,99.7817778438143,"biological","SFE-M-1S"
"2023-09-24",91.2439695204229,28.3055573081607,99.9100475794974,"biological","SFE-M-1S"
"2023-06-20",0.05,0.05,0.05,"physicochemical","SFE-M-1S"
"2023-06-25",15.6425370325637,0.629337989873126,43.515708354089,"physicochemical","SFE-M-1S"
"2023-07-03",4.43194403292862,0.065922636383571,22.0495620550581,"physicochemical","SFE-M-1S"
"2023-07-10",10.9810281560456,0.266883033385846,37.1318219880724,"physicochemical","SFE-M-1S"
"2023-07-17",11.8798325513524,0.343805458811366,37.7581925513607,"physicochemical","SFE-M-1S"
"2023-07-24",13.2197120300831,0.44398551604746,39.5693018161867,"physicochemical","SFE-M-1S"
"2023-07-31",14.7461666186596,0.586827284309391,42.672630093607,"physicochemical","SFE-M-1S"
"2023-08-07",18.4486372938453,0.817502271035144,48.9262665478484,"physicochemical","SFE-M-1S"
"2023-08-14",21.0402942732144,1.0287509782106,55.5779185005009,"physicochemical","SFE-M-1S"
"2023-08-22",11.8887032405089,0.358566453062237,36.8720483473499,"physicochemical","SFE-M-1S"
"2023-08-28",25.458975815047,1.34427711750799,68.7257688469491,"physicochemical","SFE-M-1S"
"2023-09-04",39.6723625458907,2.17468619250943,93.4616443060093,"physicochemical","SFE-M-1S"
"2023-09-12",67.7050122378175,5.8936931154923,99.5801874115928,"physicochemical","SFE-M-1S"
"2023-09-18",84.5686819903939,14.3590786912496,99.8594245551408,"physicochemical","SFE-M-1S"
"2023-09-24",96.9385081214304,70.4489740020748,99.9665040614215,"physicochemical","SFE-M-1S"
"2023-06-20",0.05,0.05,0.05,"ecohydrological","SFE-M-1S"
"2023-06-25",16.6637123050258,0.617130819380602,47.1571286655244,"ecohydrological","SFE-M-1S"
"2023-07-03",5.12499996932971,0.0865629693342786,24.806858847419,"ecohydrological","SFE-M-1S"
"2023-07-10",11.2732270022075,0.256285930445174,38.8134202868926,"ecohydrological","SFE-M-1S"
"2023-07-17",10.2006121562693,0.242336502992282,35.6994740812846,"ecohydrological","SFE-M-1S"
"2023-07-24",11.9589061879605,0.336487670825004,38.9236879066276,"ecohydrological","SFE-M-1S"
"2023-07-31",12.6932165957899,0.394015967802147,39.6098956301695,"ecohydrological","SFE-M-1S"
"2023-08-07",14.7864578345546,0.50898678432991,42.9486207920213,"ecohydrological","SFE-M-1S"
"2023-08-14",20.0166616341218,0.878816861691568,53.5368233302511,"ecohydrological","SFE-M-1S"
"2023-08-22",19.2307593354731,0.794600555309903,52.0754043275064,"ecohydrological","SFE-M-1S"
"2023-08-28",23.5990242129283,1.10723380493946,62.5820052319628,"ecohydrological","SFE-M-1S"
"2023-09-04",36.6986010315064,2.14259179600644,90.2941308348284,"ecohydrological","SFE-M-1S"
"2023-09-12",58.6533869006742,4.58086595435233,99.1195173830596,"ecohydrological","SFE-M-1S"
"2023-09-18",78.0346580047609,9.7999825135424,99.7507751447917,"ecohydrological","SFE-M-1S"
"2023-09-24",91.7843723557484,27.7017583512217,99.9197332407183,"ecohydrological","SFE-M-1S"
"2023-06-20",0.05,0.05,0.05,"biochemical","SFE-M-1S"
"2023-06-25",17.1333377316952,0.728018518619694,47.8022668279293,"biochemical","SFE-M-1S"
"2023-07-03",10.731820543645,0.282906288412689,36.5325189522614,"biochemical","SFE-M-1S"
"2023-07-10",18.0745024900091,0.733800238991416,49.8790694226089,"biochemical","SFE-M-1S"
"2023-07-17",22.586861669408,1.09530758335693,59.2344649122248,"biochemical","SFE-M-1S"
"2023-07-24",20.9129675956657,0.943692950572976,55.7308505619458,"biochemical","SFE-M-1S"
"2023-07-31",9.94891892971865,0.261740033492942,34.5360177044725,"biochemical","SFE-M-1S"
"2023-08-07",12.0516377755672,0.347392210114849,39.0832119265719,"biochemical","SFE-M-1S"
"2023-08-14",13.9226317906318,0.431680300862375,42.2762839013072,"biochemical","SFE-M-1S"
"2023-08-22",15.1064968088236,0.581161356410437,43.5015747752667,"biochemical","SFE-M-1S"
"2023-08-28",39.9890955632483,2.11255969754726,94.733192983898,"biochemical","SFE-M-1S"
"2023-09-04",57.5880902925126,4.25974393229588,98.9168820272407,"biochemical","SFE-M-1S"
"2023-09-12",81.9445752757549,12.4250840936759,99.8508796938176,"biochemical","SFE-M-1S"
"2023-09-18",91.4225969521083,30.0319987808879,99.8994096603606,"biochemical","SFE-M-1S"
"2023-09-24",98.2201007775447,93.9463266546601,99.9719393065349,"biochemical","SFE-M-1S"
"2023-06-20",0.05,0.05,0.05,"all","SFE-M-1S"
"2023-06-25",15.570760315402,0.607373464984573,43.4019730750553,"all","SFE-M-1S"
"2023-07-03",4.0495783164193,0.0576352201086436,20.8099558269819,"all","SFE-M-1S"
"2023-07-10",10.7376625298874,0.25770340801712,36.7918605367997,"all","SFE-M-1S"
"2023-07-17",11.0304975943249,0.311087669265939,36.1381378203175,"all","SFE-M-1S"
"2023-07-24",12.578880550237,0.437081233776579,38.2586297912468,"all","SFE-M-1S"
"2023-07-31",16.4156966236747,0.673782929633568,45.345833538057,"all","SFE-M-1S"
"2023-08-07",24.0898908597622,1.20682876105076,62.4866019137512,"all","SFE-M-1S"
"2023-08-14",28.6428583126574,1.51109286078458,73.4099341240938,"all","SFE-M-1S"
"2023-08-22",12.1517657230989,0.410733091949846,37.2041171617116,"all","SFE-M-1S"
"2023-08-28",27.4443973016876,1.36571387898535,75.8542509520574,"all","SFE-M-1S"
"2023-09-04",43.5189130171025,2.79613302874471,96.1716680832364,"all","SFE-M-1S"
"2023-09-12",68.4258063257362,6.20044421905152,99.648587522382,"all","SFE-M-1S"
"2023-09-18",84.0437117365016,15.2451588967986,99.8326982869448,"all","SFE-M-1S"
"2023-09-24",96.8785818008053,69.2492451581829,99.9705067639564,"all","SFE-M-1S"
"2023-06-20",22.8465822422794,22.8465822422794,22.8465822422794,"null","SFE-M-2"
"2023-06-25",22.8465822422794,22.8465822422794,22.8465822422794,"null","SFE-M-2"
"2023-07-03",22.8465822422794,22.8465822422794,22.8465822422794,"null","SFE-M-2"
"2023-07-10",22.8465822422794,22.8465822422794,22.8465822422794,"null","SFE-M-2"
"2023-07-17",22.8465822422794,22.8465822422794,22.8465822422794,"null","SFE-M-2"
"2023-07-24",22.8465822422794,22.8465822422794,22.8465822422794,"null","SFE-M-2"
"2023-07-31",22.8465822422794,22.8465822422794,22.8465822422794,"null","SFE-M-2"
"2023-08-07",22.8465822422794,22.8465822422794,22.8465822422794,"null","SFE-M-2"
"2023-08-14",22.8465822422794,22.8465822422794,22.8465822422794,"null","SFE-M-2"
"2023-08-22",22.8465822422794,22.8465822422794,22.8465822422794,"null","SFE-M-2"
"2023-08-28",22.8465822422794,22.8465822422794,22.8465822422794,"null","SFE-M-2"
"2023-09-04",22.8465822422794,22.8465822422794,22.8465822422794,"null","SFE-M-2"
"2023-09-12",22.8465822422794,22.8465822422794,22.8465822422794,"null","SFE-M-2"
"2023-09-18",22.8465822422794,22.8465822422794,22.8465822422794,"null","SFE-M-2"
"2023-09-24",22.8465822422794,22.8465822422794,22.8465822422794,"null","SFE-M-2"
"2023-06-20",0.05,0.05,0.05,"physical","SFE-M-2"
"2023-06-25",16.7340086365061,0.665479158811146,46.8250682674684,"physical","SFE-M-2"
"2023-07-03",5.55181923910852,0.0946462748416707,26.3298485475128,"physical","SFE-M-2"
"2023-07-10",11.7376312695039,0.301740396604651,39.5461330095748,"physical","SFE-M-2"
"2023-07-17",10.9234451256325,0.27203213277889,37.3195860743187,"physical","SFE-M-2"
"2023-07-24",12.5380203972498,0.369494532314387,39.901936954764,"physical","SFE-M-2"
"2023-07-31",13.4632752251386,0.457045176253792,41.0709962226719,"physical","SFE-M-2"
"2023-08-07",15.623838049723,0.610130494334708,44.8440212396041,"physical","SFE-M-2"
"2023-08-14",20.7964696974389,0.909771714142127,55.2600594391535,"physical","SFE-M-2"
"2023-08-22",20.6828534074807,0.906551008181464,55.7354878084228,"physical","SFE-M-2"
"2023-08-28",26.8694421803177,1.33394003658514,69.4714280698272,"physical","SFE-M-2"
"2023-09-04",41.6239547583191,2.62831074710036,94.16462192933,"physical","SFE-M-2"
"2023-09-12",56.5145627961834,4.36745907038695,98.6396731966824,"physical","SFE-M-2"
"2023-09-18",70.5530328451124,8.29589188149872,99.5148297866581,"physical","SFE-M-2"
"2023-09-24",86.2262239589836,19.0516432884224,99.8427413573116,"physical","SFE-M-2"
"2023-06-20",0.05,0.05,0.05,"chemical","SFE-M-2"
"2023-06-25",18.3258531177755,0.655331053910195,52.0586232887457,"chemical","SFE-M-2"
"2023-07-03",21.5751396236425,0.929879416449658,57.8265543921855,"chemical","SFE-M-2"
"2023-07-10",37.4778321636947,2.12471392728671,91.1236678852054,"chemical","SFE-M-2"
"2023-07-17",45.4637191397955,2.73963289370218,95.5682422497147,"chemical","SFE-M-2"
"2023-07-24",22.5086972777978,1.04842739459939,59.1775259106539,"chemical","SFE-M-2"
"2023-07-31",17.9989322523591,0.744108801408486,50.6199722611328,"chemical","SFE-M-2"
"2023-08-07",14.6469022810623,0.516942676214901,44.8599979952891,"chemical","SFE-M-2"
"2023-08-14",18.6039488461264,0.774288736480517,51.7674821046192,"chemical","SFE-M-2"
"2023-08-22",18.4662924534898,0.739131188647501,51.5375063316634,"chemical","SFE-M-2"
"2023-08-28",38.5991661701249,2.28388942893709,92.0791718649609,"chemical","SFE-M-2"
"2023-09-04",66.3259707619822,6.17890975048774,99.4676842489075,"chemical","SFE-M-2"
"2023-09-12",66.5557223906871,7.84483277344908,98.9268512784606,"chemical","SFE-M-2"
"2023-09-18",83.5002733246966,15.5726878907965,99.7769879433066,"chemical","SFE-M-2"
"2023-09-24",86.4166600884337,25.2562645282453,99.7224737629236,"chemical","SFE-M-2"
"2023-06-20",0.05,0.05,0.05,"biological","SFE-M-2"
"2023-06-25",17.5412511607209,0.677193333336298,49.2068539557094,"biological","SFE-M-2"
"2023-07-03",27.3181662067796,1.34386991460663,72.0765809085607,"biological","SFE-M-2"
"2023-07-10",31.1953959725551,1.68459872465039,79.645570431255,"biological","SFE-M-2"
"2023-07-17",30.8057415368472,1.82458326311652,78.3259107341772,"biological","SFE-M-2"
"2023-07-24",37.3926339866446,2.12379631218336,89.2937603572664,"biological","SFE-M-2"
"2023-07-31",33.6398244714286,1.7505920151892,82.0030822801346,"biological","SFE-M-2"
"2023-08-07",30.2386791840162,1.56478583351495,76.9253887928959,"biological","SFE-M-2"
"2023-08-14",29.6504509113246,1.534693234363,75.906211650504,"biological","SFE-M-2"
"2023-08-22",27.2466364298553,1.34130131943857,70.0753663581449,"biological","SFE-M-2"
"2023-08-28",24.9348827793326,1.19641234740245,64.3074083278313,"biological","SFE-M-2"
"2023-09-04",30.6984434090155,1.61713787317297,77.8485338528846,"biological","SFE-M-2"
"2023-09-12",49.9695972872857,3.24484100167083,97.8154529207111,"biological","SFE-M-2"
"2023-09-18",71.2440935150947,6.87383892668234,99.625242607231,"biological","SFE-M-2"
"2023-09-24",85.6044161434795,16.3636357955615,99.850304188345,"biological","SFE-M-2"
"2023-06-20",0.05,0.05,0.05,"physicochemical","SFE-M-2"
"2023-06-25",16.6652218583389,0.651929470426318,47.1213841167718,"physicochemical","SFE-M-2"
"2023-07-03",4.8324714328921,0.0821926325557264,23.3846394175898,"physicochemical","SFE-M-2"
"2023-07-10",12.0007557218039,0.319246024531132,39.7990766853296,"physicochemical","SFE-M-2"
"2023-07-17",11.2846550992129,0.302285300935696,38.1214081249236,"physicochemical","SFE-M-2"
"2023-07-24",12.9749707796776,0.386646707589393,40.9995963201982,"physicochemical","SFE-M-2"
"2023-07-31",16.9521736461719,0.661525393246678,47.521128624951,"physicochemical","SFE-M-2"
"2023-08-07",23.383128485865,1.14085058493496,61.6918292236585,"physicochemical","SFE-M-2"
"2023-08-14",29.5115718990629,1.46267752682143,77.1526233553446,"physicochemical","SFE-M-2"
"2023-08-22",16.4493109424752,0.633409382415607,46.7687878479509,"physicochemical","SFE-M-2"
"2023-08-28",23.3831658395294,1.15968119527273,61.7949156305988,"physicochemical","SFE-M-2"
"2023-09-04",47.9053284125441,3.06837608853986,97.5094566151805,"physicochemical","SFE-M-2"
"2023-09-12",58.6496432066611,4.59765038731504,98.8529209405976,"physicochemical","SFE-M-2"
"2023-09-18",83.1891981387576,13.2649694030047,99.8439414086615,"physicochemical","SFE-M-2"
"2023-09-24",93.6959152086986,39.2853990811071,99.9300670487919,"physicochemical","SFE-M-2"
"2023-06-20",0.05,0.05,0.05,"ecohydrological","SFE-M-2"
"2023-06-25",17.0026899905567,0.617949649400937,47.4983131567718,"ecohydrological","SFE-M-2"
"2023-07-03",5.49772089173159,0.0872800302280289,26.5295026825076,"ecohydrological","SFE-M-2"
"2023-07-10",11.8325384370089,0.275974721837516,39.6835170974629,"ecohydrological","SFE-M-2"
"2023-07-17",10.7488471142018,0.280542254882941,37.7754732737371,"ecohydrological","SFE-M-2"
"2023-07-24",12.6409315716405,0.410811916509696,40.4476108066336,"ecohydrological","SFE-M-2"
"2023-07-31",13.2589392262196,0.437620842871766,41.031385870064,"ecohydrological","SFE-M-2"
"2023-08-07",15.4553019097531,0.527113538466117,45.5383225489955,"ecohydrological","SFE-M-2"
"2023-08-14",20.904871231309,0.894425559738774,56.5890120424906,"ecohydrological","SFE-M-2"
"2023-08-22",21.0093406988457,0.885831997986448,56.9535404647227,"ecohydrological","SFE-M-2"
"2023-08-28",26.6125821079789,1.29624818923813,69.044193082907,"ecohydrological","SFE-M-2"
"2023-09-04",41.0052860593478,2.53278054556791,93.3770672605549,"ecohydrological","SFE-M-2"
"2023-09-12",57.0522082966035,4.36816214570029,98.7706663695206,"ecohydrological","SFE-M-2"
"2023-09-18",72.3844913285402,7.85785942402414,99.5619491795024,"ecohydrological","SFE-M-2"
"2023-09-24",87.5865009138137,19.9650501377523,99.8602526854379,"ecohydrological","SFE-M-2"
"2023-06-20",0.05,0.05,0.05,"biochemical","SFE-M-2"
"2023-06-25",17.9578473047641,0.712209694924653,50.4092089916749,"biochemical","SFE-M-2"
"2023-07-03",21.2911984667863,0.944148777397188,57.5299059666773,"biochemical","SFE-M-2"
"2023-07-10",33.0663567795204,1.74087607600448,83.6154399884308,"biochemical","SFE-M-2"
"2023-07-17",40.3040320938091,2.35847150440853,92.9702417304257,"biochemical","SFE-M-2"
"2023-07-24",27.1881433280019,1.32680382874318,69.6025149648476,"biochemical","SFE-M-2"
"2023-07-31",19.9369612151676,0.839681158183389,54.7107629661935,"biochemical","SFE-M-2"
"2023-08-07",15.1558193781377,0.536533895371257,45.3369408944415,"biochemical","SFE-M-2"
"2023-08-14",18.4495800473389,0.751372024254904,51.5327449863641,"biochemical","SFE-M-2"
"2023-08-22",18.7108978720745,0.672552314213797,51.3332877945778,"biochemical","SFE-M-2"
"2023-08-28",25.9850214722044,1.35257638883795,68.2368850727809,"biochemical","SFE-M-2"
"2023-09-04",50.1441710541635,3.26109980242144,98.0043379893033,"biochemical","SFE-M-2"
"2023-09-12",62.9267515997617,5.78795366235206,99.1810625544156,"biochemical","SFE-M-2"
"2023-09-18",85.7504873839359,16.4585470467709,99.868013604896,"biochemical","SFE-M-2"
"2023-09-24",92.4543981764645,38.9557777963468,99.8856452925707,"biochemical","SFE-M-2"
"2023-06-20",0.05,0.05,0.05,"all","SFE-M-2"
"2023-06-25",16.1089963662908,0.633890041157731,45.779822721494,"all","SFE-M-2"
"2023-07-03",4.25484552839846,0.0663572408027143,21.9082995733701,"all","SFE-M-2"
"2023-07-10",11.497631676198,0.277937647713142,38.8092553706699,"all","SFE-M-2"
"2023-07-17",10.5960892580661,0.299283778776359,36.3007584816455,"all","SFE-M-2"
"2023-07-24",12.4325531061541,0.408270014790131,39.9362231889173,"all","SFE-M-2"
"2023-07-31",19.0047471668396,0.790493179167744,51.7032873557421,"all","SFE-M-2"
"2023-08-07",37.1757449253106,1.92317175071127,91.8753697781555,"all","SFE-M-2"
"2023-08-14",52.3016297995897,3.4766613415812,98.3973356454544,"all","SFE-M-2"
"2023-08-22",13.7166700212608,0.521571633435461,40.6818816240666,"all","SFE-M-2"
"2023-08-28",23.9571823131974,1.10960475987453,63.2999844614878,"all","SFE-M-2"
"2023-09-04",49.1944036988789,3.19084573555792,97.9222737231663,"all","SFE-M-2"
"2023-09-12",57.0567620263155,4.37585147135113,98.6256699507826,"all","SFE-M-2"
"2023-09-18",79.6212053985832,10.6574315611227,99.7949119201005,"all","SFE-M-2"
"2023-09-24",92.1800104460158,31.4905669845665,99.9187145156174,"all","SFE-M-2"
"2023-06-20",22.8465822422794,22.8465822422794,22.8465822422794,"null","SFE-M-3"
"2023-06-25",22.8465822422794,22.8465822422794,22.8465822422794,"null","SFE-M-3"
"2023-07-03",22.8465822422794,22.8465822422794,22.8465822422794,"null","SFE-M-3"
"2023-07-10",22.8465822422794,22.8465822422794,22.8465822422794,"null","SFE-M-3"
"2023-07-17",22.8465822422794,22.8465822422794,22.8465822422794,"null","SFE-M-3"
"2023-07-24",22.8465822422794,22.8465822422794,22.8465822422794,"null","SFE-M-3"
"2023-07-31",22.8465822422794,22.8465822422794,22.8465822422794,"null","SFE-M-3"
"2023-08-07",22.8465822422794,22.8465822422794,22.8465822422794,"null","SFE-M-3"
"2023-08-14",22.8465822422794,22.8465822422794,22.8465822422794,"null","SFE-M-3"
"2023-08-22",22.8465822422794,22.8465822422794,22.8465822422794,"null","SFE-M-3"
"2023-08-28",22.8465822422794,22.8465822422794,22.8465822422794,"null","SFE-M-3"
"2023-09-04",22.8465822422794,22.8465822422794,22.8465822422794,"null","SFE-M-3"
"2023-09-12",22.8465822422794,22.8465822422794,22.8465822422794,"null","SFE-M-3"
"2023-09-18",22.8465822422794,22.8465822422794,22.8465822422794,"null","SFE-M-3"
"2023-09-24",22.8465822422794,22.8465822422794,22.8465822422794,"null","SFE-M-3"
"2023-06-20",0.05,0.05,0.05,"physical","SFE-M-3"
"2023-06-25",16.4311342024623,0.65449060559834,46.0442851596642,"physical","SFE-M-3"
"2023-07-03",5.00375936804337,0.0842444839065507,24.3618809866036,"physical","SFE-M-3"
"2023-07-10",11.2851338523072,0.261330987774016,38.5919001166439,"physical","SFE-M-3"
"2023-07-17",9.99225046362607,0.253624228118651,34.9994196402486,"physical","SFE-M-3"
"2023-07-24",11.6466921427795,0.331161858451079,38.0550530539676,"physical","SFE-M-3"
"2023-07-31",12.7101339979476,0.395310720970082,40.1716926371375,"physical","SFE-M-3"
"2023-08-07",15.1139380320002,0.578836487867486,43.2067622718027,"physical","SFE-M-3"
"2023-08-14",20.2744562164311,0.892909716505523,54.984612745852,"physical","SFE-M-3"
"2023-08-22",18.8476333065375,0.781182822592592,50.5821307664722,"physical","SFE-M-3"
"2023-08-28",25.0690342908991,1.26280246854846,65.5872816077138,"physical","SFE-M-3"
"2023-09-04",38.8358686718395,2.2259404145599,91.7526491100205,"physical","SFE-M-3"
"2023-09-12",54.0769304491954,3.90976485001777,98.4435538679445,"physical","SFE-M-3"
"2023-09-18",73.5256056695513,8.13100062412635,99.6485436497407,"physical","SFE-M-3"
"2023-09-24",87.8448761205653,19.7768982789504,99.8762738457379,"physical","SFE-M-3"
"2023-06-20",0.05,0.05,0.05,"chemical","SFE-M-3"
"2023-06-25",18.4743472050739,0.697038336126716,51.6417730748466,"chemical","SFE-M-3"
"2023-07-03",36.8989042052651,2.03683401577788,90.758381614874,"chemical","SFE-M-3"
"2023-07-10",60.5650341806236,4.35573011582061,99.2155104035111,"chemical","SFE-M-3"
"2023-07-17",29.0217786135523,1.53640236572832,70.8561089844937,"chemical","SFE-M-3"
"2023-07-24",26.3387371193056,1.17912441979341,67.8506504524938,"chemical","SFE-M-3"
"2023-07-31",25.718391572964,1.23916876008467,67.2556538955025,"chemical","SFE-M-3"
"2023-08-07",27.9223085043411,1.49023342988057,71.4362376262533,"chemical","SFE-M-3"
"2023-08-14",36.0171094137164,2.0587616300283,87.3790643545331,"chemical","SFE-M-3"
"2023-08-22",32.4716196911001,1.67997285232311,81.0559816299897,"chemical","SFE-M-3"
"2023-08-28",22.4000830634932,0.970491455330609,60.0680866502911,"chemical","SFE-M-3"
"2023-09-04",28.0914607850296,1.53010191874922,72.4988417594431,"chemical","SFE-M-3"
"2023-09-12",27.4397233071186,1.31362775005449,71.6489458902203,"chemical","SFE-M-3"
"2023-09-18",49.4654862024193,3.20063464314603,97.6379548961204,"chemical","SFE-M-3"
"2023-09-24",59.7985033951825,5.0737484188202,98.8321939483166,"chemical","SFE-M-3"
"2023-06-20",0.05,0.05,0.05,"biological","SFE-M-3"
"2023-06-25",16.7986621021802,0.674662325555185,47.0483330865436,"biological","SFE-M-3"
"2023-07-03",25.7317325019823,1.34738884232763,68.68462740411,"biological","SFE-M-3"
"2023-07-10",27.7603256078965,1.52806102857625,72.3608929122781,"biological","SFE-M-3"
"2023-07-17",24.8849908530619,1.20777190968549,64.5363452549825,"biological","SFE-M-3"
"2023-07-24",31.2852651258103,1.63590866696061,79.9624631635988,"biological","SFE-M-3"
"2023-07-31",25.4327194663742,1.29220964661464,65.7107904531703,"biological","SFE-M-3"
"2023-08-07",22.0251853069321,1.09492247811009,57.4692903754201,"biological","SFE-M-3"
"2023-08-14",22.0273916650823,1.0233656267358,58.0950866679587,"biological","SFE-M-3"
"2023-08-22",20.900861110091,0.963055224425509,56.2708510936556,"biological","SFE-M-3"
"2023-08-28",18.9069561557199,0.780056058535383,51.7332029154986,"biological","SFE-M-3"
"2023-09-04",24.6854923197456,1.1778706731686,64.6334117472709,"biological","SFE-M-3"
"2023-09-12",46.8499886945318,2.79023127690699,97.2187214279173,"biological","SFE-M-3"
"2023-09-18",73.5850376508265,7.96747249874842,99.7517629517384,"biological","SFE-M-3"
"2023-09-24",89.4385199358502,21.7163503313276,99.9071083439096,"biological","SFE-M-3"
"2023-06-20",0.05,0.05,0.05,"physicochemical","SFE-M-3"
"2023-06-25",14.0989312898368,0.532392706488864,40.9526303526421,"physicochemical","SFE-M-3"
"2023-07-03",2.99268576287424,0.0393593822632312,16.9793536281767,"physicochemical","SFE-M-3"
"2023-07-10",10.4051507202047,0.243845006843741,34.1658630502484,"physicochemical","SFE-M-3"
"2023-07-17",6.74475007098162,0.129420840886573,27.431226784878,"physicochemical","SFE-M-3"
"2023-07-24",11.8169983579875,0.370916022439725,36.3741634842093,"physicochemical","SFE-M-3"
"2023-07-31",27.6802749169784,1.38619379183355,76.8645769080142,"physicochemical","SFE-M-3"
"2023-08-07",70.0431761982045,6.46766321349673,99.7400293749298,"physicochemical","SFE-M-3"
"2023-08-14",89.6747079921631,19.3380231801504,99.936787280401,"physicochemical","SFE-M-3"
"2023-08-22",80.3820367629494,19.8341892462502,99.3716848123127,"physicochemical","SFE-M-3"
"2023-08-28",2.21493840348764,0.053117779308333,9.1615980245404,"physicochemical","SFE-M-3"
"2023-09-04",14.9673184066711,0.602612607733513,41.6913852831551,"physicochemical","SFE-M-3"
"2023-09-12",15.859335757829,0.638930150758295,43.7119782584391,"physicochemical","SFE-M-3"
"2023-09-18",48.9628769450692,2.94794995453438,98.4856191409108,"physicochemical","SFE-M-3"
"2023-09-24",85.3777488251422,13.5533562761502,99.9315367014815,"physicochemical","SFE-M-3"
"2023-06-20",0.05,0.05,0.05,"ecohydrological","SFE-M-3"
"2023-06-25",16.8561307405308,0.591580824829714,47.47967963337,"ecohydrological","SFE-M-3"
"2023-07-03",5.39593016685594,0.0919760209353119,25.8141930088097,"ecohydrological","SFE-M-3"
"2023-07-10",11.6160230280919,0.284081393949911,38.8612057335644,"ecohydrological","SFE-M-3"
"2023-07-17",10.2810603812193,0.246358999061158,36.4676153583988,"ecohydrological","SFE-M-3"
"2023-07-24",12.6052712173194,0.355221366985295,39.8890442552397,"ecohydrological","SFE-M-3"
"2023-07-31",12.7758637147991,0.382014990880418,40.5254288074438,"ecohydrological","SFE-M-3"
"2023-08-07",14.7498608396499,0.524013896907694,43.6403400128439,"ecohydrological","SFE-M-3"
"2023-08-14",19.0300233652789,0.918895277010191,51.9257519590168,"ecohydrological","SFE-M-3"
"2023-08-22",19.6444781985242,0.841728012130564,53.2514434435194,"ecohydrological","SFE-M-3"
"2023-08-28",20.4147940528723,0.891114329993307,54.3743993429146,"ecohydrological","SFE-M-3"
"2023-09-04",30.5807484663384,1.75621550439076,77.7522779480926,"ecohydrological","SFE-M-3"
"2023-09-12",51.2948532022044,3.22765645013308,98.3022629650555,"ecohydrological","SFE-M-3"
"2023-09-18",75.2163968871378,9.0559402033592,99.7172056056826,"ecohydrological","SFE-M-3"
"2023-09-24",91.2839792469789,26.2553012836065,99.9114490934782,"ecohydrological","SFE-M-3"
"2023-06-20",0.05,0.05,0.05,"biochemical","SFE-M-3"
"2023-06-25",16.6805917891203,0.633262509043242,46.7600400322733,"biochemical","SFE-M-3"
"2023-07-03",36.7310115200144,1.81839576050277,90.9178148311239,"biochemical","SFE-M-3"
"2023-07-10",58.070966183869,4.2772282195162,99.0896805999229,"biochemical","SFE-M-3"
"2023-07-17",34.7853582096959,2.4594458858306,78.8283369656235,"biochemical","SFE-M-3"
"2023-07-24",41.7419883292436,2.6960218281683,92.7717670320083,"biochemical","SFE-M-3"
"2023-07-31",44.6475266924769,3.02667212385542,94.6676345481668,"biochemical","SFE-M-3"
"2023-08-07",40.9776347200706,2.57149612368715,91.3945020385243,"biochemical","SFE-M-3"
"2023-08-14",37.7916146867686,2.33288396726477,88.2425290137736,"biochemical","SFE-M-3"
"2023-08-22",22.3979305612034,1.04832705052628,58.3181805797229,"biochemical","SFE-M-3"
"2023-08-28",14.604300139326,0.554679516911492,42.9146316336913,"biochemical","SFE-M-3"
"2023-09-04",20.8738205140494,1.06250665669138,55.5303113085001,"biochemical","SFE-M-3"
"2023-09-12",36.6291589566673,1.88928449455954,90.0880733552438,"biochemical","SFE-M-3"
"2023-09-18",70.3001711163005,6.46021485831126,99.7167851464881,"biochemical","SFE-M-3"
"2023-09-24",88.4941052746009,19.4879761943557,99.8959882857091,"biochemical","SFE-M-3"
"2023-06-20",0.05,0.05,0.05,"all","SFE-M-3"
"2023-06-25",14.433774290124,0.574283604898479,40.9251524542355,"all","SFE-M-3"
"2023-07-03",3.08954903452784,0.0405605941268277,17.6529611944941,"all","SFE-M-3"
"2023-07-10",11.064690177138,0.313639567614125,35.8584157406071,"all","SFE-M-3"
"2023-07-17",6.45958445749454,0.124275580286284,27.1548668876753,"all","SFE-M-3"
"2023-07-24",12.6532215308889,0.419590794755385,38.2081319535808,"all","SFE-M-3"
"2023-07-31",25.1769869817567,1.19516598296296,67.619824465869,"all","SFE-M-3"
"2023-08-07",68.1649372939348,6.01985050403685,99.7038702001637,"all","SFE-M-3"
"2023-08-14",89.6180513113607,18.9819163999634,99.9333001058178,"all","SFE-M-3"
"2023-08-22",86.6137519298385,24.6041116291546,99.6829161561228,"all","SFE-M-3"
"2023-08-28",1.3990372265499,0.0314574262713634,5.62140702528561,"all","SFE-M-3"
"2023-09-04",14.9123300211561,0.599628480505595,41.7259529824101,"all","SFE-M-3"
"2023-09-12",15.8223520736768,0.659976987481308,43.5191185728548,"all","SFE-M-3"
"2023-09-18",56.2734378883304,3.8610997060553,99.2312915872193,"all","SFE-M-3"
"2023-09-24",90.8855868976757,22.3720995681989,99.9603318838292,"all","SFE-M-3"
"2023-06-20",22.8465822422794,22.8465822422794,22.8465822422794,"null","SFE-M-4"
"2023-06-25",22.8465822422794,22.8465822422794,22.8465822422794,"null","SFE-M-4"
"2023-07-03",22.8465822422794,22.8465822422794,22.8465822422794,"null","SFE-M-4"
"2023-07-10",22.8465822422794,22.8465822422794,22.8465822422794,"null","SFE-M-4"
"2023-07-17",22.8465822422794,22.8465822422794,22.8465822422794,"null","SFE-M-4"
"2023-07-24",22.8465822422794,22.8465822422794,22.8465822422794,"null","SFE-M-4"
"2023-07-31",22.8465822422794,22.8465822422794,22.8465822422794,"null","SFE-M-4"
"2023-08-07",22.8465822422794,22.8465822422794,22.8465822422794,"null","SFE-M-4"
"2023-08-14",22.8465822422794,22.8465822422794,22.8465822422794,"null","SFE-M-4"
"2023-08-22",22.8465822422794,22.8465822422794,22.8465822422794,"null","SFE-M-4"
"2023-08-28",22.8465822422794,22.8465822422794,22.8465822422794,"null","SFE-M-4"
"2023-09-04",22.8465822422794,22.8465822422794,22.8465822422794,"null","SFE-M-4"
"2023-09-12",22.8465822422794,22.8465822422794,22.8465822422794,"null","SFE-M-4"
"2023-09-18",22.8465822422794,22.8465822422794,22.8465822422794,"null","SFE-M-4"
"2023-09-24",22.8465822422794,22.8465822422794,22.8465822422794,"null","SFE-M-4"
"2023-06-20",0.05,0.05,0.05,"physical","SFE-M-4"
"2023-06-25",13.2966945050372,0.519257574113631,37.247779905815,"physical","SFE-M-4"
"2023-07-03",4.33397695129411,0.0721770901804149,20.7503358778175,"physical","SFE-M-4"
"2023-07-10",9.58325036548084,0.25440412347964,31.7642212889678,"physical","SFE-M-4"
"2023-07-17",8.52949144311799,0.217391773848873,29.9576956932246,"physical","SFE-M-4"
"2023-07-24",10.3559399475034,0.291250670516701,32.7327570943313,"physical","SFE-M-4"
"2023-07-31",10.89535197944,0.329279307408312,33.5188813607198,"physical","SFE-M-4"
"2023-08-07",12.8410069455641,0.499790435968589,36.811729604393,"physical","SFE-M-4"
"2023-08-14",18.4027258961228,0.843036079174577,48.5698511118983,"physical","SFE-M-4"
"2023-08-22",24.0719119638016,1.10599523352481,62.7727093088607,"physical","SFE-M-4"
"2023-08-28",27.3264673559366,1.48624185072862,70.645919331163,"physical","SFE-M-4"
"2023-09-04",40.2645142820684,2.50153573253229,93.8773374167588,"physical","SFE-M-4"
"2023-09-12",53.8336302925874,3.9795749117051,98.6937021114664,"physical","SFE-M-4"
"2023-09-18",68.3105784679985,6.40783366672722,99.5945888207985,"physical","SFE-M-4"
"2023-09-24",85.876328845663,15.1043094318953,99.8987473868937,"physical","SFE-M-4"
"2023-06-20",0.05,0.05,0.05,"chemical","SFE-M-4"
"2023-06-25",13.9124461605766,0.569626504769848,38.7357511238881,"chemical","SFE-M-4"
"2023-07-03",29.8499809877109,1.56855240696955,78.8600313180368,"chemical","SFE-M-4"
"2023-07-10",60.1686710860521,4.36832809487132,99.3951228155518,"chemical","SFE-M-4"
"2023-07-17",78.9393242064095,9.63925892875576,99.8239998820629,"chemical","SFE-M-4"
"2023-07-24",86.5375824243852,17.4662578728698,99.8639463125737,"chemical","SFE-M-4"
"2023-07-31",86.5738580142706,23.0204943397252,99.747916159092,"chemical","SFE-M-4"
"2023-08-07",91.19212287225,35.9997919326432,99.8532841008672,"chemical","SFE-M-4"
"2023-08-14",74.3058494286432,29.403091322716,98.356788737479,"chemical","SFE-M-4"
"2023-08-22",78.4952082845584,29.093262071282,99.2925405626342,"chemical","SFE-M-4"
"2023-08-28",24.1132448508983,1.59754315979653,56.1470822603264,"chemical","SFE-M-4"
"2023-09-04",38.3771007486108,2.55516848234944,89.6710848838669,"chemical","SFE-M-4"
"2023-09-12",48.0884133777359,3.25338927875854,96.8705695764938,"chemical","SFE-M-4"
"2023-09-18",74.7482753472046,8.8217634501969,99.7801819987923,"chemical","SFE-M-4"
"2023-09-24",71.7012242073528,9.1246195289458,99.2546179234544,"chemical","SFE-M-4"
"2023-06-20",0.05,0.05,0.05,"biological","SFE-M-4"
"2023-06-25",13.184200558311,0.556027653419082,36.755368430505,"biological","SFE-M-4"
"2023-07-03",22.7411848005237,1.10373234022201,60.0789124501051,"biological","SFE-M-4"
"2023-07-10",29.7560837761685,1.66389377382401,77.4229585933943,"biological","SFE-M-4"
"2023-07-17",34.2525628087827,2.19752953081251,85.5363219183666,"biological","SFE-M-4"
"2023-07-24",43.4645827409478,2.78233438878355,95.839314601317,"biological","SFE-M-4"
"2023-07-31",45.4990816863552,3.20534526937633,95.6312503907713,"biological","SFE-M-4"
"2023-08-07",45.7775814037183,3.08117129537382,95.034146771937,"biological","SFE-M-4"
"2023-08-14",47.0070049298127,3.30881050021517,95.4928413709883,"biological","SFE-M-4"
"2023-08-22",46.0575024755501,3.30563888702456,94.7543012181284,"biological","SFE-M-4"
"2023-08-28",43.0309867453424,3.05425881841474,92.2085599084243,"biological","SFE-M-4"
"2023-09-04",49.3938708821984,3.64486511789271,96.9981820801649,"biological","SFE-M-4"
"2023-09-12",67.1687431171355,6.31068221633854,99.4944217240268,"biological","SFE-M-4"
"2023-09-18",81.9472025936546,12.4900292947704,99.8547131343939,"biological","SFE-M-4"
"2023-09-24",90.5859750307687,23.7668990394845,99.8942572968838,"biological","SFE-M-4"
"2023-06-20",0.05,0.05,0.05,"physicochemical","SFE-M-4"
"2023-06-25",12.3570250675146,0.480493911704801,34.5474807389083,"physicochemical","SFE-M-4"
"2023-07-03",3.9117894102928,0.0657599481526297,18.694095974661,"physicochemical","SFE-M-4"
"2023-07-10",9.3816818249473,0.261292902550287,30.1281598258359,"physicochemical","SFE-M-4"
"2023-07-17",9.0609046856113,0.259566248505714,29.2962520432497,"physicochemical","SFE-M-4"
"2023-07-24",12.1231873251142,0.451819821194262,34.4306724356901,"physicochemical","SFE-M-4"
"2023-07-31",17.8072075634884,0.796577762282458,47.1347729195721,"physicochemical","SFE-M-4"
"2023-08-07",36.7184904527227,2.13027620653504,91.5620206927491,"physicochemical","SFE-M-4"
"2023-08-14",46.932381354197,2.9156502950481,97.5310007922623,"physicochemical","SFE-M-4"
"2023-08-22",56.0627096395023,4.25804872008133,98.7949659604152,"physicochemical","SFE-M-4"
"2023-08-28",6.9995915409184,0.175825706430589,24.481371066882,"physicochemical","SFE-M-4"
"2023-09-04",18.108804536703,0.814848016157215,49.5082451276203,"physicochemical","SFE-M-4"
"2023-09-12",29.2773429466769,1.48494608119153,79.5462176019026,"physicochemical","SFE-M-4"
"2023-09-18",65.0335686914406,5.31658552232728,99.6715775681215,"physicochemical","SFE-M-4"
"2023-09-24",84.081933922401,11.943731586942,99.9058502232146,"physicochemical","SFE-M-4"
"2023-06-20",0.05,0.05,0.05,"ecohydrological","SFE-M-4"
"2023-06-25",13.6012697786417,0.497895248980396,38.9288324389271,"ecohydrological","SFE-M-4"
"2023-07-03",4.54971330475062,0.0805179317528346,21.561761916304,"ecohydrological","SFE-M-4"
"2023-07-10",9.85475034142115,0.245044977372767,32.205273461625,"ecohydrological","SFE-M-4"
"2023-07-17",8.51848132462746,0.212708218862923,29.6859664163033,"ecohydrological","SFE-M-4"
"2023-07-24",10.7215186352052,0.327936841475207,33.3246558818572,"ecohydrological","SFE-M-4"
"2023-07-31",11.1204296169202,0.362590726953519,33.8078686812321,"ecohydrological","SFE-M-4"
"2023-08-07",13.0757183133312,0.464426369034967,36.9454551454561,"ecohydrological","SFE-M-4"
"2023-08-14",18.3167037041969,0.829855400317944,48.8545343018885,"ecohydrological","SFE-M-4"
"2023-08-22",24.9087460389454,1.3005259739142,65.2780165447439,"ecohydrological","SFE-M-4"
"2023-08-28",26.462296324358,1.48585328690809,68.0397844372827,"ecohydrological","SFE-M-4"
"2023-09-04",38.2769400515553,2.34205950052915,91.9814624116359,"ecohydrological","SFE-M-4"
"2023-09-12",53.7567869346921,3.89511454636595,98.7095900191842,"ecohydrological","SFE-M-4"
"2023-09-18",70.1230483144751,6.80700869022135,99.6090218693586,"ecohydrological","SFE-M-4"
"2023-09-24",87.8505786533056,16.3636200499927,99.9082052651922,"ecohydrological","SFE-M-4"
"2023-06-20",0.05,0.05,0.05,"biochemical","SFE-M-4"
"2023-06-25",13.2571047365404,0.556397849383759,37.2831276475629,"biochemical","SFE-M-4"
"2023-07-03",27.6977710808108,1.40557526728683,74.327644629399,"biochemical","SFE-M-4"
"2023-07-10",56.6568655367941,4.2231631179145,99.255485018102,"biochemical","SFE-M-4"
"2023-07-17",76.2148652354536,8.79386799093975,99.8243434329571,"biochemical","SFE-M-4"
"2023-07-24",86.9867189530601,18.218220158239,99.8806442713861,"biochemical","SFE-M-4"
"2023-07-31",87.4513551132923,23.1405160894436,99.7861454498068,"biochemical","SFE-M-4"
"2023-08-07",90.6423178377104,36.7399634709257,99.8315633195785,"biochemical","SFE-M-4"
"2023-08-14",71.7566014513336,27.6005972655789,97.8589198874143,"biochemical","SFE-M-4"
"2023-08-22",71.1578170990477,21.8986516892,98.5767706857247,"biochemical","SFE-M-4"
"2023-08-28",8.80964076850302,0.294195770457791,28.1182153275471,"biochemical","SFE-M-4"
"2023-09-04",19.2602172853936,0.89084358422962,51.7387731857582,"biochemical","SFE-M-4"
"2023-09-12",35.704876653155,1.87735925043974,90.5179760328653,"biochemical","SFE-M-4"
"2023-09-18",71.2306104839697,6.51425796344667,99.7735400431045,"biochemical","SFE-M-4"
"2023-09-24",81.0730686782834,11.3691693117506,99.7997180223322,"biochemical","SFE-M-4"
"2023-06-20",0.05,0.05,0.05,"all","SFE-M-4"
"2023-06-25",11.9488084835626,0.508656842361157,33.4385859661805,"all","SFE-M-4"
"2023-07-03",3.2931390109133,0.0523900755397584,16.1013726928899,"all","SFE-M-4"
"2023-07-10",8.66562791570315,0.227689016401482,28.5827487203338,"all","SFE-M-4"
"2023-07-17",7.99455787563245,0.207114312982144,26.5966809553802,"all","SFE-M-4"
"2023-07-24",10.6852504501672,0.358690377789887,31.4139027824432,"all","SFE-M-4"
"2023-07-31",19.1839557076175,0.969391484945234,51.3609794391808,"all","SFE-M-4"
"2023-08-07",48.6325665384872,3.25722163344801,98.5017991626842,"all","SFE-M-4"
"2023-08-14",66.9378006852273,5.92394760582942,99.6792465807073,"all","SFE-M-4"
"2023-08-22",69.0400811225389,7.08667829350307,99.3539982805703,"all","SFE-M-4"
"2023-08-28",11.4980592872662,0.451909558449596,33.1394381508288,"all","SFE-M-4"
"2023-09-04",23.619886305564,1.2679933892308,63.6532417934458,"all","SFE-M-4"
"2023-09-12",30.2948898000926,1.53355718837135,80.0355948283201,"all","SFE-M-4"
"2023-09-18",61.5448575011624,4.88205904586435,99.5957295216753,"all","SFE-M-4"
"2023-09-24",82.5443723943367,10.9523931862067,99.9013070790523,"all","SFE-M-4"
"2023-06-25",22.8465822422794,22.8465822422794,22.8465822422794,"null","SFE-SH-1S"
"2023-07-03",22.8465822422794,22.8465822422794,22.8465822422794,"null","SFE-SH-1S"
"2023-07-11",22.8465822422794,22.8465822422794,22.8465822422794,"null","SFE-SH-1S"
"2023-07-17",22.8465822422794,22.8465822422794,22.8465822422794,"null","SFE-SH-1S"
"2023-07-24",22.8465822422794,22.8465822422794,22.8465822422794,"null","SFE-SH-1S"
"2023-07-31",22.8465822422794,22.8465822422794,22.8465822422794,"null","SFE-SH-1S"
"2023-08-07",22.8465822422794,22.8465822422794,22.8465822422794,"null","SFE-SH-1S"
"2023-08-14",22.8465822422794,22.8465822422794,22.8465822422794,"null","SFE-SH-1S"
"2023-08-22",22.8465822422794,22.8465822422794,22.8465822422794,"null","SFE-SH-1S"
"2023-08-28",22.8465822422794,22.8465822422794,22.8465822422794,"null","SFE-SH-1S"
"2023-09-04",22.8465822422794,22.8465822422794,22.8465822422794,"null","SFE-SH-1S"
"2023-09-12",22.8465822422794,22.8465822422794,22.8465822422794,"null","SFE-SH-1S"
"2023-09-18",22.8465822422794,22.8465822422794,22.8465822422794,"null","SFE-SH-1S"
"2023-09-24",22.8465822422794,22.8465822422794,22.8465822422794,"null","SFE-SH-1S"
"2023-06-25",0.05,0.05,0.05,"physical","SFE-SH-1S"
"2023-07-03",17.3490690216421,0.731155185953151,48.8754058668972,"physical","SFE-SH-1S"
"2023-07-11",6.91227530378545,0.125889545618701,29.400989104033,"physical","SFE-SH-1S"
"2023-07-17",12.3818960286847,0.366683622225868,41.5291676406439,"physical","SFE-SH-1S"
"2023-07-24",11.362132709661,0.298624409694013,38.8934960519184,"physical","SFE-SH-1S"
"2023-07-31",14.0854635251743,0.4757207263888,43.6578995279274,"physical","SFE-SH-1S"
"2023-08-07",15.4978141937073,0.546399191944122,45.348500889507,"physical","SFE-SH-1S"
"2023-08-14",17.9309761846259,0.731529398038968,50.3882260030236,"physical","SFE-SH-1S"
"2023-08-22",21.2748585366081,0.898785458561661,56.9334424986088,"physical","SFE-SH-1S"
"2023-08-28",23.8373448503602,1.07427537473165,62.5064185189144,"physical","SFE-SH-1S"
"2023-09-04",33.9515115804679,1.68421902853837,84.9339490779113,"physical","SFE-SH-1S"
"2023-09-12",46.7922936219937,2.97545906957579,96.7199584831685,"physical","SFE-SH-1S"
"2023-09-18",67.7449998000388,7.24898999727674,99.4839500106309,"physical","SFE-SH-1S"
"2023-09-24",81.6298970324581,13.7032297914031,99.7607141579544,"physical","SFE-SH-1S"
"2023-06-25",0.05,0.05,0.05,"chemical","SFE-SH-1S"
"2023-07-03",18.1874743786857,0.773131885774271,51.0009735605176,"chemical","SFE-SH-1S"
"2023-07-11",28.0002461617081,1.4046765115222,73.6851338012172,"chemical","SFE-SH-1S"
"2023-07-17",19.4815292575626,0.756194863114032,53.4983701589964,"chemical","SFE-SH-1S"
"2023-07-24",21.8580156876458,0.953661439854482,58.6104373883485,"chemical","SFE-SH-1S"
"2023-07-31",13.9507364727645,0.399077711350064,43.8647764614534,"chemical","SFE-SH-1S"
"2023-08-07",17.1122683034469,0.682252911588729,49.220593909945,"chemical","SFE-SH-1S"
"2023-08-14",15.5317979570073,0.57759625723942,46.5544875772322,"chemical","SFE-SH-1S"
"2023-08-22",16.495142410473,0.60017405337117,47.744822690215,"chemical","SFE-SH-1S"
"2023-08-28",44.8583176620904,2.46099626459877,97.1622028742342,"chemical","SFE-SH-1S"
"2023-09-04",56.0235107424222,3.94335435892792,98.5459876673492,"chemical","SFE-SH-1S"
"2023-09-12",68.3168021971468,7.14349023706942,99.3937043760124,"chemical","SFE-SH-1S"
"2023-09-18",28.5440616372218,1.59655343427645,69.274604009957,"chemical","SFE-SH-1S"
"2023-09-24",39.1145249299783,2.29327536000826,90.8022119562404,"chemical","SFE-SH-1S"
"2023-06-25",0.05,0.05,0.05,"biological","SFE-SH-1S"
"2023-07-03",17.9621342183083,0.721184328678908,50.9798078111887,"biological","SFE-SH-1S"
"2023-07-11",35.9656297133756,1.93832587095303,90.0863457743715,"biological","SFE-SH-1S"
"2023-07-17",46.4215157499476,2.94008160473925,96.4998935322888,"biological","SFE-SH-1S"
"2023-07-24",22.8297135787865,1.09598649664537,60.2689599850094,"biological","SFE-SH-1S"
"2023-07-31",21.4292338644912,0.952313548344906,57.4662538328652,"biological","SFE-SH-1S"
"2023-08-07",19.5186780080996,0.725905225694795,53.0119661323444,"biological","SFE-SH-1S"
"2023-08-14",24.6050434017778,1.10060883010632,64.1361924122002,"biological","SFE-SH-1S"
"2023-08-22",27.1725401856585,1.31136605372992,71.5217952844601,"biological","SFE-SH-1S"
"2023-08-28",35.7480731758661,1.86001253605133,87.4372767686396,"biological","SFE-SH-1S"
"2023-09-04",42.8774680613773,2.6856077824267,94.026929972393,"biological","SFE-SH-1S"
"2023-09-12",55.8353970027043,4.29580231738436,98.534061060403,"biological","SFE-SH-1S"
"2023-09-18",66.9825505485718,6.38433995788103,99.2550017352626,"biological","SFE-SH-1S"
"2023-09-24",77.5367585626829,11.0212456266636,99.6021716712193,"biological","SFE-SH-1S"
"2023-06-25",0.05,0.05,0.05,"physicochemical","SFE-SH-1S"
"2023-07-03",17.3947101028741,0.671716663520318,48.8127883430785,"physicochemical","SFE-SH-1S"
"2023-07-11",7.4794297153477,0.143307242003986,31.0525951355267,"physicochemical","SFE-SH-1S"
"2023-07-17",11.9156931852488,0.306461260537962,40.8890075083979,"physicochemical","SFE-SH-1S"
"2023-07-24",12.7236675757194,0.400222337318647,40.8401191994375,"physicochemical","SFE-SH-1S"
"2023-07-31",13.1763007697873,0.38823288879212,41.682052672973,"physicochemical","SFE-SH-1S"
"2023-08-07",16.7196133746977,0.605340011589741,48.3780999577813,"physicochemical","SFE-SH-1S"
"2023-08-14",13.2939705396578,0.415867691637657,41.8766243084171,"physicochemical","SFE-SH-1S"
"2023-08-22",15.2191296358635,0.557156895833682,45.0368801103613,"physicochemical","SFE-SH-1S"
"2023-08-28",32.1782112141434,1.58881991308813,83.9820694995262,"physicochemical","SFE-SH-1S"
"2023-09-04",42.3891742848345,2.50671221858443,95.0513972871265,"physicochemical","SFE-SH-1S"
"2023-09-12",63.5451830463035,5.30184189113409,99.33266248141,"physicochemical","SFE-SH-1S"
"2023-09-18",77.209864095383,10.7816716090522,99.6626161016204,"physicochemical","SFE-SH-1S"
"2023-09-24",90.4731058387772,27.1774038042964,99.8875835095835,"physicochemical","SFE-SH-1S"
"2023-06-25",0.05,0.05,0.05,"ecohydrological","SFE-SH-1S"
"2023-07-03",17.785151444015,0.71674843157592,50.3953152251272,"ecohydrological","SFE-SH-1S"
"2023-07-11",7.42632688262335,0.144735211405526,31.5291738886367,"ecohydrological","SFE-SH-1S"
"2023-07-17",12.5323261049922,0.304795028061045,41.4841057283913,"ecohydrological","SFE-SH-1S"
"2023-07-24",11.7290404838809,0.310136139215841,40.3811954040041,"ecohydrological","SFE-SH-1S"
"2023-07-31",14.099531110074,0.429232717176142,43.8691197612639,"ecohydrological","SFE-SH-1S"
"2023-08-07",15.0751917181764,0.480857747860487,45.3767053372486,"ecohydrological","SFE-SH-1S"
"2023-08-14",18.4513947983197,0.674644097275464,51.4349204312944,"ecohydrological","SFE-SH-1S"
"2023-08-22",22.1661599473134,1.04307943228745,60.196296717829,"ecohydrological","SFE-SH-1S"
"2023-08-28",25.1353979595776,1.22584696063077,65.6284238411474,"ecohydrological","SFE-SH-1S"
"2023-09-04",35.5207798624105,1.8773365103768,87.7450823073093,"ecohydrological","SFE-SH-1S"
"2023-09-12",49.8317701961067,3.43330115318217,97.5655963888963,"ecohydrological","SFE-SH-1S"
"2023-09-18",70.580379704102,7.19882524032309,99.5413475961023,"ecohydrological","SFE-SH-1S"
"2023-09-24",84.0961609679629,16.2556987588386,99.7944883684263,"ecohydrological","SFE-SH-1S"
"2023-06-25",0.05,0.05,0.05,"biochemical","SFE-SH-1S"
"2023-07-03",18.1716216107708,0.689911327441096,50.9158647538149,"biochemical","SFE-SH-1S"
"2023-07-11",37.23152264306,1.82821035273249,91.1388532441813,"biochemical","SFE-SH-1S"
"2023-07-17",32.425167689112,1.73709670528009,81.5948851287498,"biochemical","SFE-SH-1S"
"2023-07-24",20.5157899287319,0.916472237614536,56.0870724019108,"biochemical","SFE-SH-1S"
"2023-07-31",14.210314389988,0.439879267330328,43.6882364278461,"biochemical","SFE-SH-1S"
"2023-08-07",16.4982602061459,0.557250548573489,48.5203136060382,"biochemical","SFE-SH-1S"
"2023-08-14",15.6811215310978,0.535189049560087,46.6752892055719,"biochemical","SFE-SH-1S"
"2023-08-22",14.4668576110446,0.496169358369366,44.1149263228361,"biochemical","SFE-SH-1S"
"2023-08-28",37.4298922508616,1.97428848750701,93.3579899649976,"biochemical","SFE-SH-1S"
"2023-09-04",46.4576627005936,2.84049690174682,96.4387750465132,"biochemical","SFE-SH-1S"
"2023-09-12",64.3938909591804,5.88687853749079,99.2707054976449,"biochemical","SFE-SH-1S"
"2023-09-18",52.7853451965703,4.73718809743001,95.8388934802428,"biochemical","SFE-SH-1S"
"2023-09-24",65.2110845546806,6.95516956404256,98.9585648552833,"biochemical","SFE-SH-1S"
"2023-06-25",0.05,0.05,0.05,"all","SFE-SH-1S"
"2023-07-03",17.6392898555443,0.75850470951986,49.3994051953495,"all","SFE-SH-1S"
"2023-07-11",7.76702177033768,0.14648934004864,32.0760497626007,"all","SFE-SH-1S"
"2023-07-17",12.0565777978746,0.312920961308313,40.8751252629382,"all","SFE-SH-1S"
"2023-07-24",12.8722030039663,0.354941069587195,41.6745421610277,"all","SFE-SH-1S"
"2023-07-31",13.0304746309735,0.400029777040967,41.7395153260268,"all","SFE-SH-1S"
"2023-08-07",16.4361104181247,0.575858657750378,47.0841143883625,"all","SFE-SH-1S"
"2023-08-14",13.6240108797453,0.427930845470687,42.5949989673525,"all","SFE-SH-1S"
"2023-08-22",15.4493266548438,0.567380969191661,45.2899529309339,"all","SFE-SH-1S"
"2023-08-28",33.6099470353745,1.65423593429522,86.4949390811457,"all","SFE-SH-1S"
"2023-09-04",44.3336053020717,2.72973719881127,95.3768289866642,"all","SFE-SH-1S"
"2023-09-12",65.5690530577535,5.63021423871387,99.384138502662,"all","SFE-SH-1S"
"2023-09-18",78.3611838945328,11.2070909703195,99.7156465028587,"all","SFE-SH-1S"
"2023-09-24",91.3148849509248,30.2287145808311,99.8893108989049,"all","SFE-SH-1S"
