"date","discharge_m3_s","depth_m"
2022-06-23,1.12715944491645,0.826813219054571
2022-06-24,1.23194562446899,0.834487135635474
2022-06-25,1.16964032851883,0.829974917782788
2022-06-26,1.11299915038233,0.825743105053347
2022-06-27,1.03936561880487,0.820039287104949
2022-06-28,0.96856414613424,0.814316024477513
2022-06-29,1.00254885301614,0.817094121303615
2022-06-30,1.10167091475503,0.824880985054029
2022-07-01,1.053525913339,0.821154985628051
2022-07-02,1.17530444633248,0.830391123721269
2022-07-03,1.3905409232512,0.845374594695225
2022-07-04,1.56612857547437,0.856573268201701
2022-07-05,1.65109034267913,0.861715991302337
2022-07-06,1.63126593033135,0.860530816450123
2022-07-07,1.48966298499009,0.851796377032633
2022-07-08,1.64542622486548,0.861378264823543
2022-07-09,1.59444916454262,0.858306113886382
2022-07-10,1.58595298782215,0.857788256655242
2022-07-11,1.58312092891532,0.857615259493078
2022-07-12,1.3905409232512,0.845374594695225
2022-07-13,1.33673180402152,0.841770305735861
2022-07-14,1.31407533276692,0.840226083900199
2022-07-15,1.35372415746247,0.842917965639584
2022-07-16,1.30557915604645,0.839642791935643
2022-07-17,1.20362503540074,0.832453911752546
2022-07-18,1.30274709713962,0.839447843998893
2022-07-19,1.44718210138771,0.849077306537038
2022-07-20,1.58312092891532,0.857615259493078
2022-07-21,1.5916171056358,0.858133683308723
2022-07-22,1.48966298499009,0.851796377032633
2022-07-23,1.4018691588785,0.846122438747732
2022-07-24,1.54913622203342,0.855524318248394
2022-07-25,1.54347210421977,0.855173100638477
2022-07-26,1.53214386859247,0.854468286059985
2022-07-27,1.57462475219485,0.857095126093356
2022-07-28,1.58878504672897,0.857961064412311
2022-07-29,1.61993769470405,0.859849602924029
2022-07-30,1.60860945907675,0.859165460784999
2022-07-31,1.69073916737468,0.864060413753558
2022-08-01,1.81534975927499,0.871216202867154
2022-08-02,1.75304446332484,0.867677321382196
2022-08-03,1.62843387142453,0.860360785825174
2022-08-04,1.59444916454262,0.858306113886382
2022-08-05,1.63409798923818,0.860700666086162
2022-08-06,1.60577740016992,0.85899396375995
2022-08-07,1.60011328235627,0.858650412240511
2022-08-08,1.63126593033135,0.860530816450123
2022-08-09,1.50665533843104,0.852870679389495
2022-08-10,1.5916171056358,0.858133683308723
2022-08-11,1.54630416312659,0.855348808094591
2022-08-12,1.56329651656754,0.856398929743638
2022-08-13,1.46134239592184,0.84998903917948
2022-08-14,1.55480033984707,0.855874748972873
2022-08-15,1.44151798357406,0.848711081373152
2022-08-16,1.42452563013311,0.847607080377208
2022-08-17,1.2999150382328,0.83925263590897
2022-08-18,1.38204474653073,0.844811255526785
2022-08-19,1.6709147550269,0.862892468436681
2022-08-20,1.65392240158595,0.861884588052116
2022-08-21,1.68224299065421,0.863560900043536
2022-08-22,1.73605210988389,0.866698819639562
2022-08-23,1.81534975927499,0.871216202867154
2022-08-24,1.80685358255452,0.870738062151785
2022-08-25,1.89747946757293,0.875769054694969
2022-08-26,1.95695270461626,0.87899097604314
2022-08-27,1.84367034834325,0.872800162546696
2022-08-28,1.99376947040498,0.880955486699524
2022-08-29,1.97960917587086,0.88020256077374
2022-08-30,1.70773152081563,0.865054841157321
2022-08-31,1.57745681110167,0.857268694762971
2022-09-01,1.77853299348626,0.869134224808907
2022-09-02,1.79835740583404,0.87025854021541
2022-09-03,1.75304446332484,0.867677321382196
2022-09-04,1.84083828943642,0.872642441206776
2022-09-05,1.75021240441801,0.867514643073185
2022-09-06,1.66241857830643,0.8623893182179
2022-09-07,1.77286887567261,0.86881158098467
2022-09-08,1.77570093457944,0.868972981814464
2022-09-09,1.80968564146134,0.87089759534229
2022-09-10,1.69923534409516,0.864558389996747
2022-09-11,1.69357122628151,0.864226576049363
2022-09-12,1.72755593316341,0.866207364689052
2022-09-13,1.83800623052959,0.872484570944283
2022-09-14,1.86915887850467,0.874213013477725
2022-09-15,1.83234211271594,0.872168382168465
2022-09-16,1.8719909374115,0.874369265641223
2022-09-17,1.88898329085245,0.875303747099085
2022-09-18,2.31379212687624,0.897163936011933
2022-09-19,2.91702067403002,0.924320027363001
2022-09-20,2.4327386009629,0.902835559118396
2022-09-21,2.25998300764656,0.894539390998738
2022-09-22,2.11554800339847,0.887299300168263
2022-09-23,2.10421976777117,0.8867187853757
2022-09-24,2.15519682809402,0.889316216181115
2022-09-25,2.14386859246672,0.888742293708334
2022-09-26,2.12121212121212,0.887588842614622
2022-09-27,2.05324270744831,0.884082459640251
2022-09-28,1.92580005664118,0.877310913214369
2022-09-29,1.79835740583404,0.87025854021541
2022-09-30,1.78136505239309,0.869295310373309
2022-10-01,1.69640328518833,0.864392567977538
2022-10-02,1.72755593316341,0.866207364689052
2022-10-03,1.72189181534976,0.865878903813707
2022-10-04,1.66525063721325,0.862557209864511
2022-10-05,1.6595865193996,0.862221251023054
2022-10-06,1.58595298782215,0.857788256655242
2022-10-07,1.54630416312659,0.855348808094591
2022-10-08,1.51798357405834,0.853582757562055
2022-10-09,1.636930048145,0.860870335239118
2022-10-10,1.63409798923818,0.860700666086162
2022-10-11,1.61993769470405,0.859849602924029
2022-10-12,1.41886151231946,0.847237285908147
2022-10-13,1.42735768903993,0.847791639416573
2022-10-14,1.4018691588785,0.846122438747732
2022-10-15,1.33673180402152,0.841770305735861
2022-10-16,1.35938827527613,0.843298553811846
2022-10-17,1.42452563013311,0.847607080377208
2022-10-18,1.41319739450581,0.846866584737609
2022-10-19,1.34806003964882,0.842536399341384
2022-10-20,1.28292268479184,0.838075872539801
2022-10-21,1.28858680260549,0.838469183637167
2022-10-22,1.29141886151232,0.838665441543118
2022-10-23,1.28575474369867,0.838272660949938
2022-10-24,1.29141886151232,0.838665441543118
2022-10-25,1.24610591900312,0.83549300389383
2022-10-26,1.26309827244407,0.836690833177741
2022-10-27,1.23477768337581,0.834688874491903
2022-10-28,1.14698385726423,0.828297613377696
2022-10-29,1.18380062305296,0.831013131878414
2022-10-30,1.29425092041914,0.838861435604028
2022-10-31,1.30557915604645,0.839642791935643
2022-11-01,1.30841121495327,0.839837480629121
2022-11-02,1.23194562446899,0.834487135635474
2022-11-03,1.16680826961201,0.829766351069463
2022-11-04,1.0988388558482,0.824664606169377
2022-11-05,1.24893797790994,0.835693334924377
2022-11-06,1.34239592183517,0.842153848277747
2022-11-07,1.47550269045596,0.85089536820227
2022-11-08,2.31096006796941,0.897026741227088
2022-11-09,2.50070801472671,0.90600037056508
2022-11-10,1.74454828660436,0.867188801350912
2022-11-11,1.39337298215803,0.845561905049001
2022-11-12,1.23760974228264,0.834890329702552
2022-11-13,1.11583120928915,0.825957793145426
2022-11-14,1.02237326536392,0.818688070048325
2022-11-15,0.914755026904559,0.809792305582451
2022-11-16,0.875106202209006,0.80635350712882
2022-11-17,0.838289436420278,0.803073672141963
2022-11-18,0.778816199376947,0.797583307524458
2022-11-19,0.846785613140753,0.803838280474179
2022-11-20,0.852449730954404,0.804345408129679
2022-11-21,0.838289436420278,0.803073672141963
2022-11-22,0.778816199376947,0.797583307524458
2022-11-23,0.750495610308694,0.794878222324763
2022-11-24,0.790144435004248,0.798648433568083
2022-11-25,0.900594732370433,0.808574856714579
2022-11-26,0.897762673463608,0.808329960509409
2022-11-27,0.855281789861229,0.80459819699028
2022-11-28,0.835457377513452,0.802817746828343
2022-11-29,0.809968847352025,0.800490088545083
2022-11-30,0.86661002548853,0.805604249935203
2022-12-01,1.70773152081563,0.865054841157321
2022-12-02,1.71622769753611,0.865549779458722
2022-12-03,1.6142735768904,0.859507900001069
2022-12-04,1.63409798923818,0.860700666086162
2022-12-05,3.79495893514585,0.958259138195176
2022-12-06,4.61625601812518,0.985869076669404
2022-12-07,3.25686774284905,0.938116452178603
2022-12-08,2.61115831209289,0.911032550064966
2022-12-09,2.81223449447748,0.919868525191568
2022-12-10,17.4454828660436,1.2402009075156
2022-12-11,29.7366185216652,1.38509278425403
2022-12-12,21.9201359388275,1.29859920262065
2022-12-13,11.1866326819598,1.1403133195516
2022-12-14,7.13678844519966,1.05530728291279
2022-12-15,5.32427074483149,1.00733649898354
2022-12-16,4.3613707165109,0.977648168537813
2022-12-17,3.73831775700935,0.956224980436595
2022-12-18,3.31350892098556,0.940328634229964
2022-12-19,2.97366185216652,0.926685482708782
2022-12-20,2.7244406683659,0.916059886452935
2022-12-21,2.51486830926083,0.906653042436073
2022-12-22,2.37043330501274,0.899886473220491
2022-12-23,2.25431888983291,0.894260902292337
2022-12-24,2.14953271028037,0.889029486876512
2022-12-25,2.05607476635514,0.884229968818789
2022-12-26,2.06457094307562,0.884671749928935
2022-12-27,116.680826961201,1.92665522960564
2022-12-28,53.5259133389974,1.58350148773466
2022-12-29,26.2248654772019,1.34821208929946
2022-12-30,129.425092041914,1.98059502954451
2022-12-31,224.015859529878,2.30500988196619
2023-01-01,78.1648258283772,1.73737321187616
2023-01-02,42.7640894930615,1.50236937140411
2023-01-03,33.9847068819031,1.42629392886211
2023-01-04,112.432738600963,1.90787585962336
2023-01-05,331.350892098556,2.58236188211631
2023-01-06,151.231945624469,2.06579297830854
2023-01-07,212.97082979326,2.27215092150274
2023-01-08,297.366185216652,2.50144907027917
2023-01-09,320.022656471255,2.55598178095362
2023-01-10,247.238742565845,2.3709907523485
2023-01-11,221.183800623053,2.29668102107675
2023-01-12,244.123477768338,2.36236704766059
2023-01-13,194.845652789578,2.21588173990923
2023-01-14,294.534126309827,2.49445540919777
2023-01-15,244.123477768338,2.36236704766059
2023-01-16,133.106768620787,1.99556595347857
2023-01-17,130.274709713962,1.98407281486704
2023-01-18,119.512885868026,1.93894283203404
2023-01-19,118.663268195978,1.93527548311335
2023-01-20,93.1747380345511,1.81677046429566
2023-01-21,67.1197960917587,1.67274770033637
2023-01-22,58.6236193712829,1.61844047223616
2023-01-23,41.3480600396488,1.49079430607955
2023-01-24,35.9671481166808,1.44444077393624
2023-01-25,31.4358538657604,1.40198090388341
2023-01-26,28.6037949589351,1.37350259471652
2023-01-27,26.0266213537242,1.346042043433
2023-01-28,23.7892948173322,1.32081544630994
2023-01-29,21.9201359388275,1.29859920262065
2023-01-30,20.1925800056641,1.27700727056895
2023-01-31,18.5783064287737,1.25578129849875
2023-02-01,17.5870858113849,1.24218175971992
2023-02-02,16.6808269612008,1.22933006231922
2023-02-03,17.6437269895214,1.24297136076084
2023-02-04,17.4171622769754,1.23980355466547
2023-02-05,33.7015009912206,1.4236489724283
2023-02-06,43.047295383744,1.50465605141036
2023-02-07,29.7366185216652,1.38509278425403
2023-02-08,25.6867742849051,1.34229824894562
2023-02-09,23.5344095157179,1.31785058116691
2023-02-10,21.410365335599,1.29233986073575
2023-02-11,20.4191447182101,1.27990196225319
2023-02-12,19.1447182101388,1.26335336054894
2023-02-13,17.7003681676579,1.2437594083373
2023-02-14,16.5392240158595,1.22728359176044
2023-02-15,15.5763239875389,1.21307385591167
2023-02-16,14.9249504389691,1.20315314477616
2023-02-17,14.3868592466723,1.19475549845383
2023-02-18,13.905409232512,1.18707691354204
2023-02-19,13.3673180402152,1.1782994123485
2023-02-20,12.9141886151232,1.17073815700388
2023-02-21,12.5460209572359,1.16447390295592
2023-02-22,12.4044180118946,1.16203456630862
2023-02-23,12.4610591900312,1.16301234046504
2023-02-24,16.256018125177,1.22315816975982
2023-02-25,17.7003681676579,1.2437594083373
2023-02-26,20.8722741433022,1.28563278189336
2023-02-27,40.4984423676012,1.48373215894818
2023-02-28,80.4304729538374,1.74992410420814
2023-03-01,87.7938261115831,1.78927706275723
2023-03-02,53.5259133389974,1.58350148773466
2023-03-03,60.0396488246955,1.62781239695379
2023-03-04,64.2877371849334,1.65513995853146
2023-03-05,69.6686491079014,1.68820899571235
2023-03-06,69.951854998584,1.68990536038929
2023-03-07,93.4579439252336,1.81819017853828
2023-03-08,109.034267912773,1.89253652353397
2023-03-09,147.833474936279,2.05303534355452
2023-03-10,257.434154630416,2.39875647665995
2023-03-11,131.12432738601,1.98753671409882
2023-03-12,131.973945058057,1.99098687212327
2023-03-13,153.497592749929,2.07420063591537
2023-03-14,262.531860662702,2.41238671048321
2023-03-15,213.820447465307,2.27471513664977
2023-03-16,141.886151231946,2.03026930008097
2023-03-17,109.317473803455,1.89382590888697
2023-03-18,69.951854998584,1.68990536038929
2023-03-19,63.7213254035684,1.65156161077002
2023-03-20,56.3579722458227,1.6031520287873
2023-03-21,53.5259133389974,1.58350148773466
2023-03-22,50.6938544321722,1.56320227118085
2023-03-23,42.7640894930615,1.50236937140411
2023-03-24,37.666383460776,1.45951272651144
2023-03-25,35.4007363353158,1.43931993828776
2023-03-26,34.2679127725857,1.42892539838519
2023-03-27,32.0022656471255,1.40748544962365
2023-03-28,76.7487963749646,1.72941521815533
2023-03-29,102.237326536392,1.86095377738981
2023-03-30,71.6510903426791,1.6999961300945
2023-03-31,51.8266779949023,1.57140341940224
2023-04-01,42.7640894930615,1.50236937140411
2023-04-02,38.5160011328236,1.46689251911974
2023-04-03,33.7015009912206,1.4236489724283
2023-04-04,29.1702067403002,1.37933220641055
2023-04-05,25.9416595865194,1.34510891974952
2023-04-06,23.6476918719909,1.31917071856825
2023-04-07,28.3205890682526,1.37056121213997
2023-04-08,27.1877655055225,1.35861168563181
2023-04-09,23.3078448031719,1.31519856412023
2023-04-10,21.297082979326,1.29093651268935
2023-04-11,19.7111299915038,1.2707892083121
2023-04-12,18.3517417162277,1.2527128363865
2023-04-13,17.1339563862928,1.2358080424934
2023-04-14,16.0011328235627,1.21940742468102
2023-04-15,15.1798357405834,1.20706619857789
2023-04-16,14.5567827810818,1.19742789591636
2023-04-17,14.0753327669216,1.18980535857487
2023-04-18,14.3302180685358,1.19386039904659
2023-04-19,13.3956386292835,1.17876673450948
2023-04-20,12.6309827244407,1.16592940624076
2023-04-21,12.2911356556216,1.1600707694775
2023-04-22,11.9796091758709,1.15461240807051
2023-04-23,11.6397621070518,1.14855758253201
2023-04-24,11.2715944491645,1.14187451754208
2023-04-25,11.0167091475503,1.1371689607909
2023-04-26,10.9600679694138,1.13611423485199
2023-04-27,10.6202209005947,1.12971455047617
2023-04-28,10.3653355989805,1.12483187454012
2023-04-29,10.0821297082979,1.11931949784408
2023-04-30,9.94052676295667,1.1165276482104
2023-05-01,9.96884735202492,1.1170879605325
2023-05-02,10.6202209005947,1.12971455047617
2023-05-03,10.761823845936,1.13239613445116
2023-05-04,10.0538091192297,1.11876306146732
2023-05-05,9.71396205041065,1.11200948093812
2023-05-06,10.6768620787312,1.13078980054379
2023-05-07,10.1104502973662,1.11987497621007
2023-05-08,9.77060322854715,1.1131450321733
2023-05-09,9.62900028320589,1.11029851244385
2023-05-10,9.23251203625035,1.10218901064154
2023-05-11,8.94930614556783,1.09626481022982
2023-05-12,8.80770320022656,1.09325952639356
2023-05-13,8.55281789861229,1.08777442044053
2023-05-14,8.41121495327103,1.0846837180044
2023-05-15,8.26961200792976,1.08156092920826
2023-05-16,8.071367884452,1.07713341520388
2023-05-17,7.92976493911073,1.07392990475882
2023-05-18,7.67487963749646,1.06807396214144
2023-05-19,7.5332766921552,1.06476898765734
2023-05-20,7.19342962333616,1.05667836850718
2023-05-21,6.71197960917587,1.04480468489202
2023-05-22,6.37213254035684,1.03610508041092
2023-05-23,6.23052959501558,1.03239624880055
2023-05-24,6.08892664967431,1.02863534055843
2023-05-25,6.08892664967431,1.02863534055843
2023-05-26,5.9190031152648,1.02405072946437
2023-05-27,5.66411781365052,1.01701984420571
2023-05-28,5.57915604644577,1.01463317757853
2023-05-29,5.57915604644577,1.01463317757853
2023-05-30,5.52251486830926,1.01302965541653
2023-05-31,5.40923251203625,1.00979207817856
2023-06-01,5.29595015576324,1.0065126351333
2023-06-02,5.18266779949023,1.00318987165397
2023-06-03,5.01274426508071,0.998121111052782
2023-06-04,4.92778249787596,0.995547148528489
2023-06-05,4.87114131973945,0.993816015149956
2023-06-06,4.75785896346644,0.990316333585199
2023-06-07,4.75785896346644,0.990316333585199
2023-06-08,4.67289719626168,0.987657886584687
2023-06-09,4.55961483998867,0.984066751176215
2023-06-10,4.67289719626168,0.987657886584687
2023-06-11,4.70121778532993,0.988547305824436
2023-06-12,4.58793542905692,0.984969620160607
2023-06-13,4.58793542905692,0.984969620160607
2023-06-14,4.61625601812518,0.985869076669404
2023-06-15,4.47465307278391,0.981337323917701
2023-06-16,4.38969130557916,0.978575916547013
2023-06-17,4.3047295383744,0.975781524310531
2023-06-18,4.3047295383744,0.975781524310531
2023-06-19,4.33305012744265,0.976716717501953
2023-06-20,4.3047295383744,0.975781524310531
2023-06-21,4.24808836023789,0.973899751558492
2023-06-22,4.24808836023789,0.973899751558492
2023-06-23,4.24808836023789,0.973899751558492
2023-06-24,4.16312659303313,0.971048008398825
2023-06-25,4.27640894930615,0.974842549160497
2023-06-26,4.27640894930615,0.974842549160497
2023-06-27,4.19144718210139,0.97200252347308
2023-06-28,4.04984423676012,0.967189585337749
2023-06-29,3.93656188048711,0.963264371243426
2023-06-30,3.96488246955537,0.964252103585343
2023-07-01,3.79495893514585,0.958259138195176
2023-07-02,3.90824129141886,0.962272270059673
2023-07-03,4.04984423676012,0.967189585337749
2023-07-04,4.07816482582838,0.968160335537602
2023-07-05,4.04984423676012,0.967189585337749
2023-07-06,4.04984423676012,0.967189585337749
2023-07-07,4.07816482582838,0.968160335537602
2023-07-08,4.07816482582838,0.968160335537602
2023-07-09,4.10648541489663,0.969126959035822
2023-07-10,4.07816482582838,0.968160335537602
2023-07-11,3.93656188048711,0.963264371243426
2023-07-12,3.7666383460776,0.957244404926023
2023-07-13,3.8232795242141,0.959269236601403
2023-07-14,4.02152364769187,0.966214661774502
2023-07-15,4.02152364769187,0.966214661774502
2023-07-16,4.02152364769187,0.966214661774502
2023-07-17,4.02152364769187,0.966214661774502
2023-07-18,4.04984423676012,0.967189585337749
2023-07-19,3.96488246955537,0.964252103585343
2023-07-20,4.07816482582838,0.968160335537602
2023-07-21,4.27640894930615,0.974842549160497
2023-07-22,4.27640894930615,0.974842549160497
2023-07-23,4.27640894930615,0.974842549160497
2023-07-24,4.3613707165109,0.977648168537813
2023-07-25,4.21976777116964,0.972953090304182
2023-07-26,3.96488246955537,0.964252103585343
2023-07-27,3.93656188048711,0.963264371243426
2023-07-28,3.93656188048711,0.963264371243426
2023-07-29,3.93656188048711,0.963264371243426
2023-07-30,4.27640894930615,0.974842549160497
2023-07-31,4.3047295383744,0.975781524310531
2023-08-01,4.13480600396488,0.970089501654909
2023-08-02,4.02152364769187,0.966214661774502
2023-08-03,3.99320305862362,0.965235517325433
2023-08-04,4.13480600396488,0.970089501654909
2023-08-05,4.07816482582838,0.968160335537602
2023-08-06,4.13480600396488,0.970089501654909
2023-08-07,4.04984423676012,0.967189585337749
2023-08-08,3.87992070235061,0.961275748840488
2023-08-09,4.02152364769187,0.966214661774502
2023-08-10,4.16312659303313,0.971048008398825
2023-08-11,4.3047295383744,0.975781524310531
2023-08-12,4.33305012744265,0.976716717501953
2023-08-13,4.41801189464741,0.9795
2023-08-14,4.41801189464741,0.9795
2023-08-15,4.3613707165109,0.977648168537813
2023-08-16,4.38969130557916,0.978575916547013
2023-08-17,4.41801189464741,0.9795
2023-08-18,4.27640894930615,0.974842549160497
2023-08-19,4.38969130557916,0.978575916547013
2023-08-20,4.61625601812518,0.985869076669404
2023-08-21,4.64457660719343,0.986765154417794
2023-08-22,4.3613707165109,0.977648168537813
2023-08-23,4.33305012744265,0.976716717501953
2023-08-24,4.33305012744265,0.976716717501953
2023-08-25,4.3613707165109,0.977648168537813
2023-08-26,4.33305012744265,0.976716717501953
2023-08-27,4.38969130557916,0.978575916547013
2023-08-28,4.33305012744265,0.976716717501953
2023-08-29,4.24808836023789,0.973899751558492
2023-08-30,4.3047295383744,0.975781524310531
2023-08-31,4.33305012744265,0.976716717501953
2023-09-01,4.44633248371566,0.98042045672398
2023-09-02,4.38969130557916,0.978575916547013
2023-09-03,4.44633248371566,0.98042045672398
2023-09-04,4.19144718210139,0.97200252347308
2023-09-05,4.04984423676012,0.967189585337749
2023-09-06,3.96488246955537,0.964252103585343
2023-09-07,3.90824129141886,0.962272270059673
2023-09-08,3.8232795242141,0.959269236601403
2023-09-09,3.96488246955537,0.964252103585343
2023-09-10,4.07816482582838,0.968160335537602
2023-09-11,4.19144718210139,0.97200252347308
2023-09-12,4.16312659303313,0.971048008398825
2023-09-13,4.16312659303313,0.971048008398825
2023-09-14,4.13480600396488,0.970089501654909
2023-09-15,4.10648541489663,0.969126959035822
2023-09-16,4.13480600396488,0.970089501654909
2023-09-17,4.21976777116964,0.972953090304182
2023-09-18,4.33305012744265,0.976716717501953
2023-09-19,4.3047295383744,0.975781524310531
2023-09-20,4.38969130557916,0.978575916547013
2023-09-21,4.3613707165109,0.977648168537813
2023-09-22,4.38969130557916,0.978575916547013
2023-09-23,4.44633248371566,0.98042045672398
2023-09-24,4.50297366185217,0.982250638165793
2023-09-25,4.50297366185217,0.982250638165793
2023-09-26,4.44633248371566,0.98042045672398
2023-09-27,4.3613707165109,0.977648168537813
2023-09-28,4.24808836023789,0.973899751558492
2023-09-29,4.24808836023789,0.973899751558492
2023-09-30,4.27640894930615,0.974842549160497
