"parameters","site_reach","model","predicting","mean","ci_lower","ci_upper"
"Conductivity","SFE-M-1S","all","M_cover",-1.17469788961832,-2.73598114243369,0.38752130128515
"Conductivity","SFE-M-2","all","M_cover",-1.78989396014997,-3.1524923972402,-0.405521530549089
"Conductivity","SFE-M-3","all","M_cover",-4.6163616605828,-6.95513217634542,-2.35054328939155
"Conductivity","SFE-M-4","all","M_cover",-1.57181286180228,-2.54890366831305,-0.592212960397013
"Conductivity","SFE-SH-1S","all","M_cover",-1.12499642344868,-2.96821680771941,0.950742094172617
"DIN","SFE-M-1S","all","M_cover",-0.994377351651196,-2.52299898655561,0.265240502557674
"DIN","SFE-M-2","all","M_cover",0.0552581721467581,-0.762855010251121,0.738295936467544
"DIN","SFE-M-3","all","M_cover",0.414792370134293,-0.480276144921218,1.3429958449498
"DIN","SFE-M-4","all","M_cover",-0.220168924611482,-0.940696252213728,0.433093549744608
"DIN","SFE-SH-1S","all","M_cover",-0.228651910345465,-1.25158380845806,0.603957106759716
"Discharge","SFE-M-1S","all","M_cover",-5.27561081751159,-8.79948067981528,-1.96695145978288
"Discharge","SFE-M-2","all","M_cover",-5.86358865133642,-9.20128465703438,-2.65272796417782
"Discharge","SFE-M-3","all","M_cover",-9.44989747321887,-13.915095834822,-5.02864789334059
"Discharge","SFE-M-4","all","M_cover",-5.48127795417596,-8.21561378632285,-2.97600133142631
"Discharge","SFE-SH-1S","all","M_cover",-4.07566223641061,-8.35527904061094,0.27548604733779
"GPP","SFE-M-1S","all","M_cover",0.271424214431428,-0.644908407473474,1.10428634410996
"GPP","SFE-M-2","all","M_cover",0.391336195582364,-0.332569611362368,1.05324753393461
"GPP","SFE-M-3","all","M_cover",-0.595954974274829,-1.71712915508422,0.399666137214761
"GPP","SFE-M-4","all","M_cover",0.350095716310175,-0.16262105565366,0.844063311204212
"GPP","SFE-SH-1S","all","M_cover",-0.054846741949554,-1.01475180217637,0.766878524847589
"OPhos","SFE-M-1S","all","M_cover",1.46329070940575,0.386959495357748,2.70488039047885
"OPhos","SFE-M-2","all","M_cover",0.586786168232511,0.00773072808043478,1.35744560881828
"OPhos","SFE-M-3","all","M_cover",1.90810172312941,0.745881057511043,3.25882304544397
"OPhos","SFE-M-4","all","M_cover",0.433298404510035,-0.018005429989439,0.98354782784854
"OPhos","SFE-SH-1S","all","M_cover",0.943617443819464,0.212084334402594,1.90187835905796
"Temperature","SFE-M-1S","all","M_cover",-0.922795760467138,-1.66265819228152,-0.17721918570338
"Temperature","SFE-M-2","all","M_cover",-0.688905643281227,-1.33219847104815,-0.0215213337066684
"Temperature","SFE-M-3","all","M_cover",0.281846602674908,-0.59170506577117,1.25779706538167
"Temperature","SFE-M-4","all","M_cover",-0.422387357047442,-0.922415170667345,0.10453255086515
"Temperature","SFE-SH-1S","all","M_cover",-0.30644946276208,-1.16491981940064,0.665694812693685
"Conductivity","SFE-M-1S","biochemical","M_cover",0.678304952668572,-0.371312990998685,1.84147230273018
"Conductivity","SFE-M-2","biochemical","M_cover",0.0190650300452039,-0.912016752480022,1.00773945542327
"Conductivity","SFE-M-3","biochemical","M_cover",-0.616427243591126,-1.82992574759183,0.731770399171594
"Conductivity","SFE-M-4","biochemical","M_cover",-0.282925850739179,-0.878328731628734,0.386693054180889
"Conductivity","SFE-SH-1S","biochemical","M_cover",0.0560152016561352,-1.01929912631793,1.22108023619495
"DIN","SFE-M-1S","biochemical","M_cover",-1.34191680148057,-2.82161010664533,-0.0839252648009899
"DIN","SFE-M-2","biochemical","M_cover",-0.261226384853333,-1.20700893708472,0.487636660424089
"DIN","SFE-M-3","biochemical","M_cover",0.214564883615452,-0.743425031582623,1.11629127181491
"DIN","SFE-M-4","biochemical","M_cover",-0.430502735311436,-1.12952296345811,0.224007128639567
"DIN","SFE-SH-1S","biochemical","M_cover",-0.548559136929697,-1.60562616855625,0.308777476841657
"GPP","SFE-M-1S","biochemical","M_cover",-0.779324884434397,-1.66499539666217,-0.0523479013447958
"GPP","SFE-M-2","biochemical","M_cover",-0.549495921511956,-1.02115642017462,-0.149509594374159
"GPP","SFE-M-3","biochemical","M_cover",-0.884298922139505,-1.40164959118575,-0.444225237267513
"GPP","SFE-M-4","biochemical","M_cover",-0.425474713084161,-0.730764204128432,-0.164737797579478
"GPP","SFE-SH-1S","biochemical","M_cover",-0.499081935064845,-0.963887151686134,-0.109064198588958
"OPhos","SFE-M-1S","biochemical","M_cover",2.07860353640935,0.860141897234945,3.46492885241957
"OPhos","SFE-M-2","biochemical","M_cover",0.788409376910906,0.0763443854859874,1.69615551672995
"OPhos","SFE-M-3","biochemical","M_cover",0.574831306730907,-0.225256566705501,1.54351022709964
"OPhos","SFE-M-4","biochemical","M_cover",0.55597553864915,0.0407429065580612,1.15161443664708
"OPhos","SFE-SH-1S","biochemical","M_cover",1.09677656698187,0.331101313957286,2.01997774620097
"GPP","SFE-M-1S","biological","M_cover",-0.976537996359644,-1.5740737144057,-0.503083440676385
"GPP","SFE-M-2","biological","M_cover",-0.656696578577816,-1.05401605028227,-0.335680836154099
"GPP","SFE-M-3","biological","M_cover",-0.95272358065322,-1.45485643961815,-0.54794343395936
"GPP","SFE-M-4","biological","M_cover",-0.431011898915981,-0.727967898120814,-0.18592706767455
"GPP","SFE-SH-1S","biological","M_cover",-0.642705077340649,-1.05290085277094,-0.315933372725336
"Conductivity","SFE-M-1S","chemical","M_cover",0.316469407107378,-0.625273789625311,1.31314245108836
"Conductivity","SFE-M-1S","physicochemical","M_cover",-0.799200866091588,-2.03007452055442,0.332743579428367
"Conductivity","SFE-M-2","chemical","M_cover",0.0135797520073106,-0.848786062862634,0.933873773102139
"Conductivity","SFE-M-2","physicochemical","M_cover",-1.2661744299036,-2.46100483540971,-0.128627736052308
"Conductivity","SFE-M-3","chemical","M_cover",-0.518183190584423,-1.7430202305076,0.768594258332078
"Conductivity","SFE-M-3","physicochemical","M_cover",-3.99269152121982,-5.8107550521933,-2.2216034018519
"Conductivity","SFE-M-4","chemical","M_cover",-0.279757949475422,-0.864322777033133,0.369039248828034
"Conductivity","SFE-M-4","physicochemical","M_cover",-1.13072921814844,-1.93895031027189,-0.35616645790582
"Conductivity","SFE-SH-1S","chemical","M_cover",0.0930295659643711,-0.896584199180103,1.17339462082399
"Conductivity","SFE-SH-1S","physicochemical","M_cover",-1.11010786538732,-2.45665374527831,0.186416841370751
"DIN","SFE-M-1S","chemical","M_cover",-0.485780276012714,-1.40388404800056,0.349200933868226
"DIN","SFE-M-1S","physicochemical","M_cover",-1.23580405197762,-2.46052062788726,-0.0819112131213348
"DIN","SFE-M-2","chemical","M_cover",-0.0612855573420258,-0.77666260888061,0.566506995929905
"DIN","SFE-M-2","physicochemical","M_cover",-0.0659485519709118,-0.926832078380066,0.661368602001546
"DIN","SFE-M-3","chemical","M_cover",0.261770838450765,-0.608531861140235,1.10046890815908
"DIN","SFE-M-3","physicochemical","M_cover",0.418194723126837,-0.408158736633352,1.27233227825081
"DIN","SFE-M-4","chemical","M_cover",-0.295793682796342,-0.894724373970586,0.27855774144365
"DIN","SFE-M-4","physicochemical","M_cover",-0.416209544046328,-1.10415603455405,0.245704625792014
"DIN","SFE-SH-1S","chemical","M_cover",-0.328829062360681,-1.18606677717358,0.380927045463854
"DIN","SFE-SH-1S","physicochemical","M_cover",-0.224865298185947,-1.13391936015786,0.5470791321141
"Discharge","SFE-M-1S","physicochemical","M_cover",-4.52079519771059,-7.37648244179118,-1.89136630808301
"Discharge","SFE-M-2","physicochemical","M_cover",-4.65966430892772,-7.47323861560329,-2.1580036765066
"Discharge","SFE-M-3","physicochemical","M_cover",-9.03961665176138,-12.6658023842221,-5.5922565290038
"Discharge","SFE-M-4","physicochemical","M_cover",-4.33448361761218,-6.5464155221079,-2.4110165632042
"Discharge","SFE-SH-1S","physicochemical","M_cover",-4.05087672225023,-7.06437174761559,-1.26813717995165
"OPhos","SFE-M-1S","chemical","M_cover",2.06167716106765,1.08688305926048,3.23563930875362
"OPhos","SFE-M-1S","physicochemical","M_cover",1.53753492410626,0.43208060420354,2.75477709299829
"OPhos","SFE-M-2","chemical","M_cover",0.958112143952945,0.345961642579325,1.81028000648239
"OPhos","SFE-M-2","physicochemical","M_cover",0.686863348727711,0.0502987495092418,1.47436219557879
"OPhos","SFE-M-3","chemical","M_cover",0.883067601191654,0.0503052914310133,1.92232706931539
"OPhos","SFE-M-3","physicochemical","M_cover",1.38576377335423,0.409686731234987,2.4640788428481
"OPhos","SFE-M-4","chemical","M_cover",0.593935872253179,0.152895102021471,1.15632137779239
"OPhos","SFE-M-4","physicochemical","M_cover",0.5632585114357,0.0745631953192392,1.09777779551097
"OPhos","SFE-SH-1S","chemical","M_cover",1.20756201850741,0.543754024307037,2.10346512238362
"OPhos","SFE-SH-1S","physicochemical","M_cover",0.909713833598439,0.210024336571889,1.75730776613688
"Temperature","SFE-M-1S","physicochemical","M_cover",-0.792199659170682,-1.46268602417797,-0.168525027820685
"Temperature","SFE-M-2","physicochemical","M_cover",-0.382713619429598,-0.785848173266024,0.00366383245375749
"Temperature","SFE-M-3","physicochemical","M_cover",-0.177257036622088,-0.607195078246636,0.243843517137643
"Temperature","SFE-M-4","physicochemical","M_cover",-0.136095763608451,-0.470676272947634,0.189753500308875
"Temperature","SFE-SH-1S","physicochemical","M_cover",-0.339286082003959,-0.821191454515474,0.119497151220072
"Discharge","SFE-M-1S","ecohydrological","M_cover",-3.82924368304877,-6.51174197523679,-1.29578040050309
"Discharge","SFE-M-2","ecohydrological","M_cover",-3.52454308976285,-6.0546871617375,-1.17909128888049
"Discharge","SFE-M-3","ecohydrological","M_cover",-3.33483877571316,-6.0368583007138,-0.773554712149452
"Discharge","SFE-M-4","ecohydrological","M_cover",-3.32349603731332,-5.67298503434257,-1.14251309788487
"Discharge","SFE-SH-1S","ecohydrological","M_cover",-2.98957428480144,-5.58900197340563,-0.408040665217557
"GPP","SFE-M-1S","ecohydrological","M_cover",-0.163377502669146,-0.947942133631466,0.509467599147109
"GPP","SFE-M-2","ecohydrological","M_cover",-0.0627431029645641,-0.629653281259012,0.447512405536998
"GPP","SFE-M-3","ecohydrological","M_cover",-0.519895669215058,-1.34693567617627,0.199207015589443
"GPP","SFE-M-4","ecohydrological","M_cover",-0.140839872778961,-0.575975916060995,0.277413193366417
"GPP","SFE-SH-1S","ecohydrological","M_cover",-0.203862706222877,-0.782065958756316,0.333012160784638
"Temperature","SFE-M-1S","ecohydrological","M_cover",-0.428117486707409,-0.913472954012013,0.0343944516642075
"Temperature","SFE-M-2","ecohydrological","M_cover",-0.301726867173243,-0.709320436882412,0.0997106187227331
"Temperature","SFE-M-3","ecohydrological","M_cover",-0.117227712307604,-0.666688291070228,0.471333807276436
"Temperature","SFE-M-4","ecohydrological","M_cover",0.0628326035918426,-0.332033406049365,0.461320093838305
"Temperature","SFE-SH-1S","ecohydrological","M_cover",-0.23292007175566,-0.652544248443472,0.196977276337114
"Discharge","SFE-M-1S","physical","M_cover",-3.58479941209318,-5.81624111943446,-1.49721436027771
"Discharge","SFE-M-2","physical","M_cover",-3.27653293235917,-5.39205729696077,-1.28728662853716
"Discharge","SFE-M-3","physical","M_cover",-3.65823300245563,-5.83332077648575,-1.61728234617075
"Discharge","SFE-M-4","physical","M_cover",-3.37186079502198,-5.29135826490515,-1.63954258821166
"Discharge","SFE-SH-1S","physical","M_cover",-3.04672244376606,-5.23349395665919,-1.02447215977882
"Temperature","SFE-M-1S","physical","M_cover",-0.493299122403031,-0.892137413060825,-0.156609067928413
"Temperature","SFE-M-2","physical","M_cover",-0.341613066139896,-0.664240621719514,-0.0476213174198565
"Temperature","SFE-M-3","physical","M_cover",-0.416499538429337,-0.803368624711846,-0.0548469381964015
"Temperature","SFE-M-4","physical","M_cover",-0.0299544258650566,-0.34678912006772,0.273258122522423
"Temperature","SFE-SH-1S","physical","M_cover",-0.341819273056154,-0.694465802356147,-0.0353858792911577
"Conductivity","SFE-M-2","all","AC_cover",-1.64579040264517,-2.89734111381262,-0.604341600561653
"Conductivity","SFE-M-3","all","AC_cover",-1.46851628372437,-3.10499982836727,-0.0587722613434102
"Conductivity","SFE-M-4","all","AC_cover",-1.69623815609714,-3.51055427502783,-0.0229530938989444
"Conductivity","SFE-SH-1S","all","AC_cover",-4.05403847759996,-6.13919193877561,-2.32728740206474
"DIN","SFE-M-2","all","AC_cover",0.170723703187445,-0.310096983348141,0.624551584301131
"DIN","SFE-M-3","all","AC_cover",0.20087838809559,-0.450302188801071,0.877716895502107
"DIN","SFE-M-4","all","AC_cover",-0.0681347783204118,-0.83255663007639,0.609190376820881
"DIN","SFE-SH-1S","all","AC_cover",0.154612455352301,-1.20367932085773,1.2717020189782
"Discharge","SFE-M-2","all","AC_cover",1.02924357056561,-2.60205249875528,4.19885067225346
"Discharge","SFE-M-3","all","AC_cover",1.57512961393252,-1.89492422070331,4.79384491059835
"Discharge","SFE-M-4","all","AC_cover",-3.14415267825623,-7.44645291777761,0.920005206081389
"Discharge","SFE-SH-1S","all","AC_cover",-2.47471334442924,-6.28940231488554,1.18404882021722
"GPP","SFE-M-2","all","AC_cover",-0.19890019240191,-1.38749733111397,1.07807366805047
"GPP","SFE-M-3","all","AC_cover",-0.1221160693242,-1.82700422802076,1.59909725026194
"GPP","SFE-M-4","all","AC_cover",1.22767271203136,-0.106725791838276,2.60926033475561
"GPP","SFE-SH-1S","all","AC_cover",0.72184162710266,-0.437669681058771,1.96661516929445
"OPhos","SFE-M-2","all","AC_cover",-0.330208650710402,-1.03448336740701,0.204483550265957
"OPhos","SFE-M-3","all","AC_cover",-0.822380304693315,-2.01247650262964,0.0711570545046778
"OPhos","SFE-M-4","all","AC_cover",-1.26911740834621,-2.41788074088115,-0.397912161643453
"OPhos","SFE-SH-1S","all","AC_cover",1.12672049063662,0.262502024765651,2.18022455322922
"Temperature","SFE-M-2","all","AC_cover",-0.192472867790851,-1.02642722401256,0.565240010450252
"Temperature","SFE-M-3","all","AC_cover",0.215112945579394,-1.09642481339346,1.57864682537405
"Temperature","SFE-M-4","all","AC_cover",-1.28028030820941,-2.4362804356707,-0.179157469164947
"Temperature","SFE-SH-1S","all","AC_cover",-0.234422958212372,-1.09964877780201,0.664259576511182
"Conductivity","SFE-M-2","biochemical","AC_cover",-1.9302213553356,-2.88295176292131,-1.1094914228639
"Conductivity","SFE-M-3","biochemical","AC_cover",-1.61620236717517,-2.91539820464855,-0.570842402566396
"Conductivity","SFE-M-4","biochemical","AC_cover",-1.79048060988927,-3.14941771996692,-0.440892552138328
"Conductivity","SFE-SH-1S","biochemical","AC_cover",-3.31287314757124,-4.59546456136815,-2.24060162753771
"DIN","SFE-M-2","biochemical","AC_cover",0.20314300226619,-0.267301016737928,0.651792025595019
"DIN","SFE-M-3","biochemical","AC_cover",0.229894035681778,-0.416854755043135,0.898436836189426
"DIN","SFE-M-4","biochemical","AC_cover",-0.0997527076125114,-0.884321450423703,0.552391469370381
"DIN","SFE-SH-1S","biochemical","AC_cover",0.103227538937562,-1.05869911401434,1.05492779650102
"GPP","SFE-M-2","biochemical","AC_cover",-0.438304848220215,-1.19257944814292,0.442147060828198
"GPP","SFE-M-3","biochemical","AC_cover",0.114080084311096,-0.866949469462269,1.2602069290021
"GPP","SFE-M-4","biochemical","AC_cover",-0.0331801784319245,-0.799886077951222,0.998783217503947
"GPP","SFE-SH-1S","biochemical","AC_cover",0.266126996347198,-0.323982719537485,1.09053734207116
"OPhos","SFE-M-2","biochemical","AC_cover",-0.45303510623457,-0.995789851492011,0.0279393148771744
"OPhos","SFE-M-3","biochemical","AC_cover",-0.852763875948782,-1.98587052630237,0.0206599136377922
"OPhos","SFE-M-4","biochemical","AC_cover",-1.05768251493885,-2.03665678932456,-0.300743170695305
"OPhos","SFE-SH-1S","biochemical","AC_cover",0.928041455524759,0.190178517892963,1.75633174643212
"GPP","SFE-M-2","biological","AC_cover",0.417991664084426,-0.360653084111432,1.44435670919542
"GPP","SFE-M-3","biological","AC_cover",1.05485753365176,0.333724832027048,2.1093491096637
"GPP","SFE-M-4","biological","AC_cover",0.92810631438192,0.237611149650793,1.95199264448026
"GPP","SFE-SH-1S","biological","AC_cover",0.75789218026786,0.199886591881032,1.60879422252366
"Conductivity","SFE-M-1S","chemical","AC_cover",-2.2224516136629,-3.33848842305662,-1.26590106778785
"Conductivity","SFE-M-1S","physicochemical","AC_cover",-1.94419803895582,-3.3501618441199,-0.731970218096831
"Conductivity","SFE-M-2","chemical","AC_cover",-1.87227761796314,-2.80575317733496,-1.04084078664536
"Conductivity","SFE-M-2","physicochemical","AC_cover",-1.4534647411838,-2.51424223528778,-0.53885665363446
"Conductivity","SFE-M-3","chemical","AC_cover",-1.50419832208453,-2.67968666034354,-0.50611295630619
"Conductivity","SFE-M-3","physicochemical","AC_cover",-1.23803725561455,-2.6288442625908,-0.0460307541753957
"Conductivity","SFE-M-4","chemical","AC_cover",-1.66303019932738,-2.92576770538669,-0.395665719093487
"Conductivity","SFE-M-4","physicochemical","AC_cover",-1.7356783507135,-3.32803849670462,-0.219121715070858
"Conductivity","SFE-SH-1S","chemical","AC_cover",-3.1054746339837,-4.22304671386301,-2.12149208420093
"Conductivity","SFE-SH-1S","physicochemical","AC_cover",-3.36529357190391,-5.01634272541658,-1.899572326171
"DIN","SFE-M-1S","chemical","AC_cover",0.250291939292906,-0.310356808275444,0.748550633782783
"DIN","SFE-M-1S","physicochemical","AC_cover",0.226163436914299,-0.343669669293639,0.734565226786523
"DIN","SFE-M-2","chemical","AC_cover",0.201135552402799,-0.27674013744009,0.647388406765293
"DIN","SFE-M-2","physicochemical","AC_cover",0.142969940013239,-0.318382580898854,0.577015694910462
"DIN","SFE-M-3","chemical","AC_cover",0.190423944757644,-0.406945321160367,0.813697045387616
"DIN","SFE-M-3","physicochemical","AC_cover",0.144628585625407,-0.497251605862685,0.789938972638026
"DIN","SFE-M-4","chemical","AC_cover",-0.12217186404978,-0.888652269302478,0.506966179519116
"DIN","SFE-M-4","physicochemical","AC_cover",-0.14558154885284,-0.946080607181555,0.520696617667049
"DIN","SFE-SH-1S","chemical","AC_cover",0.0888076912926575,-1.01640727777529,1.02140908043493
"DIN","SFE-SH-1S","physicochemical","AC_cover",0.0844178861039274,-1.11428461017729,1.06660085740991
"Discharge","SFE-M-1S","physicochemical","AC_cover",2.66242623606892,-0.86865238148512,5.87223933245174
"Discharge","SFE-M-2","physicochemical","AC_cover",1.15912825763669,-2.26431973222607,4.21627394457944
"Discharge","SFE-M-3","physicochemical","AC_cover",1.66664228537703,-1.64932387517778,4.85672942396592
"Discharge","SFE-M-4","physicochemical","AC_cover",-1.46893244135285,-5.04375422136623,1.95574612142008
"Discharge","SFE-SH-1S","physicochemical","AC_cover",-0.746858268826906,-3.98079383692562,2.37124291592781
"OPhos","SFE-M-1S","chemical","AC_cover",-0.746336594753581,-1.41898177766522,-0.181291318187582
"OPhos","SFE-M-1S","physicochemical","AC_cover",-0.470631914947506,-1.23778716734956,0.114897164374416
"OPhos","SFE-M-2","chemical","AC_cover",-0.375085061016,-0.906501594729988,0.0888993242717231
"OPhos","SFE-M-2","physicochemical","AC_cover",-0.272598310255369,-0.940935437202401,0.233448979878111
"OPhos","SFE-M-3","chemical","AC_cover",-0.814432841915292,-1.76674038694937,-0.100825847747475
"OPhos","SFE-M-3","physicochemical","AC_cover",-0.716920385606986,-1.76633908807772,0.0800755255533643
"OPhos","SFE-M-4","chemical","AC_cover",-0.996412862729913,-1.95680040860007,-0.310890348156937
"OPhos","SFE-M-4","physicochemical","AC_cover",-1.40747957445182,-2.65094761992565,-0.452334743580613
"OPhos","SFE-SH-1S","chemical","AC_cover",0.812348963205466,0.135460753634658,1.53542570352021
"OPhos","SFE-SH-1S","physicochemical","AC_cover",0.792498638038032,0.0886701374073187,1.54358689447838
"Temperature","SFE-M-1S","physicochemical","AC_cover",0.284346448626565,-0.415161103996566,1.04414717881388
"Temperature","SFE-M-2","physicochemical","AC_cover",-0.308715512262977,-0.82053815607573,0.203974531804238
"Temperature","SFE-M-3","physicochemical","AC_cover",0.0869748599140011,-0.718627120758593,0.926342107347638
"Temperature","SFE-M-4","physicochemical","AC_cover",-0.444983569247272,-1.05020095734296,0.147178751133859
"Temperature","SFE-SH-1S","physicochemical","AC_cover",0.0816249957008034,-0.40901696365399,0.598952698020432
"Discharge","SFE-M-2","ecohydrological","AC_cover",3.81294904931705,1.32183858189714,6.13514353583902
"Discharge","SFE-M-3","ecohydrological","AC_cover",3.62580896155869,0.967297862493308,6.2400689272989
"Discharge","SFE-M-4","ecohydrological","AC_cover",1.6483164714662,-1.37495183508713,4.59601687249954
"Discharge","SFE-SH-1S","ecohydrological","AC_cover",3.62343197547917,0.822043534297335,6.34359239815043
"GPP","SFE-M-2","ecohydrological","AC_cover",0.61549714587873,-0.289953595411242,1.76753724115264
"GPP","SFE-M-3","ecohydrological","AC_cover",0.998817011870506,-0.097445620676578,2.3758900772918
"GPP","SFE-M-4","ecohydrological","AC_cover",1.6485430884845,0.526837393335113,3.0389113674454
"GPP","SFE-SH-1S","ecohydrological","AC_cover",0.805779615142,-0.162023885774556,2.06375010836043
"Temperature","SFE-M-2","ecohydrological","AC_cover",-0.656387123541418,-1.25080323529159,-0.156505683603338
"Temperature","SFE-M-3","ecohydrological","AC_cover",-0.54560651699165,-1.33699122300699,0.122417058152188
"Temperature","SFE-M-4","ecohydrological","AC_cover",-1.13546806424511,-2.0240094502241,-0.412068418727088
"Temperature","SFE-SH-1S","ecohydrological","AC_cover",-0.731529974420223,-1.45422084181635,-0.150350467413797
"Discharge","SFE-M-1S","physical","AC_cover",4.89756496007852,3.0312084997441,7.06563291464297
"Discharge","SFE-M-2","physical","AC_cover",4.09297422031549,2.23126357783355,5.97829756735242
"Discharge","SFE-M-3","physical","AC_cover",4.26508700028582,2.46755464086393,6.22106716804805
"Discharge","SFE-M-4","physical","AC_cover",3.76375710676289,1.93384558487852,5.72267670102219
"Discharge","SFE-SH-1S","physical","AC_cover",4.47687927655335,2.7585376525657,6.40137853344146
"Temperature","SFE-M-1S","physical","AC_cover",-0.318404796318944,-0.769991539869155,0.11915903097953
"Temperature","SFE-M-2","physical","AC_cover",-0.453875059847468,-0.819198086721087,-0.110191497414572
"Temperature","SFE-M-3","physical","AC_cover",-0.185548725309307,-0.632865538025699,0.260006128055829
"Temperature","SFE-M-4","physical","AC_cover",-0.348442707884321,-0.757590796646741,0.0798298738848091
"Temperature","SFE-SH-1S","physical","AC_cover",-0.402969846588021,-0.778235142435754,-0.0492349170545625
"Conductivity","SFE-M-1S","all","M_atx",40.6538742059354,13.3238708531789,71.3375743027522
"Conductivity","SFE-M-2","all","M_atx",35.3594793605465,10.6133007451764,62.5649417463451
"Conductivity","SFE-M-3","all","M_atx",30.9753167376391,1.18400308952482,62.8389547835499
"Conductivity","SFE-M-4","all","M_atx",51.3776555671106,27.5401463018371,77.8341463448402
"Conductivity","SFE-SH-1S","all","M_atx",50.8217749319172,28.3418806759111,75.9867974553843
"DIN","SFE-M-1S","all","M_atx",-2.26552623976214,-17.1003740650457,12.7118047156119
"DIN","SFE-M-2","all","M_atx",-1.12538310419301,-16.7811072772623,14.0137615871038
"DIN","SFE-M-3","all","M_atx",0.163073812598643,-16.5715068016207,17.9653724650534
"DIN","SFE-M-4","all","M_atx",1.01014635084026,-12.3718496775103,13.6937544244878
"DIN","SFE-SH-1S","all","M_atx",-9.51398876594463,-23.317575026466,3.75303626073885
"Discharge","SFE-M-1S","all","M_atx",-26.9401983473789,-59.4416273154335,5.31473313501846
"Discharge","SFE-M-2","all","M_atx",-31.3816185018779,-60.6028932908422,-2.1556984884039
"Discharge","SFE-M-3","all","M_atx",-31.8694282290804,-63.9863328190626,0.324386481666338
"Discharge","SFE-M-4","all","M_atx",-29.4230682687288,-57.0140387435462,-1.4850077929328
"Discharge","SFE-SH-1S","all","M_atx",-12.1168460205538,-37.5534738895976,13.8457828953174
"GPP","SFE-M-1S","all","M_atx",1.33481640684793,-2.71269878847917,5.34160016540975
"GPP","SFE-M-2","all","M_atx",0.15850791005215,-3.72905387391249,4.04510145711487
"GPP","SFE-M-3","all","M_atx",0.359402479316705,-3.49100924396417,4.21419734595394
"GPP","SFE-M-4","all","M_atx",1.4566648331625,-2.39492052054881,5.3618241833548
"GPP","SFE-SH-1S","all","M_atx",0.811161382722597,-3.06162191976717,4.64438317670297
"OPhos","SFE-M-1S","all","M_atx",5.12526580010771,-10.0388684730355,20.2758283251089
"OPhos","SFE-M-2","all","M_atx",-2.20216241050651,-17.0730412909042,12.3016840026001
"OPhos","SFE-M-3","all","M_atx",2.1320141472587,-13.6149518056116,17.7773560044243
"OPhos","SFE-M-4","all","M_atx",-10.8619228099406,-24.5037434967841,2.06634682653236
"OPhos","SFE-SH-1S","all","M_atx",-8.08341333202008,-22.1833901469233,5.18486966776264
"Temperature","SFE-M-1S","all","M_atx",4.38903813453424,-12.2939788460964,19.228645060853
"Temperature","SFE-M-2","all","M_atx",-11.3380347746272,-29.9400098347369,4.46963783150131
"Temperature","SFE-M-3","all","M_atx",-1.64837003924605,-20.2211983641681,14.5716019835886
"Temperature","SFE-M-4","all","M_atx",-17.8939775558365,-34.0272596429196,-4.48392717795157
"Temperature","SFE-SH-1S","all","M_atx",1.75754046320209,-12.9720228143324,15.3018799465474
"Conductivity","SFE-M-1S","all_w_cover","M_atx",31.6282998177256,7.08307134864361,59.7100734950923
"Conductivity","SFE-M-2","all_w_cover","M_atx",33.4271469281094,8.66546542175698,62.1646008201827
"Conductivity","SFE-M-3","all_w_cover","M_atx",29.5855932093023,-0.22287652450429,62.6630337041709
"Conductivity","SFE-M-4","all_w_cover","M_atx",43.7508656969093,22.1683835113281,68.624667606048
"Conductivity","SFE-SH-1S","all_w_cover","M_atx",45.9970694336101,23.2323573132066,71.632302265613
"Cover","SFE-M-1S","all_w_cover","M_atx",2.33937735748095,-1.3181395758745,5.89851109643543
"Cover","SFE-M-2","all_w_cover","M_atx",2.19166593817352,-1.44782560402869,5.85575443192238
"Cover","SFE-M-3","all_w_cover","M_atx",1.53152360727409,-2.03746347437628,5.12756726005593
"Cover","SFE-M-4","all_w_cover","M_atx",-0.648813785217383,-4.10877321492731,2.92795725625465
"Cover","SFE-SH-1S","all_w_cover","M_atx",1.7412696380632,-1.909696858856,5.36593313857786
"DIN","SFE-M-1S","all_w_cover","M_atx",-1.88740788159311,-15.8984407882131,12.3545184969229
"DIN","SFE-M-2","all_w_cover","M_atx",-0.602822373827099,-16.4265238220547,14.2303374980196
"DIN","SFE-M-3","all_w_cover","M_atx",-0.373354180591981,-17.8011861590884,17.3651523127888
"DIN","SFE-M-4","all_w_cover","M_atx",0.956905143723552,-11.4113164637879,12.9022764196066
"DIN","SFE-SH-1S","all_w_cover","M_atx",-10.0794576093535,-23.5470627750049,3.22612633404415
"Discharge","SFE-M-1S","all_w_cover","M_atx",-40.1217259179577,-69.2299120600087,-9.97745820552054
"Discharge","SFE-M-2","all_w_cover","M_atx",-32.9194813516879,-63.003833115267,-1.27043568342085
"Discharge","SFE-M-3","all_w_cover","M_atx",-35.145602791348,-68.5921563147803,-0.64437322631866
"Discharge","SFE-M-4","all_w_cover","M_atx",-43.36154067565,-68.5486990274859,-16.9476615945077
"Discharge","SFE-SH-1S","all_w_cover","M_atx",-18.8333740636697,-45.9474871311098,8.73341199044251
"GPP","SFE-M-1S","all_w_cover","M_atx",28.0269907720803,11.3569173787182,47.391963963063
"GPP","SFE-M-2","all_w_cover","M_atx",4.04362488127934,-14.9800128734799,22.8927879385243
"GPP","SFE-M-3","all_w_cover","M_atx",8.32681550968286,-10.2129906226104,26.6986308096235
"GPP","SFE-M-4","all_w_cover","M_atx",19.9604649135553,6.40855547940102,34.4872875526835
"GPP","SFE-SH-1S","all_w_cover","M_atx",10.962269843193,-3.13552011164907,25.171056140136
"OPhos","SFE-M-1S","all_w_cover","M_atx",13.9448654062631,-1.26315396247923,30.0098159293975
"OPhos","SFE-M-2","all_w_cover","M_atx",-1.46102552404613,-17.3055862591634,14.0029377559669
"OPhos","SFE-M-3","all_w_cover","M_atx",3.96385459424138,-12.4850818328657,20.3303457503156
"OPhos","SFE-M-4","all_w_cover","M_atx",-6.49326783269499,-19.4545708125672,5.87489342844138
"OPhos","SFE-SH-1S","all_w_cover","M_atx",-4.91725935353027,-19.4707128672327,8.92684349647847
"Temperature","SFE-M-1S","all_w_cover","M_atx",-10.9921200618771,-30.9920331729841,6.47909585235037
"Temperature","SFE-M-2","all_w_cover","M_atx",-14.6248125425074,-37.3614119300094,5.49254341356743
"Temperature","SFE-M-3","all_w_cover","M_atx",-7.69800050710889,-30.7438741280084,12.6006894229234
"Temperature","SFE-M-4","all_w_cover","M_atx",-31.3142526111932,-50.6447070445063,-14.7631645075164
"Temperature","SFE-SH-1S","all_w_cover","M_atx",-5.71794770104347,-23.4184533300959,10.9187597628282
"Conductivity","SFE-M-1S","biochemical","M_atx",62.2896571258498,47.0029264877005,79.8613678914954
"Conductivity","SFE-M-2","biochemical","M_atx",57.3257911048801,42.8977603311318,73.8407046421111
"Conductivity","SFE-M-3","biochemical","M_atx",56.6621262633458,40.4640221607432,74.7869372521254
"Conductivity","SFE-M-4","biochemical","M_atx",69.374463740062,56.4896100658329,84.1084550518904
"Conductivity","SFE-SH-1S","biochemical","M_atx",59.9764733295154,46.8170002171534,74.6719403813273
"DIN","SFE-M-1S","biochemical","M_atx",-6.74999780183598,-21.3294357501557,8.00772112221557
"DIN","SFE-M-2","biochemical","M_atx",-5.55807817936555,-21.0556597092846,9.79946798725994
"DIN","SFE-M-3","biochemical","M_atx",-6.1748601860189,-21.5308236990352,9.53950959517555
"DIN","SFE-M-4","biochemical","M_atx",-4.30926052697251,-17.6431362604202,8.72944046752562
"DIN","SFE-SH-1S","biochemical","M_atx",-12.0116093687538,-24.5807394562382,0.750070214981605
"GPP","SFE-M-1S","biochemical","M_atx",1.8643491421713,-2.82298294870597,6.41061829282484
"GPP","SFE-M-2","biochemical","M_atx",-0.728555515990385,-5.38293919881566,3.86943297444083
"GPP","SFE-M-3","biochemical","M_atx",0.155821178474986,-4.41901311233151,4.76426840197791
"GPP","SFE-M-4","biochemical","M_atx",0.0118416316585777,-4.49270742612745,4.50286651710514
"GPP","SFE-SH-1S","biochemical","M_atx",1.08989323023962,-3.4349354776305,5.60332736870012
"OPhos","SFE-M-1S","biochemical","M_atx",1.86675411905914,-12.0566295371926,16.2769553384685
"OPhos","SFE-M-2","biochemical","M_atx",-0.319748228662984,-13.6785216334801,13.4058853018248
"OPhos","SFE-M-3","biochemical","M_atx",0.934112752593262,-13.1765340878903,15.3372214920539
"OPhos","SFE-M-4","biochemical","M_atx",-4.40752421009653,-16.4654017466667,7.76116016142854
"OPhos","SFE-SH-1S","biochemical","M_atx",-8.96054355578369,-21.9211897153014,3.41221167797502
"Conductivity","SFE-M-1S","biochemical_w_cover","M_atx",60.154336171519,45.6808616476538,76.9926013903939
"Conductivity","SFE-M-2","biochemical_w_cover","M_atx",55.9618403605332,41.1703310427577,73.3427060684288
"Conductivity","SFE-M-3","biochemical_w_cover","M_atx",56.0009518562712,39.7661826260728,74.1970246451694
"Conductivity","SFE-M-4","biochemical_w_cover","M_atx",70.082446402501,56.5529633721353,85.7426779915408
"Conductivity","SFE-SH-1S","biochemical_w_cover","M_atx",57.9655033065549,44.8677127569666,72.7962269416542
"Cover","SFE-M-1S","biochemical_w_cover","M_atx",3.04267114295476,-1.16687895340682,7.20474636910815
"Cover","SFE-M-2","biochemical_w_cover","M_atx",2.9265201366225,-1.31016835937089,7.09352415698769
"Cover","SFE-M-3","biochemical_w_cover","M_atx",2.18499473604778,-2.06633143295961,6.39667097041738
"Cover","SFE-M-4","biochemical_w_cover","M_atx",-0.659780775560396,-4.95005003079044,3.58672113061414
"Cover","SFE-SH-1S","biochemical_w_cover","M_atx",2.32171585182132,-1.76682258300517,6.39133276465726
"DIN","SFE-M-1S","biochemical_w_cover","M_atx",-7.05887160594018,-20.6285596812371,7.0566230000581
"DIN","SFE-M-2","biochemical_w_cover","M_atx",-4.81287726313122,-20.4355779098897,10.2656574899966
"DIN","SFE-M-3","biochemical_w_cover","M_atx",-6.26873923189234,-21.3895368962209,9.55828333649077
"DIN","SFE-M-4","biochemical_w_cover","M_atx",-4.24651147878652,-17.847732409696,9.48659314124493
"DIN","SFE-SH-1S","biochemical_w_cover","M_atx",-12.1639029381087,-24.8537456475795,0.412748270104283
"GPP","SFE-M-1S","biochemical_w_cover","M_atx",18.7924365629754,4.54678979049592,33.9387504858525
"GPP","SFE-M-2","biochemical_w_cover","M_atx",-6.81244639911841,-22.1153976014266,7.01121072608374
"GPP","SFE-M-3","biochemical_w_cover","M_atx",1.57446846492102,-13.3874330300851,15.9028967269287
"GPP","SFE-M-4","biochemical_w_cover","M_atx",-0.267423789959222,-12.0738875881202,11.5761367619169
"GPP","SFE-SH-1S","biochemical_w_cover","M_atx",6.84951023887919,-4.27083324488255,18.1854206985392
"OPhos","SFE-M-1S","biochemical_w_cover","M_atx",10.6278814045211,-4.31735135033983,26.12140189291
"OPhos","SFE-M-2","biochemical_w_cover","M_atx",-3.67009572872433,-19.1531346093086,11.9667970150926
"OPhos","SFE-M-3","biochemical_w_cover","M_atx",1.5177397991441,-13.8600784189299,17.1586616502746
"OPhos","SFE-M-4","biochemical_w_cover","M_atx",-4.45077141388602,-17.9381035451852,8.84718806651468
"OPhos","SFE-SH-1S","biochemical_w_cover","M_atx",-5.65371174661352,-19.9519592481915,7.65025426911125
"GPP","SFE-M-1S","biological","M_atx",-2.07350279341789,-10.9248520002795,6.79009185298864
"GPP","SFE-M-2","biological","M_atx",-6.26344430687011,-15.2358858755706,2.74052485964356
"GPP","SFE-M-3","biological","M_atx",-4.46446284144725,-13.0797827789053,4.33367927340501
"GPP","SFE-M-4","biological","M_atx",-5.33415773346716,-14.3009703354909,3.58539144071719
"GPP","SFE-SH-1S","biological","M_atx",-3.40813858040347,-12.0632827086334,5.46926426919865
"Cover","SFE-M-1S","biological_w_cover","M_atx",6.37650546346932,-0.460093300688605,13.1796331886651
"Cover","SFE-M-2","biological_w_cover","M_atx",8.48429633543784,1.58286878140661,15.2688914982406
"Cover","SFE-M-3","biological_w_cover","M_atx",6.0362982666395,-0.833995404918579,12.738977607616
"Cover","SFE-M-4","biological_w_cover","M_atx",3.95529822416126,-2.76405533807542,10.735928173459
"Cover","SFE-SH-1S","biological_w_cover","M_atx",7.69430552164354,0.915468493818103,14.2802380426112
"GPP","SFE-M-1S","biological_w_cover","M_atx",-9.38557604096936,-32.0797210184476,11.8268443556777
"GPP","SFE-M-2","biological_w_cover","M_atx",-26.9849974662997,-48.3181403018011,-9.07981035427689
"GPP","SFE-M-3","biological_w_cover","M_atx",-20.8088596707273,-42.2970462580842,-1.32535036620022
"GPP","SFE-M-4","biological_w_cover","M_atx",-30.5821203813908,-57.3306967684509,-7.31974087943204
"GPP","SFE-SH-1S","biological_w_cover","M_atx",-12.1694404549854,-31.6934598323128,5.95292688392469
"Conductivity","SFE-M-1S","chemical","M_atx",5.09285548594358,-0.63648724187836,10.7086178164225
"Conductivity","SFE-M-1S","physicochemical","M_atx",1.06037065351227,-3.2153669559648,5.40327777744987
"Conductivity","SFE-M-2","chemical","M_atx",5.03411882064712,-0.622088434083313,10.5255510924956
"Conductivity","SFE-M-2","physicochemical","M_atx",1.07441806744984,-3.16600283314223,5.43926968271114
"Conductivity","SFE-M-3","chemical","M_atx",4.47269956566568,-1.24459063897564,10.1564037230177
"Conductivity","SFE-M-3","physicochemical","M_atx",0.662098647903668,-3.72120820421177,4.97608033655806
"Conductivity","SFE-M-4","chemical","M_atx",5.57606183648468,-0.114524561227077,11.2143492742461
"Conductivity","SFE-M-4","physicochemical","M_atx",1.74539274994116,-2.62547536928475,5.93793299748154
"Conductivity","SFE-SH-1S","chemical","M_atx",5.42310351052574,-0.303505658400163,11.1548866948952
"Conductivity","SFE-SH-1S","physicochemical","M_atx",1.80836519332948,-2.53459496451282,6.08565012075319
"DIN","SFE-M-1S","chemical","M_atx",18.0988211473789,0.161808059332955,36.6915837474735
"DIN","SFE-M-1S","physicochemical","M_atx",7.48383404406246,-5.24327168630191,20.9069618495373
"DIN","SFE-M-2","chemical","M_atx",17.9840579137088,0.994919355902382,35.2717955042055
"DIN","SFE-M-2","physicochemical","M_atx",7.27964627410682,-6.26570033835058,21.4985872829918
"DIN","SFE-M-3","chemical","M_atx",16.9805723726199,-1.00365401745464,35.4129491722014
"DIN","SFE-M-3","physicochemical","M_atx",9.86028843334122,-4.93049900878332,25.9450875885977
"DIN","SFE-M-4","chemical","M_atx",22.1991537038412,3.58713410209137,41.3589550876962
"DIN","SFE-M-4","physicochemical","M_atx",10.7842899130215,-0.527295748070948,22.4238351521389
"DIN","SFE-SH-1S","chemical","M_atx",8.16262708501042,-8.27734145274431,24.5463459340833
"DIN","SFE-SH-1S","physicochemical","M_atx",4.04031655914169,-7.75355551143205,16.1287957407264
"Discharge","SFE-M-1S","physicochemical","M_atx",-65.6211808407558,-86.711983341018,-46.6722250776847
"Discharge","SFE-M-2","physicochemical","M_atx",-63.4870225451878,-84.4177014046191,-44.5890733036412
"Discharge","SFE-M-3","physicochemical","M_atx",-58.6006253687878,-79.6975575876008,-39.5810767905308
"Discharge","SFE-M-4","physicochemical","M_atx",-76.3588194748011,-96.7945206822949,-58.2294328301291
"Discharge","SFE-SH-1S","physicochemical","M_atx",-56.1178874966843,-74.8339450830877,-38.7412310606259
"OPhos","SFE-M-1S","chemical","M_atx",31.4570781739875,14.2937666735977,51.1766110855005
"OPhos","SFE-M-1S","physicochemical","M_atx",14.3100802932574,0.72593579781679,29.4791307159576
"OPhos","SFE-M-2","chemical","M_atx",26.0400852245558,10.3137048265293,44.0448025649853
"OPhos","SFE-M-2","physicochemical","M_atx",5.19632061918104,-8.37781561413466,19.7390932576173
"OPhos","SFE-M-3","chemical","M_atx",23.4332010791951,6.70217509572209,41.8500808827826
"OPhos","SFE-M-3","physicochemical","M_atx",7.28553376178755,-7.94931523659065,22.7262924385825
"OPhos","SFE-M-4","chemical","M_atx",35.5974280853946,17.8370324812121,56.9581724068802
"OPhos","SFE-M-4","physicochemical","M_atx",1.99774605697598,-9.80489248804365,14.8868554897358
"OPhos","SFE-SH-1S","chemical","M_atx",22.4268970689926,7.7182317538621,38.8126287252705
"OPhos","SFE-SH-1S","physicochemical","M_atx",4.86863425329226,-7.9283433770064,18.0302377650018
"Temperature","SFE-M-1S","physicochemical","M_atx",5.80047297538437,-12.8874136149741,21.9395721328735
"Temperature","SFE-M-2","physicochemical","M_atx",-14.1401884037933,-34.3852413690532,2.77101173802501
"Temperature","SFE-M-3","physicochemical","M_atx",-1.54994329838025,-21.013050727204,14.9731041669042
"Temperature","SFE-M-4","physicochemical","M_atx",-18.6706897949185,-37.2027943278092,-3.14079306005485
"Temperature","SFE-SH-1S","physicochemical","M_atx",1.58236138147899,-15.2561797618765,16.3951906384022
"Conductivity","SFE-M-1S","chemical_w_cover","M_atx",60.7677968518787,45.6615145632297,79.0862836136943
"Conductivity","SFE-M-1S","physicochemical_w_cover","M_atx",40.8110783052457,13.2818774755041,70.9898382320104
"Conductivity","SFE-M-2","chemical_w_cover","M_atx",54.7561178057009,40.1554801205129,70.9278935501826
"Conductivity","SFE-M-2","physicochemical_w_cover","M_atx",34.3209352105037,9.73875971279651,61.4873515006388
"Conductivity","SFE-M-3","chemical_w_cover","M_atx",55.4504297620902,39.2501932488987,73.9426594028974
"Conductivity","SFE-M-3","physicochemical_w_cover","M_atx",31.2581053914404,1.29020750768143,62.895073172346
"Conductivity","SFE-M-4","chemical_w_cover","M_atx",69.6431212745933,56.4692857139054,84.4781052886945
"Conductivity","SFE-M-4","physicochemical_w_cover","M_atx",52.1070790025618,28.6762524541863,79.7186633767575
"Conductivity","SFE-SH-1S","chemical_w_cover","M_atx",58.4215985232097,44.9925894997937,73.5488388296011
"Conductivity","SFE-SH-1S","physicochemical_w_cover","M_atx",50.6698923345051,27.6753791764179,75.9554683053947
"Cover","SFE-M-1S","chemical_w_cover","M_atx",2.81559322504775,-1.74681570956706,7.30670484861136
"Cover","SFE-M-1S","physicochemical_w_cover","M_atx",1.80541304448574,-2.00579411853671,5.65311710826368
"Cover","SFE-M-2","chemical_w_cover","M_atx",3.70109700120078,-0.889603079612348,8.26333671194928
"Cover","SFE-M-2","physicochemical_w_cover","M_atx",2.49863988115498,-1.40765887466428,6.40383848477129
"Cover","SFE-M-3","chemical_w_cover","M_atx",2.67784963983816,-1.88408197525317,7.31921454312697
"Cover","SFE-M-3","physicochemical_w_cover","M_atx",1.67879056616471,-2.08137866107201,5.48387256164992
"Cover","SFE-M-4","chemical_w_cover","M_atx",-0.817418112572941,-5.40924216697323,3.7656139022287
"Cover","SFE-M-4","physicochemical_w_cover","M_atx",-1.243626658708,-5.0782967083677,2.59048893637479
"Cover","SFE-SH-1S","chemical_w_cover","M_atx",2.59325228809099,-1.93960476496203,7.15068954268556
"Cover","SFE-SH-1S","physicochemical_w_cover","M_atx",1.66401603599567,-2.04404405425947,5.35638993756511
"DIN","SFE-M-1S","chemical_w_cover","M_atx",-6.18202552127189,-20.4874665447581,8.21752770850379
"DIN","SFE-M-1S","physicochemical_w_cover","M_atx",-1.98613939730292,-16.866442151741,12.4381289260619
"DIN","SFE-M-2","chemical_w_cover","M_atx",-5.09525899585173,-20.3287962407233,9.63085796460019
"DIN","SFE-M-2","physicochemical_w_cover","M_atx",-0.862968993725691,-16.2093653937438,13.9679857034611
"DIN","SFE-M-3","chemical_w_cover","M_atx",-5.9697743904589,-21.4562703891329,9.11022657157846
"DIN","SFE-M-3","physicochemical_w_cover","M_atx",-0.0962706607175199,-16.6545972707608,16.7440807566334
"DIN","SFE-M-4","chemical_w_cover","M_atx",-4.3936216517725,-17.6336042821235,9.09283055756049
"DIN","SFE-M-4","physicochemical_w_cover","M_atx",0.970262010007956,-12.5244224379389,13.6672559532478
"DIN","SFE-SH-1S","chemical_w_cover","M_atx",-11.8247282174272,-24.504343506571,0.522339820530785
"DIN","SFE-SH-1S","physicochemical_w_cover","M_atx",-9.54249528811556,-23.1312808509457,3.66405132946031
"Discharge","SFE-M-1S","physicochemical_w_cover","M_atx",-25.4525508572095,-58.2353213553707,7.16257280100374
"Discharge","SFE-M-2","physicochemical_w_cover","M_atx",-30.5830079639824,-60.4854095909442,-1.24298792772515
"Discharge","SFE-M-3","physicochemical_w_cover","M_atx",-30.7860658575149,-63.5582219457677,1.09268291908919
"Discharge","SFE-M-4","physicochemical_w_cover","M_atx",-28.8309493665672,-55.8458098921631,-0.577034168722813
"Discharge","SFE-SH-1S","physicochemical_w_cover","M_atx",-11.0079344135662,-37.3511050317192,15.5716568042016
"OPhos","SFE-M-1S","chemical_w_cover","M_atx",1.0373415821588,-12.7632741895376,15.117559333548
"OPhos","SFE-M-1S","physicochemical_w_cover","M_atx",4.45943146778045,-10.8094653600089,19.5468156991401
"OPhos","SFE-M-2","chemical_w_cover","M_atx",-0.299828405228428,-13.2235733971019,12.8296392096984
"OPhos","SFE-M-2","physicochemical_w_cover","M_atx",-2.75553477194159,-16.6752659168418,11.4310102757962
"OPhos","SFE-M-3","chemical_w_cover","M_atx",0.703762508370318,-13.4829847117357,14.9528333617173
"OPhos","SFE-M-3","physicochemical_w_cover","M_atx",1.85497704981597,-13.6570617507605,17.328840629492
"OPhos","SFE-M-4","chemical_w_cover","M_atx",-4.23078596993833,-16.0345758870792,7.55563020879306
"OPhos","SFE-M-4","physicochemical_w_cover","M_atx",-10.8604664054154,-24.4234940830655,2.16851704189467
"OPhos","SFE-SH-1S","chemical_w_cover","M_atx",-9.4214440925113,-22.1267913203308,2.7439933488482
"OPhos","SFE-SH-1S","physicochemical_w_cover","M_atx",-8.43605689233635,-22.8212841589385,4.74943298102006
"Temperature","SFE-M-1S","physicochemical_w_cover","M_atx",5.04503518169908,-11.6044835119438,20.0327448477632
"Temperature","SFE-M-2","physicochemical_w_cover","M_atx",-11.2711942709595,-28.8162621139024,3.90108624574205
"Temperature","SFE-M-3","physicochemical_w_cover","M_atx",-1.71606641602342,-19.3354975336459,13.9884442897283
"Temperature","SFE-M-4","physicochemical_w_cover","M_atx",-17.0408883044024,-32.7272698319309,-3.6606869524563
"Temperature","SFE-SH-1S","physicochemical_w_cover","M_atx",1.96962705986647,-12.1270602198711,15.0229704699641
"Discharge","SFE-M-1S","ecohydrological","M_atx",-77.1816581286382,-95.7922172941265,-60.5491871266155
"Discharge","SFE-M-2","ecohydrological","M_atx",-70.8456049881832,-88.2597266816318,-54.5198157910325
"Discharge","SFE-M-3","ecohydrological","M_atx",-69.6415100143224,-88.1455096340113,-53.0205222949457
"Discharge","SFE-M-4","ecohydrological","M_atx",-85.8382879888582,-102.672458272947,-71.2862496480095
"Discharge","SFE-SH-1S","ecohydrological","M_atx",-63.5366515564628,-79.3268941945021,-48.5006539479452
"GPP","SFE-M-1S","ecohydrological","M_atx",2.11687085963094,-3.26878752870069,7.46250744926491
"GPP","SFE-M-2","ecohydrological","M_atx",0.479313652411337,-4.92151688835684,5.87385721031422
"GPP","SFE-M-3","ecohydrological","M_atx",0.672559405151938,-4.77320774244948,5.96809878594105
"GPP","SFE-M-4","ecohydrological","M_atx",2.96839908802584,-2.38977310368133,8.22235376543298
"GPP","SFE-SH-1S","ecohydrological","M_atx",1.85928422670352,-3.41957327040307,7.17962166501257
"Temperature","SFE-M-1S","ecohydrological","M_atx",-5.59897130904699,-22.9072289822278,9.43962286095358
"Temperature","SFE-M-2","ecohydrological","M_atx",-16.828891387411,-36.3361063651974,-0.327637605447045
"Temperature","SFE-M-3","ecohydrological","M_atx",-8.51935371782769,-26.7655239724953,7.23636971690059
"Temperature","SFE-M-4","ecohydrological","M_atx",-22.5842014433044,-40.3005795549008,-8.05138518661041
"Temperature","SFE-SH-1S","ecohydrological","M_atx",-4.07024104902619,-20.1848048501033,9.97638398973472
"Cover","SFE-M-1S","ecohydrological_w_cover","M_atx",3.77605241656783,-0.971665982882028,8.41106016426646
"Cover","SFE-M-2","ecohydrological_w_cover","M_atx",4.27775789554046,-0.416807339927508,8.98785716024759
"Cover","SFE-M-3","ecohydrological_w_cover","M_atx",2.92363171116641,-1.61853147692965,7.46329248630907
"Cover","SFE-M-4","ecohydrological_w_cover","M_atx",-0.0745904075926901,-4.75722264751137,4.56913641520854
"Cover","SFE-SH-1S","ecohydrological_w_cover","M_atx",3.91615680351387,-0.586931379455787,8.44986460385673
"Discharge","SFE-M-1S","ecohydrological_w_cover","M_atx",-80.1180564178335,-98.0264977246988,-63.9354450755476
"Discharge","SFE-M-2","ecohydrological_w_cover","M_atx",-69.2027776646049,-86.7515351493692,-53.1289789928836
"Discharge","SFE-M-3","ecohydrological_w_cover","M_atx",-70.692045206283,-89.7295654246044,-53.387618830541
"Discharge","SFE-M-4","ecohydrological_w_cover","M_atx",-90.8955416021164,-107.235276269714,-76.6024661197089
"Discharge","SFE-SH-1S","ecohydrological_w_cover","M_atx",-65.8769649236993,-81.8767044594912,-50.7286981345209
"GPP","SFE-M-1S","ecohydrological_w_cover","M_atx",20.4123127927746,5.35678141715487,35.5248800422948
"GPP","SFE-M-2","ecohydrological_w_cover","M_atx",5.75079021233431,-11.0006520526956,21.5570768716109
"GPP","SFE-M-3","ecohydrological_w_cover","M_atx",7.26823477375071,-10.5609083702589,24.1941607311098
"GPP","SFE-M-4","ecohydrological_w_cover","M_atx",20.3850915510776,6.99053568215519,33.7736002744978
"GPP","SFE-SH-1S","ecohydrological_w_cover","M_atx",14.5543517062319,0.818166815977295,28.1239961859506
"Temperature","SFE-M-1S","ecohydrological_w_cover","M_atx",-19.6888685056135,-40.7086344806569,-1.25548399889432
"Temperature","SFE-M-2","ecohydrological_w_cover","M_atx",-20.518542711079,-43.1699130120041,-0.572040417107137
"Temperature","SFE-M-3","ecohydrological_w_cover","M_atx",-14.5074064962505,-37.4752934907617,6.50277633379088
"Temperature","SFE-M-4","ecohydrological_w_cover","M_atx",-37.3914442273331,-59.2762251487459,-19.0865341837379
"Temperature","SFE-SH-1S","ecohydrological_w_cover","M_atx",-14.6745892869956,-33.6292138825118,2.38154608930369
"Discharge","SFE-M-1S","physical","M_atx",-7.74293556740549,-14.5505818907407,-0.970709192803273
"Discharge","SFE-M-2","physical","M_atx",-8.6441710522203,-15.3903620627637,-1.72558446896612
"Discharge","SFE-M-3","physical","M_atx",-7.96226252685588,-14.6609167943769,-1.1426362054652
"Discharge","SFE-M-4","physical","M_atx",-9.45906983619859,-16.3270355293737,-2.43746256170668
"Discharge","SFE-SH-1S","physical","M_atx",-8.05594450651581,-14.7772450970246,-1.25872441545506
"Temperature","SFE-M-1S","physical","M_atx",-7.22766609421978,-29.8192944652898,13.3521877423456
"Temperature","SFE-M-2","physical","M_atx",-17.176509766892,-38.2966840888446,2.45508415131922
"Temperature","SFE-M-3","physical","M_atx",-6.43093864629042,-26.5559666357976,12.3848166989058
"Temperature","SFE-M-4","physical","M_atx",-23.8222756765706,-46.7738688153684,-2.42242703873266
"Temperature","SFE-SH-1S","physical","M_atx",-3.44455024067602,-22.9214675671324,14.0701638487171
"Cover","SFE-M-1S","physical_w_cover","M_atx",3.46856799437392,-1.73404587042872,8.57106318464192
"Cover","SFE-M-2","physical_w_cover","M_atx",5.27349125831596,-0.0625014940630655,10.4774785141333
"Cover","SFE-M-3","physical_w_cover","M_atx",3.40416147548834,-1.81485830381598,8.64876243771034
"Cover","SFE-M-4","physical_w_cover","M_atx",-1.19022736632369,-6.32386240009051,4.02721896597445
"Cover","SFE-SH-1S","physical_w_cover","M_atx",3.95817845098997,-1.15962796236771,9.12946093771983
"Discharge","SFE-M-1S","physical_w_cover","M_atx",-74.7481980923798,-94.4243364767614,-57.79592161246
"Discharge","SFE-M-2","physical_w_cover","M_atx",-66.4323988885644,-83.7665733194197,-50.913268231503
"Discharge","SFE-M-3","physical_w_cover","M_atx",-67.5578968875105,-85.8466848758987,-51.3437562714438
"Discharge","SFE-M-4","physical_w_cover","M_atx",-86.1168972482498,-104.121365273255,-70.8596446814855
"Discharge","SFE-SH-1S","physical_w_cover","M_atx",-59.9592437532666,-75.7411320355928,-44.957021959304
"Temperature","SFE-M-1S","physical_w_cover","M_atx",-3.81963059387051,-20.3733368708156,10.3009276473485
"Temperature","SFE-M-2","physical_w_cover","M_atx",-15.243380096131,-32.3228737772683,-1.05218450687327
"Temperature","SFE-M-3","physical_w_cover","M_atx",-8.04496201952506,-25.2502328933454,6.83635192496399
"Temperature","SFE-M-4","physical_w_cover","M_atx",-21.0298231756963,-38.721480181861,-7.28149054198781
"Temperature","SFE-SH-1S","physical_w_cover","M_atx",-2.76380015859429,-17.7174122747764,10.6619483460664
"Conductivity","SFE-M-1S","all","AC_atx",-6.01657445014174,-24.8409113443667,13.3987233662169
"Conductivity","SFE-M-2","all","AC_atx",-7.56873766303294,-24.0753419422895,9.42925469465265
"Conductivity","SFE-M-3","all","AC_atx",-7.50648115362131,-27.3407418218481,13.0951300516506
"Conductivity","SFE-M-4","all","AC_atx",8.30630581532464,-10.7335377605367,28.6546746083126
"Conductivity","SFE-SH-1S","all","AC_atx",-14.6548520181709,-32.5549551819083,3.09577746049043
"DIN","SFE-M-1S","all","AC_atx",-5.43228633071505,-16.8110222632292,5.12706453677486
"DIN","SFE-M-2","all","AC_atx",-4.63259973326667,-14.7767744853831,5.46325565373413
"DIN","SFE-M-3","all","AC_atx",11.4783122944114,-3.3092737389394,27.219729102982
"DIN","SFE-M-4","all","AC_atx",-2.75304795979173,-13.6436238386366,7.45826200822253
"DIN","SFE-SH-1S","all","AC_atx",-4.20997199923113,-15.1837049641088,6.33700143770426
"Discharge","SFE-M-1S","all","AC_atx",-48.4823482180327,-71.8530901825319,-25.4508115675924
"Discharge","SFE-M-2","all","AC_atx",-55.9488249582007,-76.0169426716767,-35.7517860492973
"Discharge","SFE-M-3","all","AC_atx",-47.7950475396401,-68.981819377224,-27.226674715813
"Discharge","SFE-M-4","all","AC_atx",-38.46931442188,-60.4627159285739,-16.5389568556862
"Discharge","SFE-SH-1S","all","AC_atx",-51.6226980666393,-71.6147771986549,-31.8476872159669
"GPP","SFE-M-1S","all","AC_atx",0.392604521685367,-3.51784702779727,4.28159046803103
"GPP","SFE-M-2","all","AC_atx",0.717452924511456,-3.13769666658606,4.58943783036208
"GPP","SFE-M-3","all","AC_atx",0.458065308256117,-3.5138831933836,4.41861456305246
"GPP","SFE-M-4","all","AC_atx",0.617452428021158,-3.32580674333205,4.49487197430653
"GPP","SFE-SH-1S","all","AC_atx",1.45065862718128,-2.42674703157664,5.35858551891941
"OPhos","SFE-M-1S","all","AC_atx",-17.0425657963319,-32.6963713701709,-2.50601273470475
"OPhos","SFE-M-2","all","AC_atx",-14.6152018951786,-28.5805679216243,-1.9485954004972
"OPhos","SFE-M-3","all","AC_atx",-32.1740840597698,-48.6192857350394,-17.4157258479924
"OPhos","SFE-M-4","all","AC_atx",-22.261684341653,-38.3378961654822,-7.64308676273968
"OPhos","SFE-SH-1S","all","AC_atx",-8.08608214464479,-23.162595348992,5.72866237205411
"Temperature","SFE-M-1S","all","AC_atx",17.1608344730737,2.06019088865063,31.4553948859008
"Temperature","SFE-M-2","all","AC_atx",23.815901448183,10.9746182262307,36.3458478676647
"Temperature","SFE-M-3","all","AC_atx",11.2966542327378,-3.36496824489001,25.2031602173351
"Temperature","SFE-M-4","all","AC_atx",17.8491017230298,4.10842114078101,30.7120926070675
"Temperature","SFE-SH-1S","all","AC_atx",18.8272042034171,5.7630229397972,31.115626299783
"Conductivity","SFE-M-1S","all_w_cover","AC_atx",-6.250877630429,-22.9382531881032,10.781072947114
"Conductivity","SFE-M-2","all_w_cover","AC_atx",-8.96973246580704,-21.0707971606091,3.55594384587031
"Conductivity","SFE-M-3","all_w_cover","AC_atx",-6.12586839054813,-23.7622997347783,11.6708695368732
"Conductivity","SFE-M-4","all_w_cover","AC_atx",6.02321032473996,-10.6142566419199,23.7214925074585
"Conductivity","SFE-SH-1S","all_w_cover","AC_atx",-13.9347655874637,-27.2694633267708,-0.659102026379301
"Cover","SFE-M-1S","all_w_cover","AC_atx",4.98980902988323,1.3647143734244,8.60105791817962
"Cover","SFE-M-2","all_w_cover","AC_atx",7.91542070513456,3.7929550610257,11.9199460634039
"Cover","SFE-M-3","all_w_cover","AC_atx",4.53924147528624,0.985881945238266,8.06339735040755
"Cover","SFE-M-4","all_w_cover","AC_atx",4.7267504006385,1.09687748254465,8.31716541210333
"Cover","SFE-SH-1S","all_w_cover","AC_atx",6.23412623597211,2.57353648834964,9.86369432745354
"DIN","SFE-M-1S","all_w_cover","AC_atx",-5.2656282296114,-15.3183548571366,4.27633036135449
"DIN","SFE-M-2","all_w_cover","AC_atx",-4.55783509305447,-12.611851854475,3.03758055839916
"DIN","SFE-M-3","all_w_cover","AC_atx",8.15623980518887,-5.49552407849844,22.7382852958321
"DIN","SFE-M-4","all_w_cover","AC_atx",-2.88417472686836,-12.4617681798279,6.30321329546204
"DIN","SFE-SH-1S","all_w_cover","AC_atx",-4.82487561794381,-13.5128802745131,3.29900743058832
"Discharge","SFE-M-1S","all_w_cover","AC_atx",-46.0625683845183,-67.0973646730817,-25.1407508172173
"Discharge","SFE-M-2","all_w_cover","AC_atx",-51.3861010163795,-67.8298955159054,-35.3643552441122
"Discharge","SFE-M-3","all_w_cover","AC_atx",-45.5404929319059,-65.4082203746703,-26.3847573170395
"Discharge","SFE-M-4","all_w_cover","AC_atx",-37.6782622997512,-57.497733424816,-17.986202620961
"Discharge","SFE-SH-1S","all_w_cover","AC_atx",-46.0171504293151,-62.6608507195745,-29.9521692796562
"GPP","SFE-M-1S","all_w_cover","AC_atx",8.44740806553964,-7.16584731928867,23.4389413479073
"GPP","SFE-M-2","all_w_cover","AC_atx",10.7108767457957,-1.74190352915914,23.0385071481873
"GPP","SFE-M-3","all_w_cover","AC_atx",9.92652552680752,-5.36568069418564,24.6828767158984
"GPP","SFE-M-4","all_w_cover","AC_atx",11.8350918091062,-2.58278736270664,25.9054154159068
"GPP","SFE-SH-1S","all_w_cover","AC_atx",23.0107157384418,10.9256816139911,35.2583498793929
"OPhos","SFE-M-1S","all_w_cover","AC_atx",-13.0047896302572,-28.0555964250082,0.761299267615107
"OPhos","SFE-M-2","all_w_cover","AC_atx",-7.85567949258743,-19.2783798338493,2.60643362269288
"OPhos","SFE-M-3","all_w_cover","AC_atx",-26.1497523233266,-42.0537318870226,-11.9488017136699
"OPhos","SFE-M-4","all_w_cover","AC_atx",-17.3734120690292,-32.1204677726532,-4.09864363156829
"OPhos","SFE-SH-1S","all_w_cover","AC_atx",0.562853251766748,-11.3860848277921,11.7880154807505
"Temperature","SFE-M-1S","all_w_cover","AC_atx",10.2475992187816,-4.85786267565285,25.3922942167921
"Temperature","SFE-M-2","all_w_cover","AC_atx",11.8556792896947,-0.489812643020396,24.8081310791988
"Temperature","SFE-M-3","all_w_cover","AC_atx",3.90232485462882,-11.8015541618901,19.6389599812915
"Temperature","SFE-M-4","all_w_cover","AC_atx",8.39095801550553,-6.21945117494299,22.9006362843104
"Temperature","SFE-SH-1S","all_w_cover","AC_atx",6.05911482013816,-5.81465647372853,17.6983297689614
"Conductivity","SFE-M-1S","biochemical","AC_atx",30.6274103453329,14.7184995523343,48.0473054840659
"Conductivity","SFE-M-2","biochemical","AC_atx",33.7696211254597,15.650532041632,53.4718267750755
"Conductivity","SFE-M-3","biochemical","AC_atx",35.0719350767795,19.4292009094442,52.377257823607
"Conductivity","SFE-M-4","biochemical","AC_atx",41.5315543727509,25.2174750657046,59.6523844558525
"Conductivity","SFE-SH-1S","biochemical","AC_atx",24.9597250148904,7.03073149667559,43.8670196925083
"DIN","SFE-M-1S","biochemical","AC_atx",-16.791319041798,-31.5567584948833,-3.71919532109399
"DIN","SFE-M-2","biochemical","AC_atx",-13.6755534295771,-29.9662664615951,0.969581102702486
"DIN","SFE-M-3","biochemical","AC_atx",-7.1909958049772,-21.8596791252894,6.92704460631082
"DIN","SFE-M-4","biochemical","AC_atx",-8.41270552705086,-22.4355599694799,4.20832030300519
"DIN","SFE-SH-1S","biochemical","AC_atx",-19.2855473498676,-34.9555543752986,-5.15094667736857
"GPP","SFE-M-1S","biochemical","AC_atx",0.768582907435181,-3.90689490007673,5.61476149549343
"GPP","SFE-M-2","biochemical","AC_atx",1.3787278605912,-3.37329058486227,6.06534601415791
"GPP","SFE-M-3","biochemical","AC_atx",0.907198370818651,-3.85624054054295,5.68932382615052
"GPP","SFE-M-4","biochemical","AC_atx",1.32116192293855,-3.4311723736815,6.02732074238265
"GPP","SFE-SH-1S","biochemical","AC_atx",1.71344967106847,-3.12835504485224,6.5888664121185
"OPhos","SFE-M-1S","biochemical","AC_atx",-36.0911465307462,-53.0329153175729,-20.0132536955502
"OPhos","SFE-M-2","biochemical","AC_atx",-38.3173625188188,-57.9562010414529,-20.2496592314281
"OPhos","SFE-M-3","biochemical","AC_atx",-45.4746316429016,-62.3782868989748,-30.1639578636443
"OPhos","SFE-M-4","biochemical","AC_atx",-41.7615117276983,-59.9550680956495,-24.9600622230789
"OPhos","SFE-SH-1S","biochemical","AC_atx",-29.7923953965618,-49.3193451812096,-11.3286992037254
"Conductivity","SFE-M-1S","biochemical_w_cover","AC_atx",24.183484741345,10.7233879701985,38.8997843880026
"Conductivity","SFE-M-2","biochemical_w_cover","AC_atx",20.2276154308578,7.55825567154384,34.3638110430482
"Conductivity","SFE-M-3","biochemical_w_cover","AC_atx",27.8329140131234,14.6766849871902,42.5953919684966
"Conductivity","SFE-M-4","biochemical_w_cover","AC_atx",32.3562748766976,18.6244858717421,47.678946531937
"Conductivity","SFE-SH-1S","biochemical_w_cover","AC_atx",13.8342771524276,2.45547024978925,26.6239473757287
"Cover","SFE-M-1S","biochemical_w_cover","AC_atx",7.03063777217214,2.50846317138,11.4707530364736
"Cover","SFE-M-2","biochemical_w_cover","AC_atx",10.1102618405738,5.10037114080294,14.9539159230408
"Cover","SFE-M-3","biochemical_w_cover","AC_atx",6.58543462912992,2.23400473736772,10.8710340119722
"Cover","SFE-M-4","biochemical_w_cover","AC_atx",6.70919534086312,2.31494580785679,10.90901455909
"Cover","SFE-SH-1S","biochemical_w_cover","AC_atx",9.13958805167899,4.53058715452434,13.656928237025
"DIN","SFE-M-1S","biochemical_w_cover","AC_atx",-13.792922365775,-26.6412611169468,-2.43871971358803
"DIN","SFE-M-2","biochemical_w_cover","AC_atx",-8.90100204184605,-20.2733753094113,1.28356526626455
"DIN","SFE-M-3","biochemical_w_cover","AC_atx",-6.66864930267316,-19.1903122479693,5.20623484011748
"DIN","SFE-M-4","biochemical_w_cover","AC_atx",-6.91269307423557,-18.6951748315315,3.49265664111957
"DIN","SFE-SH-1S","biochemical_w_cover","AC_atx",-12.6582251498641,-23.3396143618658,-3.32176471672367
"GPP","SFE-M-1S","biochemical_w_cover","AC_atx",12.1766426471617,-4.35862266033337,28.2040028493872
"GPP","SFE-M-2","biochemical_w_cover","AC_atx",20.8226821728082,6.7446578078483,34.9186422641419
"GPP","SFE-M-3","biochemical_w_cover","AC_atx",12.8345711115662,-2.8204924936035,27.4071162264768
"GPP","SFE-M-4","biochemical_w_cover","AC_atx",16.7599244368159,2.4912659379088,30.329450082445
"GPP","SFE-SH-1S","biochemical_w_cover","AC_atx",29.7120919441466,16.3995932279154,42.362258374682
"OPhos","SFE-M-1S","biochemical_w_cover","AC_atx",-25.3946451678557,-42.3386843221406,-10.3028415124478
"OPhos","SFE-M-2","biochemical_w_cover","AC_atx",-18.024696850697,-33.0992588487803,-4.36039304497347
"OPhos","SFE-M-3","biochemical_w_cover","AC_atx",-32.8078165057965,-50.2701506303897,-17.5181512531247
"OPhos","SFE-M-4","biochemical_w_cover","AC_atx",-28.206870192699,-44.5076052108781,-13.1541349932225
"OPhos","SFE-SH-1S","biochemical_w_cover","AC_atx",-11.0987907291065,-24.6884727757603,0.939361259443156
"GPP","SFE-M-1S","biological","AC_atx",7.13861638596072,-1.67176655894982,15.7573620690482
"GPP","SFE-M-2","biological","AC_atx",8.42644084665245,-0.530590184368527,17.1711287182933
"GPP","SFE-M-3","biological","AC_atx",7.7024714395364,-1.36922824476,16.5862478270999
"GPP","SFE-M-4","biological","AC_atx",7.38808246409284,-1.32874511130764,16.0807282866843
"GPP","SFE-SH-1S","biological","AC_atx",8.94669406026808,-0.441363345775918,18.0999652502572
"Cover","SFE-M-1S","biological_w_cover","AC_atx",16.186494965132,10.3281885470725,21.6004744102544
"Cover","SFE-M-2","biological_w_cover","AC_atx",24.6412171992967,19.7498623046076,29.1489165829096
"Cover","SFE-M-3","biological_w_cover","AC_atx",15.7569368404785,10.0985145151798,20.924890566038
"Cover","SFE-M-4","biological_w_cover","AC_atx",15.4729718526037,9.86804760844345,20.4788585558563
"Cover","SFE-SH-1S","biological_w_cover","AC_atx",18.8054154751818,13.8892248771867,23.3241044555036
"GPP","SFE-M-1S","biological_w_cover","AC_atx",26.8566974867187,15.8867137141893,37.6437713714413
"GPP","SFE-M-2","biological_w_cover","AC_atx",21.9656274974197,13.9855916331468,30.2064156797975
"GPP","SFE-M-3","biological_w_cover","AC_atx",28.2884318241064,17.8301512185274,38.8852891225663
"GPP","SFE-M-4","biological_w_cover","AC_atx",26.6713409330746,16.0840387734417,36.8269877922748
"GPP","SFE-SH-1S","biological_w_cover","AC_atx",34.272489082595,25.3719166780997,42.9848124921888
"Conductivity","SFE-M-1S","chemical","AC_atx",3.22032944443678,-2.23504601567197,8.64313728177904
"Conductivity","SFE-M-1S","physicochemical","AC_atx",-0.335296770231099,-4.61080928429425,4.00860297273759
"Conductivity","SFE-M-2","chemical","AC_atx",2.87412748400448,-2.6485950344207,8.32944202731284
"Conductivity","SFE-M-2","physicochemical","AC_atx",-0.497166356572292,-4.68350353396601,3.6719824200061
"Conductivity","SFE-M-3","chemical","AC_atx",3.84912977417139,-1.65955052532496,9.38883132247338
"Conductivity","SFE-M-3","physicochemical","AC_atx",-0.388225996584686,-4.68324977244096,3.84550066993056
"Conductivity","SFE-M-4","chemical","AC_atx",3.86070082700333,-1.60282948771861,9.45747865142214
"Conductivity","SFE-M-4","physicochemical","AC_atx",0.406094132511512,-3.84282624030344,4.7158267184551
"Conductivity","SFE-SH-1S","chemical","AC_atx",2.20249455724228,-3.03692642880072,7.54519655005664
"Conductivity","SFE-SH-1S","physicochemical","AC_atx",-0.834431518295145,-5.12588164228995,3.41901944487407
"DIN","SFE-M-1S","chemical","AC_atx",-10.9262731085049,-24.8462295391488,2.47527820026012
"DIN","SFE-M-1S","physicochemical","AC_atx",-6.52776291861562,-17.1387566668814,3.57142694631436
"DIN","SFE-M-2","chemical","AC_atx",-5.42267178232811,-20.3648331843695,9.31631439223553
"DIN","SFE-M-2","physicochemical","AC_atx",-6.16115825259747,-16.0301331763821,3.49918636013777
"DIN","SFE-M-3","chemical","AC_atx",2.84458880530038,-11.4026589116536,16.9624907991228
"DIN","SFE-M-3","physicochemical","AC_atx",8.43900758961482,-3.90185064013616,21.144835551774
"DIN","SFE-M-4","chemical","AC_atx",-1.47157829041557,-15.2907195908011,12.3596979976912
"DIN","SFE-M-4","physicochemical","AC_atx",-1.42801104344089,-11.1968394939063,8.72826829265242
"DIN","SFE-SH-1S","chemical","AC_atx",-14.3863595901961,-29.3825874890059,-0.147896325919808
"DIN","SFE-SH-1S","physicochemical","AC_atx",-7.52773741759229,-18.4512571781052,2.7166681887714
"Discharge","SFE-M-1S","physicochemical","AC_atx",-43.4142283184156,-60.3490686547041,-26.8423973946496
"Discharge","SFE-M-2","physicochemical","AC_atx",-50.187991932875,-66.1762688704111,-34.3665603563221
"Discharge","SFE-M-3","physicochemical","AC_atx",-42.3729724035392,-58.5252952117262,-27.0948408763399
"Discharge","SFE-M-4","physicochemical","AC_atx",-44.5216662299957,-60.4688512336597,-29.0306745044908
"Discharge","SFE-SH-1S","physicochemical","AC_atx",-41.936849724637,-58.3154427486484,-26.3625700073514
"OPhos","SFE-M-1S","chemical","AC_atx",-24.0400082004041,-38.3261732648455,-9.51698449993663
"OPhos","SFE-M-1S","physicochemical","AC_atx",-19.7424167815308,-32.1833650203011,-8.19417409421566
"OPhos","SFE-M-2","chemical","AC_atx",-23.378168026516,-39.8567333192947,-7.0157691798337
"OPhos","SFE-M-2","physicochemical","AC_atx",-18.1664348261757,-29.6587512313659,-7.30896422695945
"OPhos","SFE-M-3","chemical","AC_atx",-33.9816266854616,-49.6500473089609,-18.9304616210708
"OPhos","SFE-M-3","physicochemical","AC_atx",-34.2169337820634,-49.3678574820159,-20.3370005938019
"OPhos","SFE-M-4","chemical","AC_atx",-21.1067105946401,-36.0225427812695,-5.86192824715542
"OPhos","SFE-M-4","physicochemical","AC_atx",-18.4287928846188,-30.3404454297363,-7.24717809962719
"OPhos","SFE-SH-1S","chemical","AC_atx",-16.8507357874681,-32.1362276009727,-1.39834488341357
"OPhos","SFE-SH-1S","physicochemical","AC_atx",-16.5266294691408,-28.7587481308224,-5.15083085309246
"Temperature","SFE-M-1S","physicochemical","AC_atx",17.0041392508651,2.13502872373503,31.3597703084344
"Temperature","SFE-M-2","physicochemical","AC_atx",23.971210059331,11.2776177250091,36.7482654026763
"Temperature","SFE-M-3","physicochemical","AC_atx",11.0182803718643,-2.92479867230195,24.2012015167439
"Temperature","SFE-M-4","physicochemical","AC_atx",18.6732294194252,5.71849001698702,31.0865496048156
"Temperature","SFE-SH-1S","physicochemical","AC_atx",18.5787194803465,4.93005090382849,31.6134468837376
"Conductivity","SFE-M-1S","chemical_w_cover","AC_atx",24.893678505198,11.4796276688842,39.2801350461476
"Conductivity","SFE-M-1S","physicochemical_w_cover","AC_atx",-6.00079885579627,-22.5086988322223,10.8661747191662
"Conductivity","SFE-M-2","chemical_w_cover","AC_atx",21.8850042469483,9.49641842293881,35.5205093771014
"Conductivity","SFE-M-2","physicochemical_w_cover","AC_atx",-8.71495136753568,-20.9579420178016,3.53591570276149
"Conductivity","SFE-M-3","chemical_w_cover","AC_atx",28.6156343154638,15.0795039904458,43.6732857007141
"Conductivity","SFE-M-3","physicochemical_w_cover","AC_atx",-6.83262749810242,-24.3676529484,10.8567826706914
"Conductivity","SFE-M-4","chemical_w_cover","AC_atx",34.950525214757,21.0631767234696,50.453939416987
"Conductivity","SFE-M-4","physicochemical_w_cover","AC_atx",6.56843125807239,-10.9755626672536,25.1402951953323
"Conductivity","SFE-SH-1S","chemical_w_cover","AC_atx",18.8725182549262,4.3815793311898,34.2139901323086
"Conductivity","SFE-SH-1S","physicochemical_w_cover","AC_atx",-13.9362710561629,-29.6880208552465,1.55891392865016
"Cover","SFE-M-1S","chemical_w_cover","AC_atx",8.72805261880781,3.69911618085261,13.559896502671
"Cover","SFE-M-1S","physicochemical_w_cover","AC_atx",5.55643004524758,1.62273726495931,9.35640554896553
"Cover","SFE-M-2","chemical_w_cover","AC_atx",13.3767934605293,7.58744687674684,18.9650549820615
"Cover","SFE-M-2","physicochemical_w_cover","AC_atx",9.19498512734966,4.83035908146185,13.4601163578812
"Cover","SFE-M-3","chemical_w_cover","AC_atx",7.77550480691107,3.04919194819421,12.4133301492178
"Cover","SFE-M-3","physicochemical_w_cover","AC_atx",4.89785360784152,1.14690974558868,8.6204586889525
"Cover","SFE-M-4","chemical_w_cover","AC_atx",7.89155448859354,3.10730666320701,12.4779713739589
"Cover","SFE-M-4","physicochemical_w_cover","AC_atx",4.96085363787246,1.18470153434396,8.72019236964365
"Cover","SFE-SH-1S","chemical_w_cover","AC_atx",9.40369836398075,4.24728591881851,14.2600652411742
"Cover","SFE-SH-1S","physicochemical_w_cover","AC_atx",5.96475066017642,2.13088708915785,9.75108380794546
"DIN","SFE-M-1S","chemical_w_cover","AC_atx",-15.913321818808,-28.0237138139477,-4.81813992186131
"DIN","SFE-M-1S","physicochemical_w_cover","AC_atx",-5.93580679369624,-15.9825941809703,3.50708293490753
"DIN","SFE-M-2","chemical_w_cover","AC_atx",-12.2086396891626,-23.0696122427013,-2.17363370708634
"DIN","SFE-M-2","physicochemical_w_cover","AC_atx",-5.53072038417206,-13.1899560979932,1.90760643691476
"DIN","SFE-M-3","chemical_w_cover","AC_atx",-7.91763371345994,-20.3954392041333,4.11770100229575
"DIN","SFE-M-3","physicochemical_w_cover","AC_atx",8.880045382349,-4.86079024393784,23.1960493135778
"DIN","SFE-M-4","chemical_w_cover","AC_atx",-9.28477362132304,-21.3614655378352,1.73690615796443
"DIN","SFE-M-4","physicochemical_w_cover","AC_atx",-3.66294729280398,-13.3967542787842,5.64414736541833
"DIN","SFE-SH-1S","chemical_w_cover","AC_atx",-17.9069989532488,-30.800939444185,-5.96362700070416
"DIN","SFE-SH-1S","physicochemical_w_cover","AC_atx",-4.62181877024125,-14.4702080325187,4.61019786516481
"Discharge","SFE-M-1S","physicochemical_w_cover","AC_atx",-44.5114033152346,-65.1508794296075,-23.6128622968638
"Discharge","SFE-M-2","physicochemical_w_cover","AC_atx",-50.0006264752062,-65.8737353050004,-34.3855456621796
"Discharge","SFE-M-3","physicochemical_w_cover","AC_atx",-43.8435033362887,-63.5641923475683,-24.9572527820198
"Discharge","SFE-M-4","physicochemical_w_cover","AC_atx",-36.3145323198349,-55.9005602359196,-16.271736146015
"Discharge","SFE-SH-1S","physicochemical_w_cover","AC_atx",-45.7317350617083,-63.8669634311981,-28.4153760170291
"OPhos","SFE-M-1S","chemical_w_cover","AC_atx",-31.551752461815,-45.1884050278197,-18.3842065449946
"OPhos","SFE-M-1S","physicochemical_w_cover","AC_atx",-16.0938626329511,-29.3861337647746,-3.44033476545489
"OPhos","SFE-M-2","chemical_w_cover","AC_atx",-28.1766737480199,-41.79624881324,-15.8132726355004
"OPhos","SFE-M-2","physicochemical_w_cover","AC_atx",-11.3056428063471,-21.8801909477869,-1.8256418842277
"OPhos","SFE-M-3","chemical_w_cover","AC_atx",-39.698748067716,-54.298042727027,-26.4640703217184
"OPhos","SFE-M-3","physicochemical_w_cover","AC_atx",-29.7122916896603,-44.2849769179547,-16.2003458109439
"OPhos","SFE-M-4","chemical_w_cover","AC_atx",-37.6285059835721,-52.680066819393,-23.6386255921558
"OPhos","SFE-M-4","physicochemical_w_cover","AC_atx",-21.2270896593579,-36.0873375125918,-7.62741067490266
"OPhos","SFE-SH-1S","chemical_w_cover","AC_atx",-25.9346351868786,-41.796488826629,-10.951899313521
"OPhos","SFE-SH-1S","physicochemical_w_cover","AC_atx",-7.83003327121869,-20.9887031834288,4.38710855719429
"Temperature","SFE-M-1S","physicochemical_w_cover","AC_atx",14.1036259254106,0.794026006080802,26.9648415032937
"Temperature","SFE-M-2","physicochemical_w_cover","AC_atx",16.989476813747,6.63686399822119,27.5122716280561
"Temperature","SFE-M-3","physicochemical_w_cover","AC_atx",9.57988199953199,-3.49120643299903,22.1851908337629
"Temperature","SFE-M-4","physicochemical_w_cover","AC_atx",14.9692596467328,2.41134885817142,27.3778869364548
"Temperature","SFE-SH-1S","physicochemical_w_cover","AC_atx",17.0809693225903,5.70856283649738,27.832159748705
"Discharge","SFE-M-1S","ecohydrological","AC_atx",-38.3141283019058,-54.4531674522564,-22.8179207617185
"Discharge","SFE-M-2","ecohydrological","AC_atx",-42.1120185253327,-57.4074958595124,-27.1039893590863
"Discharge","SFE-M-3","ecohydrological","AC_atx",-36.2785146673545,-52.0066345991131,-20.9433266722416
"Discharge","SFE-M-4","ecohydrological","AC_atx",-37.3337600580283,-52.1150574283098,-23.0469379226342
"Discharge","SFE-SH-1S","ecohydrological","AC_atx",-34.8878866189191,-49.6701745623495,-20.3165559346471
"GPP","SFE-M-1S","ecohydrological","AC_atx",2.47241075995583,-2.90944188375073,7.73115086835718
"GPP","SFE-M-2","ecohydrological","AC_atx",3.06465848170233,-2.28738812523083,8.32576749777493
"GPP","SFE-M-3","ecohydrological","AC_atx",2.84943683856718,-2.57105679479386,8.28113073499565
"GPP","SFE-M-4","ecohydrological","AC_atx",2.67817702112017,-2.70160737354749,7.9801585264442
"GPP","SFE-SH-1S","ecohydrological","AC_atx",3.86599322222282,-1.49475791249162,9.25564402469304
"Temperature","SFE-M-1S","ecohydrological","AC_atx",27.7399177685895,14.0803677858603,41.351116425809
"Temperature","SFE-M-2","ecohydrological","AC_atx",31.4406443010131,18.8569136597124,44.4023119265878
"Temperature","SFE-M-3","ecohydrological","AC_atx",24.6145526139818,11.6723661071473,37.3814050163994
"Temperature","SFE-M-4","ecohydrological","AC_atx",25.8242070838687,13.7176086585972,38.0163369758307
"Temperature","SFE-SH-1S","ecohydrological","AC_atx",25.8093158422734,13.6904971417651,38.023260365723
"Cover","SFE-M-1S","ecohydrological_w_cover","AC_atx",7.74418678859255,3.1282783286551,12.1497386559033
"Cover","SFE-M-2","ecohydrological_w_cover","AC_atx",12.2637271977328,7.22802726376552,17.1205180827077
"Cover","SFE-M-3","ecohydrological_w_cover","AC_atx",7.65236906507154,3.12148643105634,11.9583196881364
"Cover","SFE-M-4","ecohydrological_w_cover","AC_atx",7.16713823582183,2.75944065226489,11.5572451913826
"Cover","SFE-SH-1S","ecohydrological_w_cover","AC_atx",9.37602331703157,4.8187149017845,13.7081514387186
"Discharge","SFE-M-1S","ecohydrological_w_cover","AC_atx",-34.6174258044396,-48.9290081268008,-21.0383916856563
"Discharge","SFE-M-2","ecohydrological_w_cover","AC_atx",-33.726450340567,-46.28212443255,-21.8003044530403
"Discharge","SFE-M-3","ecohydrological_w_cover","AC_atx",-33.9735243808925,-48.4104619344246,-19.9970365420892
"Discharge","SFE-M-4","ecohydrological_w_cover","AC_atx",-34.4271638671966,-47.9813443262146,-21.1773300794993
"Discharge","SFE-SH-1S","ecohydrological_w_cover","AC_atx",-27.6540895762444,-40.5777762740774,-15.6495680331971
"GPP","SFE-M-1S","ecohydrological_w_cover","AC_atx",20.8658006737787,8.18052322652997,34.2187341016395
"GPP","SFE-M-2","ecohydrological_w_cover","AC_atx",21.0918086650442,10.4514790298066,32.3930456987653
"GPP","SFE-M-3","ecohydrological_w_cover","AC_atx",24.5284743442161,11.5194617507429,37.8407584224212
"GPP","SFE-M-4","ecohydrological_w_cover","AC_atx",21.0414696078569,8.84093131973762,33.3834090326578
"GPP","SFE-SH-1S","ecohydrological_w_cover","AC_atx",28.4617608492796,17.5441057078325,39.8240915048848
"Temperature","SFE-M-1S","ecohydrological_w_cover","AC_atx",10.8736624062226,-3.461440458082,25.447263137862
"Temperature","SFE-M-2","ecohydrological_w_cover","AC_atx",7.83241501036222,-4.85021059517579,20.8180475849194
"Temperature","SFE-M-3","ecohydrological_w_cover","AC_atx",5.6598034421081,-9.03126761975524,20.3118373157901
"Temperature","SFE-M-4","ecohydrological_w_cover","AC_atx",9.19392920876425,-4.64508427311761,22.6484644213058
"Temperature","SFE-SH-1S","ecohydrological_w_cover","AC_atx",7.22745119196437,-3.86246745445487,18.4592191999662
"Discharge","SFE-M-1S","physical","AC_atx",-5.63770337034172,-12.1459034462475,0.862776921937392
"Discharge","SFE-M-2","physical","AC_atx",-6.1466400845855,-12.7385747724879,0.510838479985745
"Discharge","SFE-M-3","physical","AC_atx",-5.57378855845869,-12.0043327657987,0.909737379222363
"Discharge","SFE-M-4","physical","AC_atx",-6.14831874785907,-12.5664130404367,0.254565880156926
"Discharge","SFE-SH-1S","physical","AC_atx",-5.65793169478366,-12.1815500450701,0.806702448174244
"Temperature","SFE-M-1S","physical","AC_atx",27.716331492311,13.8049917241644,41.7905008564015
"Temperature","SFE-M-2","physical","AC_atx",31.5285884773226,18.2101572677503,45.308102729727
"Temperature","SFE-M-3","physical","AC_atx",26.0520560786936,12.4820579126745,39.3573238629442
"Temperature","SFE-M-4","physical","AC_atx",26.4440310747946,13.8855271944661,38.7484179852832
"Temperature","SFE-SH-1S","physical","AC_atx",26.4228080237139,13.7149565607044,38.8656688957987
"Cover","SFE-M-1S","physical_w_cover","AC_atx",8.34419903502176,3.31828989991362,13.2293997409392
"Cover","SFE-M-2","physical_w_cover","AC_atx",14.729137765841,9.23465427081796,19.9020094122303
"Cover","SFE-M-3","physical_w_cover","AC_atx",7.78994821519041,2.83248256215212,12.6563862335113
"Cover","SFE-M-4","physical_w_cover","AC_atx",7.13414922641608,2.26805380402955,11.8275041026146
"Cover","SFE-SH-1S","physical_w_cover","AC_atx",9.15942743772801,4.17731769889306,13.8326193900899
"Discharge","SFE-M-1S","physical_w_cover","AC_atx",-31.9895053183707,-47.0509759011391,-17.7367097318193
"Discharge","SFE-M-2","physical_w_cover","AC_atx",-30.0794661536812,-42.6188441331508,-18.2216944782572
"Discharge","SFE-M-3","physical_w_cover","AC_atx",-30.0602672765078,-44.7388177978103,-16.0459957102767
"Discharge","SFE-M-4","physical_w_cover","AC_atx",-31.3467424353036,-45.1254125560694,-17.5432864946128
"Discharge","SFE-SH-1S","physical_w_cover","AC_atx",-27.0862265867726,-40.4195441078418,-14.2658469531244
"Temperature","SFE-M-1S","physical_w_cover","AC_atx",24.7276540645209,13.1381389125745,36.6946234409203
"Temperature","SFE-M-2","physical_w_cover","AC_atx",21.5372151647849,11.5146192588861,32.3677586870866
"Temperature","SFE-M-3","physical_w_cover","AC_atx",23.1691737978038,12.1923227297081,34.4468330717125
"Temperature","SFE-M-4","physical_w_cover","AC_atx",23.8698670343322,13.009711428519,34.7129469071513
"Temperature","SFE-SH-1S","physical_w_cover","AC_atx",24.2474955436868,13.8656499113565,34.7676484494921
