"uncertainty","predicting","model","site_reach","standard_dev","nrmse"
"param_and_process","M_cover","all","SFE-M-1S",20.0449029255305,0.295669838365318
"param_and_process","M_cover","all","SFE-M-2",19.3002701077586,0.310822148143382
"param_and_process","M_cover","all","SFE-M-3",17.1415346647257,0.386592331488083
"param_and_process","M_cover","all","SFE-M-4",20.5296112455345,0.426763740067518
"param_and_process","M_cover","all","SFE-SH-1S",19.0390014551754,0.260859116547787
"param_and_process","M_cover","biochemical","SFE-M-1S",17.4676649333324,0.303417322574868
"param_and_process","M_cover","biochemical","SFE-M-2",23.5296921970072,0.358013392461258
"param_and_process","M_cover","biochemical","SFE-M-3",27.0645852660755,0.433443986157878
"param_and_process","M_cover","biochemical","SFE-M-4",26.5301633133206,0.609964842210928
"param_and_process","M_cover","biochemical","SFE-SH-1S",23.1256918155364,0.34533359137835
"param_and_process","M_cover","biological","SFE-M-1S",20.919746019831,0.318333626403183
"param_and_process","M_cover","biological","SFE-M-2",22.2260199179581,0.337271225797441
"param_and_process","M_cover","biological","SFE-M-3",19.446056207771,0.324633893191191
"param_and_process","M_cover","biological","SFE-M-4",24.668617197562,0.541783449599432
"param_and_process","M_cover","biological","SFE-SH-1S",22.2384364680409,0.323026687201214
"param_and_process","M_cover","chemical","SFE-M-1S",17.4676649333324,0.303417322574868
"param_and_process","M_cover","chemical","SFE-M-2",23.5296921970072,0.358013392461258
"param_and_process","M_cover","chemical","SFE-M-3",27.0645852660755,0.433443986157878
"param_and_process","M_cover","chemical","SFE-M-4",26.5301633133206,0.609964842210928
"param_and_process","M_cover","chemical","SFE-SH-1S",23.1256918155364,0.34533359137835
"param_and_process","M_cover","chemical","SFE-M-1S",16.1472480216325,0.299379710754443
"param_and_process","M_cover","chemical","SFE-M-2",23.3192681700486,0.382181813908914
"param_and_process","M_cover","chemical","SFE-M-3",27.8350328679929,0.433181179573756
"param_and_process","M_cover","chemical","SFE-M-4",27.7567721288934,0.619341094298347
"param_and_process","M_cover","chemical","SFE-SH-1S",21.3764977125417,0.373867025679571
"param_and_process","M_cover","chemical","SFE-M-1S",18.6015029321745,0.28826072539368
"param_and_process","M_cover","chemical","SFE-M-2",18.4177085894978,0.282071231152855
"param_and_process","M_cover","chemical","SFE-M-3",16.9455418695442,0.390879777420977
"param_and_process","M_cover","chemical","SFE-M-4",19.2956265426371,0.415315224683297
"param_and_process","M_cover","chemical","SFE-SH-1S",18.0636639760384,0.250481346633684
"param_and_process","M_cover","ecohydrological","SFE-M-1S",16.1612171287183,0.259814134251649
"param_and_process","M_cover","ecohydrological","SFE-M-2",16.9266521344131,0.256859722076691
"param_and_process","M_cover","ecohydrological","SFE-M-3",16.0927544569356,0.269836671521589
"param_and_process","M_cover","ecohydrological","SFE-M-4",16.079199500722,0.440077247682852
"param_and_process","M_cover","ecohydrological","SFE-SH-1S",17.893642185345,0.23412094793443
"param_and_process","M_cover","physical","SFE-M-1S",16.2481537930998,0.259649588056579
"param_and_process","M_cover","physical","SFE-M-2",16.8527868322638,0.257430348824971
"param_and_process","M_cover","physical","SFE-M-3",16.4097996484205,0.259337636317212
"param_and_process","M_cover","physical","SFE-M-4",16.0587253905847,0.437064146563262
"param_and_process","M_cover","physical","SFE-SH-1S",17.2713302884975,0.228203562139304
"param_and_process","M_cover","physicochemical","SFE-M-1S",18.6015029321745,0.28826072539368
"param_and_process","M_cover","physicochemical","SFE-M-2",18.4177085894978,0.282071231152855
"param_and_process","M_cover","physicochemical","SFE-M-3",16.9455418695442,0.390879777420977
"param_and_process","M_cover","physicochemical","SFE-M-4",19.2956265426371,0.415315224683297
"param_and_process","M_cover","physicochemical","SFE-SH-1S",18.0636639760384,0.250481346633684
"param_and_process","AC_cover","all","SFE-M-2",18.0789297847135,0.684938018437921
"param_and_process","AC_cover","all","SFE-M-3",19.7155980028616,0.538090153939384
"param_and_process","AC_cover","all","SFE-M-4",21.4072027263169,0.347188143764788
"param_and_process","AC_cover","all","SFE-SH-1S",19.6666794711351,0.468840964159953
"param_and_process","AC_cover","biochemical","SFE-M-2",15.7633030851945,0.686210552480147
"param_and_process","AC_cover","biochemical","SFE-M-3",20.0992295134939,0.46333569537874
"param_and_process","AC_cover","biochemical","SFE-M-4",17.6959929504694,0.400099586498894
"param_and_process","AC_cover","biochemical","SFE-SH-1S",12.2631350869443,0.566838209046541
"param_and_process","AC_cover","biological","SFE-M-2",21.6998256540487,0.411055646173684
"param_and_process","AC_cover","biological","SFE-M-3",20.3153811736436,0.362467363906494
"param_and_process","AC_cover","biological","SFE-M-4",19.63183905884,0.377190301447589
"param_and_process","AC_cover","biological","SFE-SH-1S",20.5255890941708,0.342263099108147
"param_and_process","AC_cover","chemical","SFE-M-2",15.7633030851945,0.686210552480147
"param_and_process","AC_cover","chemical","SFE-M-3",20.0992295134939,0.46333569537874
"param_and_process","AC_cover","chemical","SFE-M-4",17.6959929504694,0.400099586498894
"param_and_process","AC_cover","chemical","SFE-SH-1S",12.2631350869443,0.566838209046541
"param_and_process","AC_cover","chemical","SFE-M-1S",13.299845030936,0.508286762391139
"param_and_process","AC_cover","chemical","SFE-M-2",15.4126874903429,0.679757020720064
"param_and_process","AC_cover","chemical","SFE-M-3",19.7804044970413,0.459344399532495
"param_and_process","AC_cover","chemical","SFE-M-4",17.7767845835054,0.395800614163494
"param_and_process","AC_cover","chemical","SFE-SH-1S",12.4274922072763,0.56497854132751
"param_and_process","AC_cover","chemical","SFE-M-1S",12.2766523310351,0.547539180295618
"param_and_process","AC_cover","chemical","SFE-M-2",17.3181988725358,0.686101916579533
"param_and_process","AC_cover","chemical","SFE-M-3",19.2640346332195,0.536340870046813
"param_and_process","AC_cover","chemical","SFE-M-4",20.2236763102129,0.337147206014802
"param_and_process","AC_cover","chemical","SFE-SH-1S",16.9074147743605,0.530138533419096
"param_and_process","AC_cover","ecohydrological","SFE-M-2",14.7700161953856,0.716000314353359
"param_and_process","AC_cover","ecohydrological","SFE-M-3",16.9642804784076,0.575281455735028
"param_and_process","AC_cover","ecohydrological","SFE-M-4",24.9014448050167,0.481354423118281
"param_and_process","AC_cover","ecohydrological","SFE-SH-1S",17.3346058395118,0.521530038634708
"param_and_process","AC_cover","physical","SFE-M-1S",11.957399411379,0.564786678891359
"param_and_process","AC_cover","physical","SFE-M-2",13.3793744449221,0.713309923920503
"param_and_process","AC_cover","physical","SFE-M-3",13.6717985804796,0.588184181802509
"param_and_process","AC_cover","physical","SFE-M-4",15.1434064647764,0.521114233270953
"param_and_process","AC_cover","physical","SFE-SH-1S",15.165243556288,0.550495839429798
"param_and_process","AC_cover","physicochemical","SFE-M-1S",12.2766523310351,0.547539180295618
"param_and_process","AC_cover","physicochemical","SFE-M-2",17.3181988725358,0.686101916579533
"param_and_process","AC_cover","physicochemical","SFE-M-3",19.2640346332195,0.536340870046813
"param_and_process","AC_cover","physicochemical","SFE-M-4",20.2236763102129,0.337147206014802
"param_and_process","AC_cover","physicochemical","SFE-SH-1S",16.9074147743605,0.530138533419096
"param_and_process","M_atx","all","SFE-M-1S",15.1427474706757,0.303798982317768
"param_and_process","M_atx","all","SFE-M-2",14.991176812219,0.293944271029648
"param_and_process","M_atx","all","SFE-M-3",16.255994063238,0.250531931552571
"param_and_process","M_atx","all","SFE-M-4",11.6268465023245,0.477182039092716
"param_and_process","M_atx","all","SFE-SH-1S",15.4599044582851,0.344791590673842
"param_and_process","M_atx","all","w",13.9163610691475,0.337926075899607
"param_and_process","M_atx","all","w",15.0384815775566,0.29005756314791
"param_and_process","M_atx","all","w",16.206063304801,0.239541477230355
"param_and_process","M_atx","all","w",11.2133427787861,0.48086483115251
"param_and_process","M_atx","all","w",15.5350690056347,0.337016021815514
"param_and_process","M_atx","all_w_cover","w",13.9163610691475,0.337926075899607
"param_and_process","M_atx","all_w_cover","w",15.0384815775566,0.29005756314791
"param_and_process","M_atx","all_w_cover","w",16.206063304801,0.239541477230355
"param_and_process","M_atx","all_w_cover","w",11.2133427787861,0.48086483115251
"param_and_process","M_atx","all_w_cover","w",15.5350690056347,0.337016021815514
"param_and_process","M_atx","biochemical","SFE-M-1S",14.9747739328457,0.291512176915949
"param_and_process","M_atx","biochemical","SFE-M-2",14.9102036774714,0.267512581389
"param_and_process","M_atx","biochemical","SFE-M-3",15.3531791035915,0.228696976264604
"param_and_process","M_atx","biochemical","SFE-M-4",12.1725403188357,0.444877868154266
"param_and_process","M_atx","biochemical","SFE-SH-1S",15.0135063862852,0.349185599905907
"param_and_process","M_atx","biochemical","w",13.9170290343352,0.330662596154581
"param_and_process","M_atx","biochemical","w",14.9120979985043,0.292620982455475
"param_and_process","M_atx","biochemical","w",15.2897354258864,0.228338105337445
"param_and_process","M_atx","biochemical","w",12.3835830011015,0.449865003417162
"param_and_process","M_atx","biochemical","w",15.061187058389,0.350726450332904
"param_and_process","M_atx","biochemical_w_cover","w",13.9170290343352,0.330662596154581
"param_and_process","M_atx","biochemical_w_cover","w",14.9120979985043,0.292620982455475
"param_and_process","M_atx","biochemical_w_cover","w",15.2897354258864,0.228338105337445
"param_and_process","M_atx","biochemical_w_cover","w",12.3835830011015,0.449865003417162
"param_and_process","M_atx","biochemical_w_cover","w",15.061187058389,0.350726450332904
"param_and_process","M_atx","biological","SFE-M-1S",21.946299870561,0.367006973360975
"param_and_process","M_atx","biological","SFE-M-2",20.7068010060456,0.396994437007103
"param_and_process","M_atx","biological","SFE-M-3",20.9727624932121,0.385409535473231
"param_and_process","M_atx","biological","SFE-M-4",22.0135138867343,0.403245344621851
"param_and_process","M_atx","biological","SFE-SH-1S",20.3247251653203,0.437750243361614
"param_and_process","M_atx","biological","w",21.3181851351287,0.34441420646531
"param_and_process","M_atx","biological","w",18.7706263122071,0.40641675875621
"param_and_process","M_atx","biological","w",20.0243326626134,0.370567586300461
"param_and_process","M_atx","biological","w",21.4935429313384,0.409199983145384
"param_and_process","M_atx","biological","w",19.3496129362114,0.423208241639413
"param_and_process","M_atx","biological_w_cover","w",21.3181851351287,0.34441420646531
"param_and_process","M_atx","biological_w_cover","w",18.7706263122071,0.40641675875621
"param_and_process","M_atx","biological_w_cover","w",20.0243326626134,0.370567586300461
"param_and_process","M_atx","biological_w_cover","w",21.4935429313384,0.409199983145384
"param_and_process","M_atx","biological_w_cover","w",19.3496129362114,0.423208241639413
"param_and_process","M_atx","chemical","SFE-M-1S",14.9747739328457,0.291512176915949
"param_and_process","M_atx","chemical","SFE-M-2",14.9102036774714,0.267512581389
"param_and_process","M_atx","chemical","SFE-M-3",15.3531791035915,0.228696976264604
"param_and_process","M_atx","chemical","SFE-M-4",12.1725403188357,0.444877868154266
"param_and_process","M_atx","chemical","SFE-SH-1S",15.0135063862852,0.349185599905907
"param_and_process","M_atx","chemical","w",13.9170290343352,0.330662596154581
"param_and_process","M_atx","chemical","w",14.9120979985043,0.292620982455475
"param_and_process","M_atx","chemical","w",15.2897354258864,0.228338105337445
"param_and_process","M_atx","chemical","w",12.3835830011015,0.449865003417162
"param_and_process","M_atx","chemical","w",15.061187058389,0.350726450332904
"param_and_process","M_atx","chemical","SFE-M-1S",18.7459754642781,0.339191910459208
"param_and_process","M_atx","chemical","SFE-M-2",18.8442274435639,0.335405124541394
"param_and_process","M_atx","chemical","SFE-M-3",19.2281333397315,0.349311089867132
"param_and_process","M_atx","chemical","SFE-M-4",18.8581965112847,0.432010747497564
"param_and_process","M_atx","chemical","SFE-SH-1S",18.4236015537829,0.369785525808816
"param_and_process","M_atx","chemical","w",14.7740217477919,0.288165898498102
"param_and_process","M_atx","chemical","w",14.5575741575114,0.270103125244653
"param_and_process","M_atx","chemical","w",15.0397781208454,0.228115345256353
"param_and_process","M_atx","chemical","w",12.0799231797305,0.448631409077716
"param_and_process","M_atx","chemical","w",14.8904245724543,0.347836103999893
"param_and_process","M_atx","chemical","SFE-M-1S",15.5444533054553,0.321638576628286
"param_and_process","M_atx","chemical","SFE-M-2",15.5897405168411,0.319230263764149
"param_and_process","M_atx","chemical","SFE-M-3",16.9342737365977,0.297575851413955
"param_and_process","M_atx","chemical","SFE-M-4",13.4618612795173,0.461474610488328
"param_and_process","M_atx","chemical","SFE-SH-1S",16.3560861311989,0.310013448796508
"param_and_process","M_atx","chemical","w",15.0369087670521,0.303385634708245
"param_and_process","M_atx","chemical","w",14.7021973362301,0.296990942165657
"param_and_process","M_atx","chemical","w",15.9721281000491,0.248650861735201
"param_and_process","M_atx","chemical","w",11.5713555102825,0.482603331218543
"param_and_process","M_atx","chemical","w",15.3575115625485,0.34339799609439
"param_and_process","M_atx","chemical_w_cover","w",13.9170290343352,0.330662596154581
"param_and_process","M_atx","chemical_w_cover","w",14.9120979985043,0.292620982455475
"param_and_process","M_atx","chemical_w_cover","w",15.2897354258864,0.228338105337445
"param_and_process","M_atx","chemical_w_cover","w",12.3835830011015,0.449865003417162
"param_and_process","M_atx","chemical_w_cover","w",15.061187058389,0.350726450332904
"param_and_process","M_atx","chemical_w_cover","w",14.7740217477919,0.288165898498102
"param_and_process","M_atx","chemical_w_cover","w",14.5575741575114,0.270103125244653
"param_and_process","M_atx","chemical_w_cover","w",15.0397781208454,0.228115345256353
"param_and_process","M_atx","chemical_w_cover","w",12.0799231797305,0.448631409077716
"param_and_process","M_atx","chemical_w_cover","w",14.8904245724543,0.347836103999893
"param_and_process","M_atx","chemical_w_cover","w",15.0369087670521,0.303385634708245
"param_and_process","M_atx","chemical_w_cover","w",14.7021973362301,0.296990942165657
"param_and_process","M_atx","chemical_w_cover","w",15.9721281000491,0.248650861735201
"param_and_process","M_atx","chemical_w_cover","w",11.5713555102825,0.482603331218543
"param_and_process","M_atx","chemical_w_cover","w",15.3575115625485,0.34339799609439
"param_and_process","M_atx","ecohydrological","SFE-M-1S",16.6202236251661,0.301654345153177
"param_and_process","M_atx","ecohydrological","SFE-M-2",15.6255311410251,0.330618745176048
"param_and_process","M_atx","ecohydrological","SFE-M-3",16.3914890479775,0.286827105220882
"param_and_process","M_atx","ecohydrological","SFE-M-4",13.7316665493344,0.459299125587004
"param_and_process","M_atx","ecohydrological","SFE-SH-1S",16.0185882116689,0.318037007911131
"param_and_process","M_atx","ecohydrological","w",16.0377711643335,0.314686405642996
"param_and_process","M_atx","ecohydrological","w",15.2713462579617,0.323581698289586
"param_and_process","M_atx","ecohydrological","w",16.3933907739129,0.274605249994587
"param_and_process","M_atx","ecohydrological","w",13.4994252638011,0.468502115204717
"param_and_process","M_atx","ecohydrological","w",15.4320785087528,0.313855705640195
"param_and_process","M_atx","ecohydrological_w_cover","w",16.0377711643335,0.314686405642996
"param_and_process","M_atx","ecohydrological_w_cover","w",15.2713462579617,0.323581698289586
"param_and_process","M_atx","ecohydrological_w_cover","w",16.3933907739129,0.274605249994587
"param_and_process","M_atx","ecohydrological_w_cover","w",13.4994252638011,0.468502115204717
"param_and_process","M_atx","ecohydrological_w_cover","w",15.4320785087528,0.313855705640195
"param_and_process","M_atx","physical","SFE-M-1S",21.3579608933401,0.350272147486276
"param_and_process","M_atx","physical","SFE-M-2",19.9395136002159,0.384484575959719
"param_and_process","M_atx","physical","SFE-M-3",20.3055209985149,0.368261563511063
"param_and_process","M_atx","physical","SFE-M-4",20.6694727502949,0.400924393706143
"param_and_process","M_atx","physical","SFE-SH-1S",19.4819747014642,0.42153047918643
"param_and_process","M_atx","physical","w",16.264436436568,0.298188314091244
"param_and_process","M_atx","physical","w",14.8201636526897,0.336114395309816
"param_and_process","M_atx","physical","w",16.0304960317448,0.284627394618023
"param_and_process","M_atx","physical","w",13.7651692950776,0.46501701483094
"param_and_process","M_atx","physical","w",15.6139965438434,0.317091596735086
"param_and_process","M_atx","physical_w_cover","w",16.264436436568,0.298188314091244
"param_and_process","M_atx","physical_w_cover","w",14.8201636526897,0.336114395309816
"param_and_process","M_atx","physical_w_cover","w",16.0304960317448,0.284627394618023
"param_and_process","M_atx","physical_w_cover","w",13.7651692950776,0.46501701483094
"param_and_process","M_atx","physical_w_cover","w",15.6139965438434,0.317091596735086
"param_and_process","M_atx","physicochemical","SFE-M-1S",15.5444533054553,0.321638576628286
"param_and_process","M_atx","physicochemical","SFE-M-2",15.5897405168411,0.319230263764149
"param_and_process","M_atx","physicochemical","SFE-M-3",16.9342737365977,0.297575851413955
"param_and_process","M_atx","physicochemical","SFE-M-4",13.4618612795173,0.461474610488328
"param_and_process","M_atx","physicochemical","SFE-SH-1S",16.3560861311989,0.310013448796508
"param_and_process","M_atx","physicochemical","w",15.0369087670521,0.303385634708245
"param_and_process","M_atx","physicochemical","w",14.7021973362301,0.296990942165657
"param_and_process","M_atx","physicochemical","w",15.9721281000491,0.248650861735201
"param_and_process","M_atx","physicochemical","w",11.5713555102825,0.482603331218543
"param_and_process","M_atx","physicochemical","w",15.3575115625485,0.34339799609439
"param_and_process","M_atx","physicochemical_w_cover","w",15.0369087670521,0.303385634708245
"param_and_process","M_atx","physicochemical_w_cover","w",14.7021973362301,0.296990942165657
"param_and_process","M_atx","physicochemical_w_cover","w",15.9721281000491,0.248650861735201
"param_and_process","M_atx","physicochemical_w_cover","w",11.5713555102825,0.482603331218543
"param_and_process","M_atx","physicochemical_w_cover","w",15.3575115625485,0.34339799609439
"param_and_process","AC_atx","all","SFE-M-1S",16.1794671472461,0.283773861483039
"param_and_process","AC_atx","all","SFE-M-2",14.4440917427531,0.328666823024992
"param_and_process","AC_atx","all","SFE-M-3",14.3202672418778,0.382424969090716
"param_and_process","AC_atx","all","SFE-M-4",15.198520284762,0.330038665138205
"param_and_process","AC_atx","all","SFE-SH-1S",15.8412840763969,0.315040435601294
"param_and_process","AC_atx","all","w",14.5944273350061,0.242657809533772
"param_and_process","AC_atx","all","w",12.2650703901427,0.296968956323097
"param_and_process","AC_atx","all","w",13.8267096233497,0.349324569743099
"param_and_process","AC_atx","all","w",13.8462301179985,0.293335856016583
"param_and_process","AC_atx","all","w",12.8620403530011,0.311266042989283
"param_and_process","AC_atx","all_w_cover","w",14.5944273350061,0.242657809533772
"param_and_process","AC_atx","all_w_cover","w",12.2650703901427,0.296968956323097
"param_and_process","AC_atx","all_w_cover","w",13.8267096233497,0.349324569743099
"param_and_process","AC_atx","all_w_cover","w",13.8462301179985,0.293335856016583
"param_and_process","AC_atx","all_w_cover","w",12.8620403530011,0.311266042989283
"param_and_process","AC_atx","biochemical","SFE-M-1S",18.0131251150184,0.324432724061944
"param_and_process","AC_atx","biochemical","SFE-M-2",17.9771460896459,0.323828508020667
"param_and_process","AC_atx","biochemical","SFE-M-3",17.2555279163357,0.404394126452274
"param_and_process","AC_atx","biochemical","SFE-M-4",16.6363952095161,0.38333281719703
"param_and_process","AC_atx","biochemical","SFE-SH-1S",17.9748994346042,0.337036732113885
"param_and_process","AC_atx","biochemical","w",15.8795898845471,0.265287850357803
"param_and_process","AC_atx","biochemical","w",14.2226286849875,0.281451011966991
"param_and_process","AC_atx","biochemical","w",15.4115104224013,0.347035113753634
"param_and_process","AC_atx","biochemical","w",14.2274837809702,0.334846433987233
"param_and_process","AC_atx","biochemical","w",13.1859976954019,0.322345860594512
"param_and_process","AC_atx","biochemical_w_cover","w",15.8795898845471,0.265287850357803
"param_and_process","AC_atx","biochemical_w_cover","w",14.2226286849875,0.281451011966991
"param_and_process","AC_atx","biochemical_w_cover","w",15.4115104224013,0.347035113753634
"param_and_process","AC_atx","biochemical_w_cover","w",14.2274837809702,0.334846433987233
"param_and_process","AC_atx","biochemical_w_cover","w",13.1859976954019,0.322345860594512
"param_and_process","AC_atx","biological","SFE-M-1S",19.2839763791595,0.341095424354693
"param_and_process","AC_atx","biological","SFE-M-2",19.5301912919269,0.35297244310345
"param_and_process","AC_atx","biological","SFE-M-3",18.6977840790798,0.379848280536046
"param_and_process","AC_atx","biological","SFE-M-4",18.4081598132901,0.3834941242263
"param_and_process","AC_atx","biological","SFE-SH-1S",18.3933566783393,0.367426565805688
"param_and_process","AC_atx","biological","w",13.834802648345,0.20836491774151
"param_and_process","AC_atx","biological","w",9.8677204513484,0.3020414473967
"param_and_process","AC_atx","biological","w",13.5107216391076,0.249816704266542
"param_and_process","AC_atx","biological","w",13.6515025246809,0.257244219320826
"param_and_process","AC_atx","biological","w",10.4880528185246,0.268344248322259
"param_and_process","AC_atx","biological_w_cover","w",13.834802648345,0.20836491774151
"param_and_process","AC_atx","biological_w_cover","w",9.8677204513484,0.3020414473967
"param_and_process","AC_atx","biological_w_cover","w",13.5107216391076,0.249816704266542
"param_and_process","AC_atx","biological_w_cover","w",13.6515025246809,0.257244219320826
"param_and_process","AC_atx","biological_w_cover","w",10.4880528185246,0.268344248322259
"param_and_process","AC_atx","chemical","SFE-M-1S",18.0131251150184,0.324432724061944
"param_and_process","AC_atx","chemical","SFE-M-2",17.9771460896459,0.323828508020667
"param_and_process","AC_atx","chemical","SFE-M-3",17.2555279163357,0.404394126452274
"param_and_process","AC_atx","chemical","SFE-M-4",16.6363952095161,0.38333281719703
"param_and_process","AC_atx","chemical","SFE-SH-1S",17.9748994346042,0.337036732113885
"param_and_process","AC_atx","chemical","w",15.8795898845471,0.265287850357803
"param_and_process","AC_atx","chemical","w",14.2226286849875,0.281451011966991
"param_and_process","AC_atx","chemical","w",15.4115104224013,0.347035113753634
"param_and_process","AC_atx","chemical","w",14.2274837809702,0.334846433987233
"param_and_process","AC_atx","chemical","w",13.1859976954019,0.322345860594512
"param_and_process","AC_atx","chemical","SFE-M-1S",18.651433177315,0.350431385002399
"param_and_process","AC_atx","chemical","SFE-M-2",19.3991162181322,0.347370075630191
"param_and_process","AC_atx","chemical","SFE-M-3",17.4750148588542,0.417838577921937
"param_and_process","AC_atx","chemical","SFE-M-4",18.5660448140131,0.373851510943329
"param_and_process","AC_atx","chemical","SFE-SH-1S",18.4912594906457,0.371776494632466
"param_and_process","AC_atx","chemical","w",15.2393643952755,0.265986600934573
"param_and_process","AC_atx","chemical","w",13.4863178290019,0.290951643361133
"param_and_process","AC_atx","chemical","w",15.3008423492352,0.352153469665362
"param_and_process","AC_atx","chemical","w",14.5032382770501,0.337609640191994
"param_and_process","AC_atx","chemical","w",15.2434620908398,0.288218949031176
"param_and_process","AC_atx","chemical","SFE-M-1S",16.0181652420629,0.280474880985542
"param_and_process","AC_atx","chemical","SFE-M-2",14.1510023853922,0.32453899012873
"param_and_process","AC_atx","chemical","SFE-M-3",14.3596711470249,0.381301350931534
"param_and_process","AC_atx","chemical","SFE-M-4",15.0373983927721,0.319570619269717
"param_and_process","AC_atx","chemical","SFE-SH-1S",15.894586736985,0.298410863253186
"param_and_process","AC_atx","chemical","w",14.4164820202275,0.245885093570606
"param_and_process","AC_atx","chemical","w",11.5686880510917,0.312153585721658
"param_and_process","AC_atx","chemical","w",13.4513162255546,0.35355235507344
"param_and_process","AC_atx","chemical","w",13.9094104189555,0.296585115574802
"param_and_process","AC_atx","chemical","w",14.0005913390448,0.277112185264588
"param_and_process","AC_atx","chemical_w_cover","w",15.8795898845471,0.265287850357803
"param_and_process","AC_atx","chemical_w_cover","w",14.2226286849875,0.281451011966991
"param_and_process","AC_atx","chemical_w_cover","w",15.4115104224013,0.347035113753634
"param_and_process","AC_atx","chemical_w_cover","w",14.2274837809702,0.334846433987233
"param_and_process","AC_atx","chemical_w_cover","w",13.1859976954019,0.322345860594512
"param_and_process","AC_atx","chemical_w_cover","w",15.2393643952755,0.265986600934573
"param_and_process","AC_atx","chemical_w_cover","w",13.4863178290019,0.290951643361133
"param_and_process","AC_atx","chemical_w_cover","w",15.3008423492352,0.352153469665362
"param_and_process","AC_atx","chemical_w_cover","w",14.5032382770501,0.337609640191994
"param_and_process","AC_atx","chemical_w_cover","w",15.2434620908398,0.288218949031176
"param_and_process","AC_atx","chemical_w_cover","w",14.4164820202275,0.245885093570606
"param_and_process","AC_atx","chemical_w_cover","w",11.5686880510917,0.312153585721658
"param_and_process","AC_atx","chemical_w_cover","w",13.4513162255546,0.35355235507344
"param_and_process","AC_atx","chemical_w_cover","w",13.9094104189555,0.296585115574802
"param_and_process","AC_atx","chemical_w_cover","w",14.0005913390448,0.277112185264588
"param_and_process","AC_atx","ecohydrological","SFE-M-1S",16.8912284131645,0.30074410392059
"param_and_process","AC_atx","ecohydrological","SFE-M-2",16.2851716899312,0.339952755275586
"param_and_process","AC_atx","ecohydrological","SFE-M-3",16.4487028045436,0.321752330765719
"param_and_process","AC_atx","ecohydrological","SFE-M-4",15.8033962203814,0.340582534663766
"param_and_process","AC_atx","ecohydrological","SFE-SH-1S",16.4542760610939,0.315079995380365
"param_and_process","AC_atx","ecohydrological","w",14.0465787590254,0.231187078190417
"param_and_process","AC_atx","ecohydrological","w",12.0616274728618,0.294335026874505
"param_and_process","AC_atx","ecohydrological","w",13.5683988671812,0.263888980766561
"param_and_process","AC_atx","ecohydrological","w",13.430384838632,0.278469028361555
"param_and_process","AC_atx","ecohydrological","w",12.5555091528567,0.281060731538358
"param_and_process","AC_atx","ecohydrological_w_cover","w",14.0465787590254,0.231187078190417
"param_and_process","AC_atx","ecohydrological_w_cover","w",12.0616274728618,0.294335026874505
"param_and_process","AC_atx","ecohydrological_w_cover","w",13.5683988671812,0.263888980766561
"param_and_process","AC_atx","ecohydrological_w_cover","w",13.430384838632,0.278469028361555
"param_and_process","AC_atx","ecohydrological_w_cover","w",12.5555091528567,0.281060731538358
"param_and_process","AC_atx","physical","SFE-M-1S",18.0632858277955,0.324387830287192
"param_and_process","AC_atx","physical","SFE-M-2",17.9124363743078,0.35080539364238
"param_and_process","AC_atx","physical","SFE-M-3",17.6335074552866,0.352937073389086
"param_and_process","AC_atx","physical","SFE-M-4",17.0813763100155,0.363612919902474
"param_and_process","AC_atx","physical","SFE-SH-1S",17.6299294961558,0.341830823284802
"param_and_process","AC_atx","physical","w",15.0534237773059,0.259970269491844
"param_and_process","AC_atx","physical","w",11.8556134611681,0.334167261573313
"param_and_process","AC_atx","physical","w",14.6520642817821,0.278832296734715
"param_and_process","AC_atx","physical","w",14.5603841335133,0.303338077554976
"param_and_process","AC_atx","physical","w",14.1193045463029,0.268367628701804
"param_and_process","AC_atx","physical_w_cover","w",15.0534237773059,0.259970269491844
"param_and_process","AC_atx","physical_w_cover","w",11.8556134611681,0.334167261573313
"param_and_process","AC_atx","physical_w_cover","w",14.6520642817821,0.278832296734715
"param_and_process","AC_atx","physical_w_cover","w",14.5603841335133,0.303338077554976
"param_and_process","AC_atx","physical_w_cover","w",14.1193045463029,0.268367628701804
"param_and_process","AC_atx","physicochemical","SFE-M-1S",16.0181652420629,0.280474880985542
"param_and_process","AC_atx","physicochemical","SFE-M-2",14.1510023853922,0.32453899012873
"param_and_process","AC_atx","physicochemical","SFE-M-3",14.3596711470249,0.381301350931534
"param_and_process","AC_atx","physicochemical","SFE-M-4",15.0373983927721,0.319570619269717
"param_and_process","AC_atx","physicochemical","SFE-SH-1S",15.894586736985,0.298410863253186
"param_and_process","AC_atx","physicochemical","w",14.4164820202275,0.245885093570606
"param_and_process","AC_atx","physicochemical","w",11.5686880510917,0.312153585721658
"param_and_process","AC_atx","physicochemical","w",13.4513162255546,0.35355235507344
"param_and_process","AC_atx","physicochemical","w",13.9094104189555,0.296585115574802
"param_and_process","AC_atx","physicochemical","w",14.0005913390448,0.277112185264588
"param_and_process","AC_atx","physicochemical_w_cover","w",14.4164820202275,0.245885093570606
"param_and_process","AC_atx","physicochemical_w_cover","w",11.5686880510917,0.312153585721658
"param_and_process","AC_atx","physicochemical_w_cover","w",13.4513162255546,0.35355235507344
"param_and_process","AC_atx","physicochemical_w_cover","w",13.9094104189555,0.296585115574802
"param_and_process","AC_atx","physicochemical_w_cover","w",14.0005913390448,0.277112185264588
"process_only","M_cover","all","SFE-M-1S",15.4229337354623,0.270743751841578
"process_only","M_cover","all","SFE-M-2",17.4313600167743,0.298287489738971
"process_only","M_cover","all","SFE-M-3",14.5786781581008,0.38664103776507
"process_only","M_cover","all","SFE-M-4",17.2549783861386,0.398319039236207
"process_only","M_cover","all","SFE-SH-1S",16.348043674852,0.24423450090744
"process_only","M_cover","biochemical","SFE-M-1S",15.2541825764457,0.29381092238816
"process_only","M_cover","biochemical","SFE-M-2",18.6426510642296,0.32148054253629
"process_only","M_cover","biochemical","SFE-M-3",21.6009705121593,0.401154032498502
"process_only","M_cover","biochemical","SFE-M-4",20.0879257478266,0.620995306481564
"process_only","M_cover","biochemical","SFE-SH-1S",19.8988064705863,0.314343064253846
"process_only","M_cover","biological","SFE-M-1S",19.4986201768027,0.312484208170885
"process_only","M_cover","biological","SFE-M-2",21.0479989360522,0.327430672026923
"process_only","M_cover","biological","SFE-M-3",18.3940634709589,0.319649175533478
"process_only","M_cover","biological","SFE-M-4",23.3424511475664,0.539121862041459
"process_only","M_cover","biological","SFE-SH-1S",21.3260622088189,0.315447830844598
"process_only","M_cover","chemical","SFE-M-1S",15.2541825764457,0.29381092238816
"process_only","M_cover","chemical","SFE-M-2",18.6426510642296,0.32148054253629
"process_only","M_cover","chemical","SFE-M-3",21.6009705121593,0.401154032498502
"process_only","M_cover","chemical","SFE-M-4",20.0879257478266,0.620995306481564
"process_only","M_cover","chemical","SFE-SH-1S",19.8988064705863,0.314343064253846
"process_only","M_cover","chemical","SFE-M-1S",14.6608089663361,0.296041034639793
"process_only","M_cover","chemical","SFE-M-2",19.3550452178002,0.357268287451434
"process_only","M_cover","chemical","SFE-M-3",21.2143196442976,0.394715497075254
"process_only","M_cover","chemical","SFE-M-4",21.339474142519,0.640136629954939
"process_only","M_cover","chemical","SFE-SH-1S",18.5925854499319,0.358404674720304
"process_only","M_cover","chemical","SFE-M-1S",14.6300510989539,0.269444567714318
"process_only","M_cover","chemical","SFE-M-2",16.0611849133752,0.263500640302493
"process_only","M_cover","chemical","SFE-M-3",15.0617226352178,0.393616666395229
"process_only","M_cover","chemical","SFE-M-4",16.469667394173,0.395802761166464
"process_only","M_cover","chemical","SFE-SH-1S",16.3523657490756,0.238939786553469
"process_only","M_cover","ecohydrological","SFE-M-1S",15.3459593127692,0.256069081260795
"process_only","M_cover","ecohydrological","SFE-M-2",16.1897703379442,0.252155469235272
"process_only","M_cover","ecohydrological","SFE-M-3",14.9990351696004,0.263900511420319
"process_only","M_cover","ecohydrological","SFE-M-4",15.2737428276865,0.441076754635394
"process_only","M_cover","ecohydrological","SFE-SH-1S",16.6597216736036,0.224164150462896
"process_only","M_cover","physical","SFE-M-1S",15.4840911334332,0.255402652604404
"process_only","M_cover","physical","SFE-M-2",16.1482327081732,0.252126223012775
"process_only","M_cover","physical","SFE-M-3",15.6156737090137,0.252227681943495
"process_only","M_cover","physical","SFE-M-4",15.3843169661004,0.437841937814718
"process_only","M_cover","physical","SFE-SH-1S",16.536455974527,0.220605450669323
"process_only","M_cover","physicochemical","SFE-M-1S",14.6300510989539,0.269444567714318
"process_only","M_cover","physicochemical","SFE-M-2",16.0611849133752,0.263500640302493
"process_only","M_cover","physicochemical","SFE-M-3",15.0617226352178,0.393616666395229
"process_only","M_cover","physicochemical","SFE-M-4",16.469667394173,0.395802761166464
"process_only","M_cover","physicochemical","SFE-SH-1S",16.3523657490756,0.238939786553469
"process_only","AC_cover","all","SFE-M-2",11.8297720042399,0.710552940481728
"process_only","AC_cover","all","SFE-M-3",13.4616346082717,0.570436794731264
"process_only","AC_cover","all","SFE-M-4",15.1026242597487,0.330519455503652
"process_only","AC_cover","all","SFE-SH-1S",15.2013747317663,0.482561146913646
"process_only","AC_cover","biochemical","SFE-M-2",13.7157942401449,0.688876206680534
"process_only","AC_cover","biochemical","SFE-M-3",16.9757883672558,0.466113017735921
"process_only","AC_cover","biochemical","SFE-M-4",14.9641071459778,0.410170875955297
"process_only","AC_cover","biochemical","SFE-SH-1S",11.7310085264425,0.568439834811196
"process_only","AC_cover","biological","SFE-M-2",20.0568621673077,0.403662402609199
"process_only","AC_cover","biological","SFE-M-3",19.6223869200871,0.358275854668171
"process_only","AC_cover","biological","SFE-M-4",19.0056767097363,0.372233123703096
"process_only","AC_cover","biological","SFE-SH-1S",19.7801736012873,0.335775896602915
"process_only","AC_cover","chemical","SFE-M-2",13.7157942401449,0.688876206680534
"process_only","AC_cover","chemical","SFE-M-3",16.9757883672558,0.466113017735921
"process_only","AC_cover","chemical","SFE-M-4",14.9641071459778,0.410170875955297
"process_only","AC_cover","chemical","SFE-SH-1S",11.7310085264425,0.568439834811196
"process_only","AC_cover","chemical","SFE-M-1S",12.4554517883866,0.513292384668978
"process_only","AC_cover","chemical","SFE-M-2",13.9414189208324,0.685122538835878
"process_only","AC_cover","chemical","SFE-M-3",17.0619547501084,0.462302882901765
"process_only","AC_cover","chemical","SFE-M-4",14.9353448668848,0.403607620308953
"process_only","AC_cover","chemical","SFE-SH-1S",11.7632959058823,0.567115733256638
"process_only","AC_cover","chemical","SFE-M-1S",9.90266616790782,0.556214744632695
"process_only","AC_cover","chemical","SFE-M-2",11.728769995737,0.709835301152112
"process_only","AC_cover","chemical","SFE-M-3",13.4274428556549,0.566975851113415
"process_only","AC_cover","chemical","SFE-M-4",14.7300999937647,0.294741040776965
"process_only","AC_cover","chemical","SFE-SH-1S",12.570435240996,0.556482718056237
"process_only","AC_cover","ecohydrological","SFE-M-2",11.9503309951963,0.721539630220396
"process_only","AC_cover","ecohydrological","SFE-M-3",13.0020970923462,0.581292738456815
"process_only","AC_cover","ecohydrological","SFE-M-4",16.6427133845557,0.504837543521253
"process_only","AC_cover","ecohydrological","SFE-SH-1S",13.5869025389646,0.523578146386939
"process_only","AC_cover","physical","SFE-M-1S",10.9343803430998,0.564118951053975
"process_only","AC_cover","physical","SFE-M-2",11.8073961308206,0.71411016981386
"process_only","AC_cover","physical","SFE-M-3",12.3667038049792,0.586105299479224
"process_only","AC_cover","physical","SFE-M-4",13.5360645569783,0.516926469261031
"process_only","AC_cover","physical","SFE-SH-1S",13.4331192664641,0.546062827711036
"process_only","AC_cover","physicochemical","SFE-M-1S",9.90266616790782,0.556214744632695
"process_only","AC_cover","physicochemical","SFE-M-2",11.728769995737,0.709835301152112
"process_only","AC_cover","physicochemical","SFE-M-3",13.4274428556549,0.566975851113415
"process_only","AC_cover","physicochemical","SFE-M-4",14.7300999937647,0.294741040776965
"process_only","AC_cover","physicochemical","SFE-SH-1S",12.570435240996,0.556482718056237
"process_only","M_atx","all","SFE-M-1S",14.4637177644692,0.301908907027958
"process_only","M_atx","all","SFE-M-2",14.3201145193561,0.291152340654399
"process_only","M_atx","all","SFE-M-3",15.1366428880782,0.241993513799037
"process_only","M_atx","all","SFE-M-4",10.8895287006207,0.481246794333169
"process_only","M_atx","all","SFE-SH-1S",14.6948257393685,0.341623747328006
"process_only","M_atx","all","w",13.187071118207,0.336508575612837
"process_only","M_atx","all","w",14.1044614034537,0.28569377459568
"process_only","M_atx","all","w",15.0246063164981,0.228921188695957
"process_only","M_atx","all","w",10.391602426897,0.483170644008844
"process_only","M_atx","all","w",14.6794352619127,0.332392589215949
"process_only","M_atx","all_w_cover","w",13.187071118207,0.336508575612837
"process_only","M_atx","all_w_cover","w",14.1044614034537,0.28569377459568
"process_only","M_atx","all_w_cover","w",15.0246063164981,0.228921188695957
"process_only","M_atx","all_w_cover","w",10.391602426897,0.483170644008844
"process_only","M_atx","all_w_cover","w",14.6794352619127,0.332392589215949
"process_only","M_atx","biochemical","SFE-M-1S",14.6430814416697,0.290125939512339
"process_only","M_atx","biochemical","SFE-M-2",14.4266779452513,0.263195037013352
"process_only","M_atx","biochemical","SFE-M-3",14.9207596146303,0.22433727753781
"process_only","M_atx","biochemical","SFE-M-4",11.6384842297791,0.446081596700098
"process_only","M_atx","biochemical","SFE-SH-1S",14.5448884422317,0.347765288003812
"process_only","M_atx","biochemical","w",13.4456815871002,0.331159729813135
"process_only","M_atx","biochemical","w",14.2219778347219,0.28973859936543
"process_only","M_atx","biochemical","w",14.8264971146454,0.223297942583699
"process_only","M_atx","biochemical","w",11.6792668770049,0.451828090576334
"process_only","M_atx","biochemical","w",14.3849779176318,0.346773131373686
"process_only","M_atx","biochemical_w_cover","w",13.4456815871002,0.331159729813135
"process_only","M_atx","biochemical_w_cover","w",14.2219778347219,0.28973859936543
"process_only","M_atx","biochemical_w_cover","w",14.8264971146454,0.223297942583699
"process_only","M_atx","biochemical_w_cover","w",11.6792668770049,0.451828090576334
"process_only","M_atx","biochemical_w_cover","w",14.3849779176318,0.346773131373686
"process_only","M_atx","biological","SFE-M-1S",21.9099404773125,0.366822157885199
"process_only","M_atx","biological","SFE-M-2",20.7061198531797,0.396846853507279
"process_only","M_atx","biological","SFE-M-3",20.8661116051174,0.386204234096339
"process_only","M_atx","biological","SFE-M-4",21.9793679432496,0.402920393130851
"process_only","M_atx","biological","SFE-SH-1S",20.2460485698931,0.436840061350224
"process_only","M_atx","biological","w",21.108961872454,0.342804023619411
"process_only","M_atx","biological","w",18.5714607576971,0.405793359535705
"process_only","M_atx","biological","w",19.811051503199,0.37033392842126
"process_only","M_atx","biological","w",21.3257848626647,0.409403509957417
"process_only","M_atx","biological","w",19.1420122371328,0.421858914645917
"process_only","M_atx","biological_w_cover","w",21.108961872454,0.342804023619411
"process_only","M_atx","biological_w_cover","w",18.5714607576971,0.405793359535705
"process_only","M_atx","biological_w_cover","w",19.811051503199,0.37033392842126
"process_only","M_atx","biological_w_cover","w",21.3257848626647,0.409403509957417
"process_only","M_atx","biological_w_cover","w",19.1420122371328,0.421858914645917
"process_only","M_atx","chemical","SFE-M-1S",14.6430814416697,0.290125939512339
"process_only","M_atx","chemical","SFE-M-2",14.4266779452513,0.263195037013352
"process_only","M_atx","chemical","SFE-M-3",14.9207596146303,0.22433727753781
"process_only","M_atx","chemical","SFE-M-4",11.6384842297791,0.446081596700098
"process_only","M_atx","chemical","SFE-SH-1S",14.5448884422317,0.347765288003812
"process_only","M_atx","chemical","w",13.4456815871002,0.331159729813135
"process_only","M_atx","chemical","w",14.2219778347219,0.28973859936543
"process_only","M_atx","chemical","w",14.8264971146454,0.223297942583699
"process_only","M_atx","chemical","w",11.6792668770049,0.451828090576334
"process_only","M_atx","chemical","w",14.3849779176318,0.346773131373686
"process_only","M_atx","chemical","SFE-M-1S",18.4214440688595,0.339858471307935
"process_only","M_atx","chemical","SFE-M-2",18.4869667089349,0.332769675076133
"process_only","M_atx","chemical","SFE-M-3",18.6117188909527,0.344537867261888
"process_only","M_atx","chemical","SFE-M-4",18.4775970633818,0.431622647270452
"process_only","M_atx","chemical","SFE-SH-1S",18.1099150635736,0.367895707916371
"process_only","M_atx","chemical","w",14.4223301173247,0.28785282457412
"process_only","M_atx","chemical","w",14.0376854218444,0.266277224190624
"process_only","M_atx","chemical","w",14.6643572027231,0.22461977134855
"process_only","M_atx","chemical","w",11.5883263196841,0.450204216166659
"process_only","M_atx","chemical","w",14.3879878491901,0.34475937608979
"process_only","M_atx","chemical","SFE-M-1S",15.1529165169971,0.320373838010421
"process_only","M_atx","chemical","SFE-M-2",14.9389149402281,0.316396213054889
"process_only","M_atx","chemical","SFE-M-3",16.0936643162139,0.288973102488643
"process_only","M_atx","chemical","SFE-M-4",12.9370194481831,0.463418238864887
"process_only","M_atx","chemical","SFE-SH-1S",15.7307131303359,0.304591691229855
"process_only","M_atx","chemical","w",14.3654912533177,0.301463002331882
"process_only","M_atx","chemical","w",14.0028137052026,0.293505489652155
"process_only","M_atx","chemical","w",14.8841072289102,0.2409462385821
"process_only","M_atx","chemical","w",10.8190041750131,0.485730596144879
"process_only","M_atx","chemical","w",14.5945689897869,0.340107936938206
"process_only","M_atx","chemical_w_cover","w",13.4456815871002,0.331159729813135
"process_only","M_atx","chemical_w_cover","w",14.2219778347219,0.28973859936543
"process_only","M_atx","chemical_w_cover","w",14.8264971146454,0.223297942583699
"process_only","M_atx","chemical_w_cover","w",11.6792668770049,0.451828090576334
"process_only","M_atx","chemical_w_cover","w",14.3849779176318,0.346773131373686
"process_only","M_atx","chemical_w_cover","w",14.4223301173247,0.28785282457412
"process_only","M_atx","chemical_w_cover","w",14.0376854218444,0.266277224190624
"process_only","M_atx","chemical_w_cover","w",14.6643572027231,0.22461977134855
"process_only","M_atx","chemical_w_cover","w",11.5883263196841,0.450204216166659
"process_only","M_atx","chemical_w_cover","w",14.3879878491901,0.34475937608979
"process_only","M_atx","chemical_w_cover","w",14.3654912533177,0.301463002331882
"process_only","M_atx","chemical_w_cover","w",14.0028137052026,0.293505489652155
"process_only","M_atx","chemical_w_cover","w",14.8841072289102,0.2409462385821
"process_only","M_atx","chemical_w_cover","w",10.8190041750131,0.485730596144879
"process_only","M_atx","chemical_w_cover","w",14.5945689897869,0.340107936938206
"process_only","M_atx","ecohydrological","SFE-M-1S",16.3422110370334,0.29907401466944
"process_only","M_atx","ecohydrological","SFE-M-2",15.3266399494338,0.33126898579379
"process_only","M_atx","ecohydrological","SFE-M-3",16.1343363067302,0.284530399750483
"process_only","M_atx","ecohydrological","SFE-M-4",13.4221605797295,0.462321291460759
"process_only","M_atx","ecohydrological","SFE-SH-1S",15.7516169505747,0.315708244064279
"process_only","M_atx","ecohydrological","w",15.6295230620408,0.312325876794246
"process_only","M_atx","ecohydrological","w",14.7869977299216,0.323338935075664
"process_only","M_atx","ecohydrological","w",15.8921345123057,0.270936235172266
"process_only","M_atx","ecohydrological","w",12.9811991360266,0.469857057595596
"process_only","M_atx","ecohydrological","w",15.0921467768713,0.311183715215135
"process_only","M_atx","ecohydrological_w_cover","w",15.6295230620408,0.312325876794246
"process_only","M_atx","ecohydrological_w_cover","w",14.7869977299216,0.323338935075664
"process_only","M_atx","ecohydrological_w_cover","w",15.8921345123057,0.270936235172266
"process_only","M_atx","ecohydrological_w_cover","w",12.9811991360266,0.469857057595596
"process_only","M_atx","ecohydrological_w_cover","w",15.0921467768713,0.311183715215135
"process_only","M_atx","physical","SFE-M-1S",21.0168001687246,0.347485406232797
"process_only","M_atx","physical","SFE-M-2",19.6797660438607,0.384001431261502
"process_only","M_atx","physical","SFE-M-3",20.0673717778027,0.36674598102336
"process_only","M_atx","physical","SFE-M-4",20.4594275599681,0.399833127616735
"process_only","M_atx","physical","SFE-SH-1S",19.2424677912018,0.419210085799969
"process_only","M_atx","physical","w",16.0253046112733,0.297280720399661
"process_only","M_atx","physical","w",14.4965660098927,0.336624628109936
"process_only","M_atx","physical","w",15.7166679801736,0.282856816731965
"process_only","M_atx","physical","w",13.4633044940654,0.467191550989846
"process_only","M_atx","physical","w",15.2912058627824,0.314919013464205
"process_only","M_atx","physical_w_cover","w",16.0253046112733,0.297280720399661
"process_only","M_atx","physical_w_cover","w",14.4965660098927,0.336624628109936
"process_only","M_atx","physical_w_cover","w",15.7166679801736,0.282856816731965
"process_only","M_atx","physical_w_cover","w",13.4633044940654,0.467191550989846
"process_only","M_atx","physical_w_cover","w",15.2912058627824,0.314919013464205
"process_only","M_atx","physicochemical","SFE-M-1S",15.1529165169971,0.320373838010421
"process_only","M_atx","physicochemical","SFE-M-2",14.9389149402281,0.316396213054889
"process_only","M_atx","physicochemical","SFE-M-3",16.0936643162139,0.288973102488643
"process_only","M_atx","physicochemical","SFE-M-4",12.9370194481831,0.463418238864887
"process_only","M_atx","physicochemical","SFE-SH-1S",15.7307131303359,0.304591691229855
"process_only","M_atx","physicochemical","w",14.3654912533177,0.301463002331882
"process_only","M_atx","physicochemical","w",14.0028137052026,0.293505489652155
"process_only","M_atx","physicochemical","w",14.8841072289102,0.2409462385821
"process_only","M_atx","physicochemical","w",10.8190041750131,0.485730596144879
"process_only","M_atx","physicochemical","w",14.5945689897869,0.340107936938206
"process_only","M_atx","physicochemical_w_cover","w",14.3654912533177,0.301463002331882
"process_only","M_atx","physicochemical_w_cover","w",14.0028137052026,0.293505489652155
"process_only","M_atx","physicochemical_w_cover","w",14.8841072289102,0.2409462385821
"process_only","M_atx","physicochemical_w_cover","w",10.8190041750131,0.485730596144879
"process_only","M_atx","physicochemical_w_cover","w",14.5945689897869,0.340107936938206
"process_only","AC_atx","all","SFE-M-1S",15.3811126671944,0.277139270311639
"process_only","AC_atx","all","SFE-M-2",13.8568360269808,0.32661710403348
"process_only","AC_atx","all","SFE-M-3",13.2414552379083,0.38498675212308
"process_only","AC_atx","all","SFE-M-4",14.4526871447104,0.325514244469209
"process_only","AC_atx","all","SFE-SH-1S",15.1610047975256,0.311142816649637
"process_only","AC_atx","all","w",13.733172879762,0.236680778335414
"process_only","AC_atx","all","w",11.3814738558372,0.291877876603543
"process_only","AC_atx","all","w",12.4118443455304,0.35204723048878
"process_only","AC_atx","all","w",12.8523720996447,0.287710857998263
"process_only","AC_atx","all","w",12.0713623040626,0.308159540068333
"process_only","AC_atx","all_w_cover","w",13.733172879762,0.236680778335414
"process_only","AC_atx","all_w_cover","w",11.3814738558372,0.291877876603543
"process_only","AC_atx","all_w_cover","w",12.4118443455304,0.35204723048878
"process_only","AC_atx","all_w_cover","w",12.8523720996447,0.287710857998263
"process_only","AC_atx","all_w_cover","w",12.0713623040626,0.308159540068333
"process_only","AC_atx","biochemical","SFE-M-1S",17.6130110503505,0.321624038510516
"process_only","AC_atx","biochemical","SFE-M-2",17.464176904354,0.319899146352879
"process_only","AC_atx","biochemical","SFE-M-3",16.4645158046132,0.397783306965669
"process_only","AC_atx","biochemical","SFE-M-4",16.0339558593245,0.379689237614677
"process_only","AC_atx","biochemical","SFE-SH-1S",17.4381595215252,0.334665061173277
"process_only","AC_atx","biochemical","w",15.2770629126325,0.261828241091791
"process_only","AC_atx","biochemical","w",13.5009959187457,0.275167684742483
"process_only","AC_atx","biochemical","w",14.4000014917408,0.340046717104549
"process_only","AC_atx","biochemical","w",13.4450114110503,0.332088840566768
"process_only","AC_atx","biochemical","w",12.5722014913883,0.320891904004538
"process_only","AC_atx","biochemical_w_cover","w",15.2770629126325,0.261828241091791
"process_only","AC_atx","biochemical_w_cover","w",13.5009959187457,0.275167684742483
"process_only","AC_atx","biochemical_w_cover","w",14.4000014917408,0.340046717104549
"process_only","AC_atx","biochemical_w_cover","w",13.4450114110503,0.332088840566768
"process_only","AC_atx","biochemical_w_cover","w",12.5722014913883,0.320891904004538
"process_only","AC_atx","biological","SFE-M-1S",19.2151534548823,0.340603911099244
"process_only","AC_atx","biological","SFE-M-2",19.5134679189301,0.353703556657327
"process_only","AC_atx","biological","SFE-M-3",18.6388244483273,0.379030945604492
"process_only","AC_atx","biological","SFE-M-4",18.402486515752,0.383233603173214
"process_only","AC_atx","biological","SFE-SH-1S",18.3058844597611,0.367505688943157
"process_only","AC_atx","biological","w",13.6010899709747,0.207314720087452
"process_only","AC_atx","biological","w",9.41401194039534,0.299590477171036
"process_only","AC_atx","biological","w",13.3019869694271,0.249124065262021
"process_only","AC_atx","biological","w",13.4114888395342,0.256614462904138
"process_only","AC_atx","biological","w",10.1332882499272,0.267340332419134
"process_only","AC_atx","biological_w_cover","w",13.6010899709747,0.207314720087452
"process_only","AC_atx","biological_w_cover","w",9.41401194039534,0.299590477171036
"process_only","AC_atx","biological_w_cover","w",13.3019869694271,0.249124065262021
"process_only","AC_atx","biological_w_cover","w",13.4114888395342,0.256614462904138
"process_only","AC_atx","biological_w_cover","w",10.1332882499272,0.267340332419134
"process_only","AC_atx","chemical","SFE-M-1S",17.6130110503505,0.321624038510516
"process_only","AC_atx","chemical","SFE-M-2",17.464176904354,0.319899146352879
"process_only","AC_atx","chemical","SFE-M-3",16.4645158046132,0.397783306965669
"process_only","AC_atx","chemical","SFE-M-4",16.0339558593245,0.379689237614677
"process_only","AC_atx","chemical","SFE-SH-1S",17.4381595215252,0.334665061173277
"process_only","AC_atx","chemical","w",15.2770629126325,0.261828241091791
"process_only","AC_atx","chemical","w",13.5009959187457,0.275167684742483
"process_only","AC_atx","chemical","w",14.4000014917408,0.340046717104549
"process_only","AC_atx","chemical","w",13.4450114110503,0.332088840566768
"process_only","AC_atx","chemical","w",12.5722014913883,0.320891904004538
"process_only","AC_atx","chemical","SFE-M-1S",18.36290278746,0.348862296459984
"process_only","AC_atx","chemical","SFE-M-2",19.0401730761782,0.344048850327021
"process_only","AC_atx","chemical","SFE-M-3",17.0264633537527,0.418866846487114
"process_only","AC_atx","chemical","SFE-M-4",18.0371414301488,0.370137937538141
"process_only","AC_atx","chemical","SFE-SH-1S",18.1601259332392,0.371457339266579
"process_only","AC_atx","chemical","w",14.9109619203839,0.264016879146664
"process_only","AC_atx","chemical","w",12.884904594801,0.286348706657664
"process_only","AC_atx","chemical","w",14.4271565332196,0.346703490466633
"process_only","AC_atx","chemical","w",13.8499511239629,0.334766408065996
"process_only","AC_atx","chemical","w",14.630041684349,0.285107238627475
"process_only","AC_atx","chemical","SFE-M-1S",15.4063838507539,0.275188928228549
"process_only","AC_atx","chemical","SFE-M-2",13.6598094890289,0.322643020904479
"process_only","AC_atx","chemical","SFE-M-3",13.4160862368338,0.383579726089757
"process_only","AC_atx","chemical","SFE-M-4",14.5152900195909,0.315394537462934
"process_only","AC_atx","chemical","SFE-SH-1S",15.3278000980782,0.294709977306747
"process_only","AC_atx","chemical","w",13.7165792905756,0.239747412830523
"process_only","AC_atx","chemical","w",10.8764024104295,0.309300532183296
"process_only","AC_atx","chemical","w",12.2932546691441,0.356377744775665
"process_only","AC_atx","chemical","w",13.1407415037886,0.293079719879037
"process_only","AC_atx","chemical","w",13.2206111299196,0.272264433947705
"process_only","AC_atx","chemical_w_cover","w",15.2770629126325,0.261828241091791
"process_only","AC_atx","chemical_w_cover","w",13.5009959187457,0.275167684742483
"process_only","AC_atx","chemical_w_cover","w",14.4000014917408,0.340046717104549
"process_only","AC_atx","chemical_w_cover","w",13.4450114110503,0.332088840566768
"process_only","AC_atx","chemical_w_cover","w",12.5722014913883,0.320891904004538
"process_only","AC_atx","chemical_w_cover","w",14.9109619203839,0.264016879146664
"process_only","AC_atx","chemical_w_cover","w",12.884904594801,0.286348706657664
"process_only","AC_atx","chemical_w_cover","w",14.4271565332196,0.346703490466633
"process_only","AC_atx","chemical_w_cover","w",13.8499511239629,0.334766408065996
"process_only","AC_atx","chemical_w_cover","w",14.630041684349,0.285107238627475
"process_only","AC_atx","chemical_w_cover","w",13.7165792905756,0.239747412830523
"process_only","AC_atx","chemical_w_cover","w",10.8764024104295,0.309300532183296
"process_only","AC_atx","chemical_w_cover","w",12.2932546691441,0.356377744775665
"process_only","AC_atx","chemical_w_cover","w",13.1407415037886,0.293079719879037
"process_only","AC_atx","chemical_w_cover","w",13.2206111299196,0.272264433947705
"process_only","AC_atx","ecohydrological","SFE-M-1S",16.6242690223369,0.299566991784861
"process_only","AC_atx","ecohydrological","SFE-M-2",15.8534252771212,0.337959334238641
"process_only","AC_atx","ecohydrological","SFE-M-3",16.0719819691297,0.318751466565497
"process_only","AC_atx","ecohydrological","SFE-M-4",15.4780051208609,0.337728806193738
"process_only","AC_atx","ecohydrological","SFE-SH-1S",16.1283957376618,0.313052666304809
"process_only","AC_atx","ecohydrological","w",13.6450076829933,0.228523924126774
"process_only","AC_atx","ecohydrological","w",11.3730775033458,0.289793903863671
"process_only","AC_atx","ecohydrological","w",13.0694114504702,0.260187938126676
"process_only","AC_atx","ecohydrological","w",12.9156989944742,0.275244537359698
"process_only","AC_atx","ecohydrological","w",12.0408366422185,0.278140473272692
"process_only","AC_atx","ecohydrological_w_cover","w",13.6450076829933,0.228523924126774
"process_only","AC_atx","ecohydrological_w_cover","w",11.3730775033458,0.289793903863671
"process_only","AC_atx","ecohydrological_w_cover","w",13.0694114504702,0.260187938126676
"process_only","AC_atx","ecohydrological_w_cover","w",12.9156989944742,0.275244537359698
"process_only","AC_atx","ecohydrological_w_cover","w",12.0408366422185,0.278140473272692
"process_only","AC_atx","physical","SFE-M-1S",17.8961365522252,0.322870878084621
"process_only","AC_atx","physical","SFE-M-2",17.7134597830369,0.349802426456641
"process_only","AC_atx","physical","SFE-M-3",17.4391775368103,0.351870871787237
"process_only","AC_atx","physical","SFE-M-4",16.9038055930856,0.362174265363731
"process_only","AC_atx","physical","SFE-SH-1S",17.5064711749565,0.341780596008941
"process_only","AC_atx","physical","w",14.669812401836,0.257107623212656
"process_only","AC_atx","physical","w",11.3009449245467,0.333336726603377
"process_only","AC_atx","physical","w",14.2348981688199,0.275250722248928
"process_only","AC_atx","physical","w",14.1650662567974,0.300982636226068
"process_only","AC_atx","physical","w",13.7976670188835,0.26657094983089
"process_only","AC_atx","physical_w_cover","w",14.669812401836,0.257107623212656
"process_only","AC_atx","physical_w_cover","w",11.3009449245467,0.333336726603377
"process_only","AC_atx","physical_w_cover","w",14.2348981688199,0.275250722248928
"process_only","AC_atx","physical_w_cover","w",14.1650662567974,0.300982636226068
"process_only","AC_atx","physical_w_cover","w",13.7976670188835,0.26657094983089
"process_only","AC_atx","physicochemical","SFE-M-1S",15.4063838507539,0.275188928228549
"process_only","AC_atx","physicochemical","SFE-M-2",13.6598094890289,0.322643020904479
"process_only","AC_atx","physicochemical","SFE-M-3",13.4160862368338,0.383579726089757
"process_only","AC_atx","physicochemical","SFE-M-4",14.5152900195909,0.315394537462934
"process_only","AC_atx","physicochemical","SFE-SH-1S",15.3278000980782,0.294709977306747
"process_only","AC_atx","physicochemical","w",13.7165792905756,0.239747412830523
"process_only","AC_atx","physicochemical","w",10.8764024104295,0.309300532183296
"process_only","AC_atx","physicochemical","w",12.2932546691441,0.356377744775665
"process_only","AC_atx","physicochemical","w",13.1407415037886,0.293079719879037
"process_only","AC_atx","physicochemical","w",13.2206111299196,0.272264433947705
"process_only","AC_atx","physicochemical_w_cover","w",13.7165792905756,0.239747412830523
"process_only","AC_atx","physicochemical_w_cover","w",10.8764024104295,0.309300532183296
"process_only","AC_atx","physicochemical_w_cover","w",12.2932546691441,0.356377744775665
"process_only","AC_atx","physicochemical_w_cover","w",13.1407415037886,0.293079719879037
"process_only","AC_atx","physicochemical_w_cover","w",13.2206111299196,0.272264433947705
"param_process_and_initialcon","M_cover","all","SFE-M-1S",19.7146018574125,0.292173216260289
"param_process_and_initialcon","M_cover","all","SFE-M-2",19.1827744841444,0.308438273136996
"param_process_and_initialcon","M_cover","all","SFE-M-3",16.8456018211598,0.382881645386039
"param_process_and_initialcon","M_cover","all","SFE-M-4",20.2368025993529,0.425488274386321
"param_process_and_initialcon","M_cover","all","SFE-SH-1S",19.1790790104308,0.260901099113303
"param_process_and_initialcon","M_cover","biochemical","SFE-M-1S",17.3947355090964,0.303727833651363
"param_process_and_initialcon","M_cover","biochemical","SFE-M-2",23.684391777894,0.361315983685154
"param_process_and_initialcon","M_cover","biochemical","SFE-M-3",27.4501010364974,0.442983336891599
"param_process_and_initialcon","M_cover","biochemical","SFE-M-4",26.4594934181994,0.612163689933915
"param_process_and_initialcon","M_cover","biochemical","SFE-SH-1S",23.4395985902065,0.350982624404159
"param_process_and_initialcon","M_cover","biological","SFE-M-1S",21.0212861829852,0.320091998526877
"param_process_and_initialcon","M_cover","biological","SFE-M-2",22.2313322600825,0.338032223341839
"param_process_and_initialcon","M_cover","biological","SFE-M-3",19.5612597400553,0.32527641462017
"param_process_and_initialcon","M_cover","biological","SFE-M-4",24.9790599423298,0.543797684502123
"param_process_and_initialcon","M_cover","biological","SFE-SH-1S",22.3167527717888,0.325637018870549
"param_process_and_initialcon","M_cover","chemical","SFE-M-1S",17.3947355090964,0.303727833651363
"param_process_and_initialcon","M_cover","chemical","SFE-M-2",23.684391777894,0.361315983685154
"param_process_and_initialcon","M_cover","chemical","SFE-M-3",27.4501010364974,0.442983336891599
"param_process_and_initialcon","M_cover","chemical","SFE-M-4",26.4594934181994,0.612163689933915
"param_process_and_initialcon","M_cover","chemical","SFE-SH-1S",23.4395985902065,0.350982624404159
"param_process_and_initialcon","M_cover","chemical","SFE-M-1S",16.0995920200633,0.299207501270721
"param_process_and_initialcon","M_cover","chemical","SFE-M-2",23.3705701003152,0.384232972326285
"param_process_and_initialcon","M_cover","chemical","SFE-M-3",27.956724758281,0.435455360204084
"param_process_and_initialcon","M_cover","chemical","SFE-M-4",27.8905391694463,0.619916318113317
"param_process_and_initialcon","M_cover","chemical","SFE-SH-1S",21.4628923282891,0.375253936503096
"param_process_and_initialcon","M_cover","chemical","SFE-M-1S",18.5986056147307,0.288177364202425
"param_process_and_initialcon","M_cover","chemical","SFE-M-2",18.2045817624722,0.27739073787416
"param_process_and_initialcon","M_cover","chemical","SFE-M-3",16.6801327003964,0.388260557607886
"param_process_and_initialcon","M_cover","chemical","SFE-M-4",19.161564936945,0.413702523104186
"param_process_and_initialcon","M_cover","chemical","SFE-SH-1S",17.9741402855638,0.248675490886847
"param_process_and_initialcon","M_cover","ecohydrological","SFE-M-1S",16.2077928675653,0.260701943357818
"param_process_and_initialcon","M_cover","ecohydrological","SFE-M-2",16.9319507823972,0.256149272380215
"param_process_and_initialcon","M_cover","ecohydrological","SFE-M-3",15.9213902836987,0.266623623314587
"param_process_and_initialcon","M_cover","ecohydrological","SFE-M-4",16.0818482367135,0.439539033684966
"param_process_and_initialcon","M_cover","ecohydrological","SFE-SH-1S",17.8244468980699,0.232004612112601
"param_process_and_initialcon","M_cover","physical","SFE-M-1S",16.0965722511174,0.257486041500955
"param_process_and_initialcon","M_cover","physical","SFE-M-2",16.6094375328653,0.253208701561446
"param_process_and_initialcon","M_cover","physical","SFE-M-3",16.34470395856,0.258540454781105
"param_process_and_initialcon","M_cover","physical","SFE-M-4",15.939328576315,0.434908876163349
"param_process_and_initialcon","M_cover","physical","SFE-SH-1S",17.1578545722347,0.226043192328875
"param_process_and_initialcon","M_cover","physicochemical","SFE-M-1S",18.5986056147307,0.288177364202425
"param_process_and_initialcon","M_cover","physicochemical","SFE-M-2",18.2045817624722,0.27739073787416
"param_process_and_initialcon","M_cover","physicochemical","SFE-M-3",16.6801327003964,0.388260557607886
"param_process_and_initialcon","M_cover","physicochemical","SFE-M-4",19.161564936945,0.413702523104186
"param_process_and_initialcon","M_cover","physicochemical","SFE-SH-1S",17.9741402855638,0.248675490886847
"param_process_and_initialcon","AC_cover","all","SFE-M-2",18.1565500643618,0.689842695113931
"param_process_and_initialcon","AC_cover","all","SFE-M-3",19.8634645674947,0.546733334086218
"param_process_and_initialcon","AC_cover","all","SFE-M-4",21.7818539872545,0.348941151580918
"param_process_and_initialcon","AC_cover","all","SFE-SH-1S",19.8861035614392,0.474481822179545
"param_process_and_initialcon","AC_cover","biochemical","SFE-M-2",15.436234939188,0.696686530532032
"param_process_and_initialcon","AC_cover","biochemical","SFE-M-3",20.0131666129668,0.464062868713025
"param_process_and_initialcon","AC_cover","biochemical","SFE-M-4",17.8199943822352,0.404133431847111
"param_process_and_initialcon","AC_cover","biochemical","SFE-SH-1S",11.8329689784635,0.580035009559119
"param_process_and_initialcon","AC_cover","biological","SFE-M-2",21.7308128358294,0.411394585264968
"param_process_and_initialcon","AC_cover","biological","SFE-M-3",20.2967459267155,0.362884788790737
"param_process_and_initialcon","AC_cover","biological","SFE-M-4",19.6697940497261,0.376709809321032
"param_process_and_initialcon","AC_cover","biological","SFE-SH-1S",20.5801504894966,0.341721131850579
"param_process_and_initialcon","AC_cover","chemical","SFE-M-2",15.436234939188,0.696686530532032
"param_process_and_initialcon","AC_cover","chemical","SFE-M-3",20.0131666129668,0.464062868713025
"param_process_and_initialcon","AC_cover","chemical","SFE-M-4",17.8199943822352,0.404133431847111
"param_process_and_initialcon","AC_cover","chemical","SFE-SH-1S",11.8329689784635,0.580035009559119
"param_process_and_initialcon","AC_cover","chemical","SFE-M-1S",13.3998073858845,0.516285085375881
"param_process_and_initialcon","AC_cover","chemical","SFE-M-2",15.1664172790305,0.69181368667847
"param_process_and_initialcon","AC_cover","chemical","SFE-M-3",19.905687042883,0.463749850783746
"param_process_and_initialcon","AC_cover","chemical","SFE-M-4",17.7223382513773,0.39885751689873
"param_process_and_initialcon","AC_cover","chemical","SFE-SH-1S",11.3193084788527,0.588060124787738
"param_process_and_initialcon","AC_cover","chemical","SFE-M-1S",12.2475667051727,0.558896418094066
"param_process_and_initialcon","AC_cover","chemical","SFE-M-2",17.3558383095224,0.686827309229599
"param_process_and_initialcon","AC_cover","chemical","SFE-M-3",19.3584401388592,0.540302212004358
"param_process_and_initialcon","AC_cover","chemical","SFE-M-4",20.2939669155594,0.337539948060815
"param_process_and_initialcon","AC_cover","chemical","SFE-SH-1S",16.8729630121159,0.541850538747532
"param_process_and_initialcon","AC_cover","ecohydrological","SFE-M-2",14.4327896628836,0.723600863918595
"param_process_and_initialcon","AC_cover","ecohydrological","SFE-M-3",16.8802261481257,0.57649813899454
"param_process_and_initialcon","AC_cover","ecohydrological","SFE-M-4",24.8369242194957,0.484221403096808
"param_process_and_initialcon","AC_cover","ecohydrological","SFE-SH-1S",17.1890802901107,0.52501462101002
"param_process_and_initialcon","AC_cover","physical","SFE-M-1S",11.5637073379449,0.574303255367555
"param_process_and_initialcon","AC_cover","physical","SFE-M-2",12.8695059891586,0.725021278223962
"param_process_and_initialcon","AC_cover","physical","SFE-M-3",13.5528126600219,0.589366269008357
"param_process_and_initialcon","AC_cover","physical","SFE-M-4",14.9559023900668,0.525064306821215
"param_process_and_initialcon","AC_cover","physical","SFE-SH-1S",14.2304498044419,0.572528197053743
"param_process_and_initialcon","AC_cover","physicochemical","SFE-M-1S",12.2475667051727,0.558896418094066
"param_process_and_initialcon","AC_cover","physicochemical","SFE-M-2",17.3558383095224,0.686827309229599
"param_process_and_initialcon","AC_cover","physicochemical","SFE-M-3",19.3584401388592,0.540302212004358
"param_process_and_initialcon","AC_cover","physicochemical","SFE-M-4",20.2939669155594,0.337539948060815
"param_process_and_initialcon","AC_cover","physicochemical","SFE-SH-1S",16.8729630121159,0.541850538747532
