ESF,Sample,field_date,site,reach,sample_type,Total_ATXs,Det_Limit_ATXs,Total_CYL,Det_Limits_CYL,Total_MCs,Det_Limits_MCs,ATXa_ug_g,dhATXa_ug_g,HTXa_ug_g,dhHTXa_ug_g,ATX_all_ug_g
25-013,South ,8/21/24,,,TM,0,0.113,0,0.093,0,0.05,0,0,0,0,0
25-014,East,8/21/24,,,Other,0,0.119,0,0.099,0.38*,0.05,0,0,0,0,0
25-015,Red-1,8/21/24,,,TM,0,0.108,0,0.09,0,0.05,0,0,0,0,0
25-016,Et0 - Green ,8/22/24,,,TM,0,0.128,0,0.106,0,0.06,0,0,0,0,0
25-017,Et0,8/22/24,,,TM,0,0.119,0,0.099,0,0.05,0,0,0,0,0
25-018,Black -2,8/22/24,,,TM,0.094,0.114,0,0.095,0,0.05,0,0.094,0,0,0.094
25-019,Shack -Up,8/22/24,,,TM,0,0.15,0,0.124,0,0.06,0,0,0,0,0
25-020,Kid-Down ,8/23/24,,,TM,0.144,0.118,0,0.098,0,0.05,0,0.144,0,0,0.144
25-021,Kid-Up,8/23/24,,,Other,0.624,0.115,0,0.095,0,0.05,0,0.624,0,0,0.624
25-022,Canyon ,8/24/24,,,TM,0,0.158,0,0.131,0,0.07,0,0,0,0,0
25-023,Kelsey ,8/24/24,,,TM,0,0.115,0,0.095,0,0.05,0,0,0,0,0
25-024,Mill,8/24/24,,,TM,0,0.111,0,0.092,0,0.05,0,0,0,0,0
25-025,Town -5,8/24/24,,,TM,0,0.109,0,0.09,0,0.05,0,0,0,0,0
25-026,Klam -6,8/25/24,,,TM,0.47,0.112,0,0.093,0,0.05,0,0.119,0.078,0.078,0.47
25-027,Jones -4,8/25/24,,,TM,0,0.111,0,0.092,0,0.05,0,0,0,0,0
25-028,Eel-4S,10/10/24,SFE-M,1S,TM,0,0.121,0,0.1,0,0.05,0,0,0,0,0
25-117,Eel-4S Duplicate ,10/10/24,SFE-M,1S,TM,0,0.175,0,0.1,0,0.05,0,0,0,0,0
25-029,Eel-4S,9/14/24,SFE-M,1S,TM,0,0.119,0,0.098,0,0.05,0,0,0,0,0
25-030,Eel-4S,9/14/24,SFE-M,1S,TAC,0.022,0.121,0,0.101,0,0.05,0,0.022,0,0,0.022
25-031,Eel-BUG ,9/14/24,SFE-M,2,TM,0,0.121,0,0.101,0,0.05,0,0,0,0,0
25-032,Eel-BUG EXT 2 ,9/14/24,SFE-M,2,TM,0.098,0.155,0,0.128,0,0.07,0,0.098,0,0,0.098
25-033,Eel_BUG EXT 3 ,9/14/24,SFE-M,2,TM,0,0.147,0,0.122,0,0.06,0,0,0,0,0
25-034,Eel-BUG ,9/14/24,SFE-M,2,TAC,0.051,0.109,0,0.09,0,0.05,0,0.051,0,0,0.051
25-035,Eel-BUG EXT 2 ,9/14/24,SFE-M,2,TAC,0.064,0.133,0,0.111,0,0.06,0,0.064,0,0,0.064
25-036,Eel_BUG EXT 3 ,9/14/24,SFE-M,2,TAC,0.102,0.131,0,0.109,0,0.06,0,0.102,0,0,0.102
25-037,BLANK 1 ,N/A,,,BLANK,0,3.39,0,1.937,0,1.01,0,0,0,0,0
25-038,Eel-3UP,9/14/24,SFE-M,3,TM,0.096,0.162,0,0.092,0,0.05,0,0.096,0,0,0.096
25-039,Eel-3UP,9/14/24,SFE-M,3,TAC,0.158,0.172,0,0.098,0,0.05,0,0.158,0,0,0.158
25-040,Eel-2UP,9/14/24,SFE-M,4,TM,0.086,0.21,0,0.12,0,0.06,0,0.086,0,0,0.086
25-041,Eel-2UP,9/14/24,SFE-M,4,TAC,0.066,0.177,0,0.101,0,0.05,0,0.066,0,0,0.066
25-042,Eel-4S,8/14/24,SFE-M,1S,TM,2.531,0.229,0,0.131,0,0.07,2.064,0.468,0,0,2.531
25-046,Eel-4S,8/14/24,SFE-M,1S,TAC,0.475,0.159,0,0.091,0,0.05,0.43,0.045,0,0,0.475
25-043,Eel-4S EXT 2 ,8/14/24,SFE-M,1S,TAC,0.471,0.214,0,0.122,0,0.06,0.418,0.053,0,0,0.471
25-044,Eel-4S EXT 3 ,8/14/24,SFE-M,1S,TAC,0.668,0.173,0,0.099,0,0.05,0.497,0.171,0,0,0.668
25-045,Eel-4S,8/14/24,SFE-M,1S,TM,2.497,0.17,0,0.097,0,0.05,1.901,0.596,0,0,2.497
25-047,Eel-BUG ,8/14/24,SFE-M,2,TM,0.594,0.174,0,0.099,0,0.05,0.594,0,0,0,0.594
25-048,Eel-BUG ,8/14/24,SFE-M,2,TAC,0.298,0.199,0,0.114,0,0.06,0.204,0,0.093,0,0
25-054,Eel-3UP,8/14/24,SFE-M,3,TM,0.081,0.169,0,0.097,0,0.05,0,0.081,0,0,0.081
25-055,Eel-3UP,8/14/24,SFE-M,3,TAC,0,0.301,0,0.172,0,0.09,0,0,0,0,0
25-056,Eel-2UP,8/14/24,SFE-M,4,TM,0.88,0.181,0,0.103,0,0.05,0.614,0.266,0,0,0.88
25-057,Eel-2UP,8/14/24,SFE-M,4,TAC,1.988,0.175,0,0.1,0,0.05,1.218,0.77,0,0,1.988
25-058,Eel-4S,7/31/24,SFE-M,1S,TM,0.76,0.163,0,0.093,0,0.05,0.663,0.097,0,0,0.76
25-059,Eel-4S Duplicate ,7/31/24,SFE-M,1S,TM,0.643,0.18,0,0.103,0,0.05,0.541,0.102,0,0,0
25-060,Eel-4S,7/31/24,SFE-M,1S,TAC,6.055,0.17,0,0.097,0,0.05,5.42,0.635,0,0,6.055
25-061,Eel-4S Duplicate ,7/31/24,SFE-M,1S,TAC,5.267,0.183,0,0.105,0,0.05,0,0,0,0,0
25-062,BLANK 2 ,N/A,,,BLANK,0,3.39,0,1.937,0,1.01,0,0,0,0,0
25-063,Eel-BUG ,7/31/24,SFE-M,2,TM,0.363,0.16,0,0.091,0,0.05,0.363,0,0,0,0
25-064,Eel-BUG ,7/31/24,SFE-M,2,TAC,4.878,0.164,0,0.094,0,0.05,3.489,1.389,0,0,4.878
25-065,Eel-3UP,7/31/24,SFE-M,3,TM,0.059,0.179,0,0.102,0,0.05,0,0.059,0,0,0.059
25-066,Eel-3UP,7/31/24,SFE-M,3,TAC,1.241,0.212,0,0.121,0,0.06,1.005,0.236,0,0,1.241
25-067,Eel-2UP,7/31/24,SFE-M,4,TM,0,0.166,0,0.095,0,0.05,0,0,0,0,0
25-068,Eel-2UP EXT 2 ,7/31/24,SFE-M,4,TM,0,0.18,0,0.103,0,0.05,0,0,0,0,0
25-069,Eel-2UP EXT 3 ,7/31/24,SFE-M,4,TM,0,0.161,0,0.092,0,0.05,0,0,0,0,0
25-070,Eel-2UP,7/31/24,SFE-M,4,TAC,0.977,0.174,0,0.099,0,0.05,0.736,0.242,0,0,0.977
25-071,Eel-2UP EXT 2 ,7/31/24,SFE-M,4,TAC,1.201,0.187,0,0.107,0,0.06,1.023,0.179,0,0,1.201
25-072,Eel-2UP EXT 3 ,7/31/24,SFE-M,4,TAC,1.156,0.195,0,0.111,0,0.06,0.936,0.22,0,0,1.156
25-073,Jones -4,7/26/24,,,TM,0,0.16,0,0.091,0,0.05,0,0,0,0,0
25-074,Red-1,7/26/24,,,TM,0,0.177,0,0.101,0,0.05,0,0,0,0,0
25-075,Town -5,7/26/24,,,TM,0,0.164,0,0.094,0,0.05,0,0,0,0,0
25-076,East-Up,7/26/24,,,TM,0,0.178,0,0.102,0,0.05,0,0,0,0,0
25-077,Mill,7/27/24,,,TM,0,0.177,0,0.101,0,0.05,0,0,0,0,0
25-078,SRS-3,7/27/24,,,TM,0,0.171,0,0.098,0,0.05,0,0,0,0,0
25-079,Klam -6,7/27/24,,,TM,0,0.171,0,0.098,0,0.05,0,0,0,0,0
25-080,Kid-Up,6/24/24,,,TM,0,0.161,0,0.092,0,0.05,0,0,0,0,0
25-081,South ,6/25/24,,,TM,0,0.177,0,0.101,0,0.05,0,0,0,0,0
25-082,Shack -Up,6/26/24,,,TM,0,1.335,0,0.762,0,0.4,0,0,0,0,0
25-083,Et0-Up,6/26/24,,,TM,0,0.179,0,0.102,0,0.05,0,0,0,0,0
25-084,Kelsey ,6/27/24,,,TM,0,0.159,0,0.091,0,0.05,0,0,0,0,0
25-085,Klam -6,6/28/24,,,TM,0,0.334,0,0.191,0,0.1,0,0,0,0,0
25-086,Mill,6/28/24,,,TM,0,0.168,0,0.096,0,0.05,0,0,0,0,0
25-087,BLANK 3 ,N/A,,,BLANK,0,3.39,0,1.937,0,1.01,0,0,0,0,0
25-088,Eel-4S,8/26/24,SFE-M,1S,TM,2.051,0.179,0,0.102,0,0.05,1.436,0.616,0,0,2.051
25-089,Eel-4S,8/26/24,SFE-M,1S,TAC,2.083,0.17,0,0.097,0,0.05,1.529,0.553,0,0,2.083
25-090,Eel-BUG ,8/26/24,SFE-M,2,TM,0.341,0.159,0,0.091,0,0.05,0.262,0.078,0,0,0.341
25-091,Eel-BUG ,8/26/24,SFE-M,2,TAC,2.242,0.208,0,0.119,0,0.06,1.424,0.818,0,0,2.242
25-092,Eel-3UP,8/26/24,SFE-M,3,TM,1.697,0.179,0,0.102,0,0.05,1.23,0.466,0,0,1.697
25-093,Eel-3UP ,8/26/24,SFE-M,3,TAC,6.7,0.207,0,0.119,0,0.06,4.955,1.744,0,0,6.7
25-094,Eel-3UP EXT 2 ,8/26/24,SFE-M,3,TAC,6.457,0.178,0,0.101,0,0.05,4.689,1.768,0,0,6.457
25-095,Eel-3UP EXT 3 ,8/26/24,SFE-M,3,TAC,6.577,0.19,0,0.109,0,0.06,4.551,2.026,0,0,6.577
25-096,Eel-2UP,8/26/24,SFE-M,4,TM,1.067,0.182,0,0.104,0,0.05,0.663,0.404,0,0,1.067
25-097,Eel-2UP,8/26/24,SFE-M,4,TAC,1.172,0.17,0,0.097,0,0.05,0.746,0.426,0,0,1.172
25-098,Black -2,9/18/24,,,TM,0,0.173,0,0.099,0,0.05,0,0,0,0,0
25-099,Et0,9/18/24,,,TM,0,0.177,0,0.101,0,0.05,0,0,0,0,0
25-100,Red-1,9/18/24,,,TM,0,0.16,0,0.091,0,0.05,0,0,0,0,0
25-101,Canyon ,9/19/24,,,TM,0,0.174,0,0.099,0,0.05,0,0,0,0,0
25-102,Mill,9/19/24,,,TM,0,0.166,0,0.095,0,0.05,0,0,0,0,0
25-103,Jones -4,9/20/24,,,TM,0,0.178,0,0.102,0,0.05,0,0,0,0,0
25-104,Kid-Down ,9/20/24,,,TM,0.557,0.167,0,0.095,0,0.05,0,0.557,0,0,0.557
25-105,Eel-4S,7/2/24,SFE-M,1S,TM,0,0.242,0,0.138,0,0.07,0,0,0,0,0
25-106,Eel-BUG ,7/2/24,SFE-M,2,TM,0,0.166,0,0.095,0,0.05,0,0,0,0,0
25-107,Eel-BUG EXT 2 ,7/2/24,SFE-M,2,TM,0,0.162,0,0.092,0,0.05,0,0,0,0,0
25-108,Eel-BUG EXT 3 ,7/2/24,SFE-M,2,TM,0,0.172,0,0.098,0,0.05,0,0,0,0,0
25-109,Eel-3UP,7/2/24,SFE-M,3,TM,0,0.181,0,0.103,0,0.05,0,0,0,0,0
25-110,Eel-2UP,7/2/24,SFE-M,4,TM,0,0.175,0,0.1,0,0.05,0,0,0,0,0
25-111,Eel-4S,7/17/24,SFE-M,1S,TM,0,0.173,0,0.099,0,0.05,0,0,0,0,0
25-112,Eel-4S EXT 2 ,7/17/24,SFE-M,1S,TM,0.071,0.18,0,0.103,0,0.05,0,0.071,0,0,0.071
25-113,Eel-4S EXT 3 ,7/17/24,SFE-M,1S,TM,0.088,0.157,0,0.09,0,0.05,0,0.088,0,0,0
25-114,Eel-BUG ,7/17/24,SFE-M,2,TM,0,0.183,0,0.104,0,0.05,0,0,0,0,0
25-115,Eel-3UP,7/17/24,SFE-M,3,TM,0,0.18,0,0.103,0,0.05,0,0,0,0,0
25-116,Eel-2UP,7/17/24,SFE-M,4,TM,0,0.159,0,0.091,0,0.05,0,0,0,0,0
25-118,Town -5,10/15/24,,,TM,0,0.299,0,0.171,0,0.09,0,0,0,0,0
25-119,Jones -4,10/15/24,,,TM,12.085,0.167,0,0.096,0,0.05,10.221,1.43,0.389,0.045,12.085
25-120,Kid-Down ,10/17/24,,,TM,0.592,0.166,0,0.095,0,0.05,0,0.592,0,0,0.592
25-121,Et0,10/16/24,,,TM,0,0.283,0,0.162,0,0.08,0,0,0,0,0
25-122,Black -2,10/16/24,,,TM,0.215,0.176,0,0.1,0,0.05,0,0.215,0,0,0.215
25-123,Red-1,10/16/24,,,TM,0,0.173,0,0.099,0,0.05,0,0,0,0,0
25-124,Canyon ,10/15/24,,,TM,0,0.163,0,0.093,0,0.05,0,0,0,0,0
25-125,Blackwood Upper -R1,7/23/24,,,TM,0,0.163,0,0.093,0.55*,0.05,0,0,0,0,0
25-126,Blackwood Upper -R2,7/23/24,,,TM,0,0.172,0,0.098,5.07**,0.05,0,0,0,0,0
25-127,Blackwood Upper -R3,7/23/24,,,TM,0,0.189,0,0.108,1.39*,0.06,0,0,0,0,0
25-128,Eel-4S,9/27/24,SFE-M,1S,TM,0,0.156,0,0.089,0,0.05,0,0,0,0,0
25-129,Eel-4S,6/19/24,SFE-M,1S,TM,0,4.581,0,2.617,0,1.37,0,0,0,0,0
25-130,Eel-2UP,6/19/24,SFE-M,4,TM,0,2.493,0,1.424,0,0.74,0,0,0,0,0
25-131,BLANK 4 ,N/A,,,BLANK,0,3.39,0,1.937,0,1.01,0,0,0,0,0
25-049,Eel-BUG Var Reps ATX 1 ,8/14/24,SFE-M,2,0,0,0,0,0,0,0,0,0.217,0,0,0.217
25-050,Eel-BUG Var Reps ATX 2 ,8/14/24,SFE-M,2,0,0,0,0,0,0,0,2.295,0.614,0,0,2.908
25-051,Eel-BUG Var Reps ATX 3 ,8/14/24,SFE-M,2,0,0,0,0,0,0,0,0,0.093,0,0,0
25-052,Eel-BUG Var Reps ATX 4 ,8/14/24,SFE-M,2,0,0,0,0,0,0,0,0,0,0,0,0
25-053,Eel-BUG Var Reps ATX 5 ,8/14/24,SFE-M,2,0,0,0,0,0,0,0,1.302,0.254,0,0,1.556