"field_date","mean","ci_lower","ci_upper","model","site_reach"
"2023-06-20",17.3162768592336,17.3162768592336,17.3162768592336,"null","SFE-M-1S"
"2023-06-25",17.3162768592336,17.3162768592336,17.3162768592336,"null","SFE-M-1S"
"2023-07-03",17.3162768592336,17.3162768592336,17.3162768592336,"null","SFE-M-1S"
"2023-07-10",17.3162768592336,17.3162768592336,17.3162768592336,"null","SFE-M-1S"
"2023-07-17",17.3162768592336,17.3162768592336,17.3162768592336,"null","SFE-M-1S"
"2023-07-24",17.3162768592336,17.3162768592336,17.3162768592336,"null","SFE-M-1S"
"2023-07-31",17.3162768592336,17.3162768592336,17.3162768592336,"null","SFE-M-1S"
"2023-08-07",17.3162768592336,17.3162768592336,17.3162768592336,"null","SFE-M-1S"
"2023-08-14",17.3162768592336,17.3162768592336,17.3162768592336,"null","SFE-M-1S"
"2023-08-22",17.3162768592336,17.3162768592336,17.3162768592336,"null","SFE-M-1S"
"2023-08-28",17.3162768592336,17.3162768592336,17.3162768592336,"null","SFE-M-1S"
"2023-09-04",17.3162768592336,17.3162768592336,17.3162768592336,"null","SFE-M-1S"
"2023-09-12",17.3162768592336,17.3162768592336,17.3162768592336,"null","SFE-M-1S"
"2023-09-18",17.3162768592336,17.3162768592336,17.3162768592336,"null","SFE-M-1S"
"2023-09-24",17.3162768592336,17.3162768592336,17.3162768592336,"null","SFE-M-1S"
"2023-06-20",0.05,0.05,0.05,"physical","SFE-M-1S"
"2023-06-25",16.5042995371661,0.675666272482885,47.7779916818999,"physical","SFE-M-1S"
"2023-07-03",81.7697555826723,9.9980747453985,99.9165624965659,"physical","SFE-M-1S"
"2023-07-10",97.2869418851377,71.0274712572979,99.9812321615818,"physical","SFE-M-1S"
"2023-07-17",98.8905231751275,95.9726362123484,99.9806255988576,"physical","SFE-M-1S"
"2023-07-24",98.5119834606882,94.1250168614878,99.9687584771232,"physical","SFE-M-1S"
"2023-07-31",97.9404772413344,91.6617144841039,99.9532931223567,"physical","SFE-M-1S"
"2023-08-07",96.4213961919396,85.6929805293331,99.9200522208581,"physical","SFE-M-1S"
"2023-08-14",71.1566367249123,26.7147187447986,98.4604363873359,"physical","SFE-M-1S"
"2023-08-22",19.8919744799146,0.861594079176172,55.9852112232362,"physical","SFE-M-1S"
"2023-08-28",22.5091306597524,1.04855092548076,61.7631613545338,"physical","SFE-M-1S"
"2023-09-04",16.7976242981286,0.589100017906659,49.6146157412741,"physical","SFE-M-1S"
"2023-09-12",18.8919873596458,0.800937989871159,55.5365237711993,"physical","SFE-M-1S"
"2023-09-18",18.2832553950396,0.674873501414804,54.9214099527531,"physical","SFE-M-1S"
"2023-09-24",12.1318569953826,0.383136667914919,39.0675095167178,"physical","SFE-M-1S"
"2023-06-20",0.05,0.05,0.05,"chemical","SFE-M-1S"
"2023-06-25",17.9039764710976,0.711943835936818,50.7540081186377,"chemical","SFE-M-1S"
"2023-07-03",55.672848727347,3.42872124283221,99.0229501358528,"chemical","SFE-M-1S"
"2023-07-10",79.982429806975,9.74754679877772,99.8468420636043,"chemical","SFE-M-1S"
"2023-07-17",89.0576253304505,23.2092957092339,99.8697822043533,"chemical","SFE-M-1S"
"2023-07-24",95.0250511932262,58.1640643140702,99.9330570382129,"chemical","SFE-M-1S"
"2023-07-31",98.1963155788209,93.243800230573,99.9645015487495,"chemical","SFE-M-1S"
"2023-08-07",98.5131698319809,94.2285297895501,99.966158356762,"chemical","SFE-M-1S"
"2023-08-14",93.8895483141073,76.3781476993505,99.8500294158267,"chemical","SFE-M-1S"
"2023-08-22",22.3485101951208,0.795520798685021,66.3555675058618,"chemical","SFE-M-1S"
"2023-08-28",9.4142354644215,0.219555981201277,35.8369850514834,"chemical","SFE-M-1S"
"2023-09-04",13.9289859125007,0.403311255493669,43.3975823506852,"chemical","SFE-M-1S"
"2023-09-12",13.0528097756868,0.406406757983861,42.8736503011023,"chemical","SFE-M-1S"
"2023-09-18",14.6628300480903,0.488531557053312,44.6988200647256,"chemical","SFE-M-1S"
"2023-09-24",11.0602852371915,0.238654751719055,38.4768419194694,"chemical","SFE-M-1S"
"2023-06-20",0.05,0.05,0.05,"biological","SFE-M-1S"
"2023-06-25",21.1855401653834,0.839891902386093,59.8644650473491,"biological","SFE-M-1S"
"2023-07-03",20.1323784282038,0.773440098896509,58.5028523404098,"biological","SFE-M-1S"
"2023-07-10",23.2572956293449,0.884743949325357,65.0520034409078,"biological","SFE-M-1S"
"2023-07-17",27.4142075019707,1.27547698496885,73.6203971283102,"biological","SFE-M-1S"
"2023-07-24",19.8958577209604,0.687297637554511,59.8681500849984,"biological","SFE-M-1S"
"2023-07-31",27.1884770650984,1.22193583098148,73.471236265036,"biological","SFE-M-1S"
"2023-08-07",32.1169453266643,1.70994035265898,83.4810005259626,"biological","SFE-M-1S"
"2023-08-14",32.7864392424112,1.54550011215525,84.3442093029853,"biological","SFE-M-1S"
"2023-08-22",37.4709177388535,1.87222683945232,91.1934678052232,"biological","SFE-M-1S"
"2023-08-28",45.0914138047798,2.7381152594172,96.379448183853,"biological","SFE-M-1S"
"2023-09-04",23.7426588843,0.883844094238934,68.3395715191513,"biological","SFE-M-1S"
"2023-09-12",13.3396843069672,0.325340037439808,45.9577320552645,"biological","SFE-M-1S"
"2023-09-18",14.5189790937774,0.380148551365325,48.6917157376207,"biological","SFE-M-1S"
"2023-09-24",13.1147883174661,0.288967953138623,47.2474765244775,"biological","SFE-M-1S"
"2023-06-20",0.05,0.05,0.05,"physicochemical","SFE-M-1S"
"2023-06-25",17.3803821627936,0.665074224408956,49.3680048983256,"physicochemical","SFE-M-1S"
"2023-07-03",73.5506068032225,5.97957591934937,99.8452845856014,"physicochemical","SFE-M-1S"
"2023-07-10",92.7431250899208,21.7890801649289,99.9737140596654,"physicochemical","SFE-M-1S"
"2023-07-17",95.6289577671383,45.376422327066,99.9671629763049,"physicochemical","SFE-M-1S"
"2023-07-24",97.3441818793837,87.0217723479579,99.9668331859717,"physicochemical","SFE-M-1S"
"2023-07-31",98.6240077977701,95.0461225583915,99.9728482315388,"physicochemical","SFE-M-1S"
"2023-08-07",98.5981022652842,94.5343176288292,99.963706083477,"physicochemical","SFE-M-1S"
"2023-08-14",89.7164790317618,59.7504630179961,99.777536978174,"physicochemical","SFE-M-1S"
"2023-08-22",25.4557599093559,0.797249287446845,73.7360432503201,"physicochemical","SFE-M-1S"
"2023-08-28",9.32740688009599,0.201845327715257,35.7137947456953,"physicochemical","SFE-M-1S"
"2023-09-04",12.8836511626971,0.357045711117462,41.6862939333226,"physicochemical","SFE-M-1S"
"2023-09-12",11.7399157220401,0.329341757959496,39.7302953816654,"physicochemical","SFE-M-1S"
"2023-09-18",12.8676575684024,0.384483260349319,41.45754952019,"physicochemical","SFE-M-1S"
"2023-09-24",10.0211778220759,0.24409227644308,36.7294804998946,"physicochemical","SFE-M-1S"
"2023-06-20",0.05,0.05,0.05,"ecohydrological","SFE-M-1S"
"2023-06-25",16.7228628484018,0.670248114631939,47.6135084111091,"ecohydrological","SFE-M-1S"
"2023-07-03",80.4396898034428,9.46155172129233,99.9090440531362,"ecohydrological","SFE-M-1S"
"2023-07-10",95.6813652847306,46.4016916598111,99.9765417564927,"ecohydrological","SFE-M-1S"
"2023-07-17",98.5638839860238,94.8859910884848,99.9818967305372,"ecohydrological","SFE-M-1S"
"2023-07-24",96.1033074687875,77.9123010291019,99.9422701998392,"ecohydrological","SFE-M-1S"
"2023-07-31",97.4809212265049,89.7122369547606,99.9517808304167,"ecohydrological","SFE-M-1S"
"2023-08-07",97.1142485600327,88.9667981854381,99.9386719769946,"ecohydrological","SFE-M-1S"
"2023-08-14",81.344903493267,40.7483987322709,99.4653468776372,"ecohydrological","SFE-M-1S"
"2023-08-22",24.4107724822408,0.961646362227241,66.9615734388026,"ecohydrological","SFE-M-1S"
"2023-08-28",41.0448759797655,2.48442487424602,96.1429799877322,"ecohydrological","SFE-M-1S"
"2023-09-04",12.6562814046591,0.360066206414347,43.1579982706287,"ecohydrological","SFE-M-1S"
"2023-09-12",9.93341974502325,0.250182611835286,35.3396621286792,"ecohydrological","SFE-M-1S"
"2023-09-18",9.56498622325947,0.201873940700365,35.4851592037648,"ecohydrological","SFE-M-1S"
"2023-09-24",8.40774863712599,0.160911066808843,32.8796750572291,"ecohydrological","SFE-M-1S"
"2023-06-20",0.05,0.05,0.05,"biochemical","SFE-M-1S"
"2023-06-25",18.1124825707889,0.650124992481048,51.9801528122267,"biochemical","SFE-M-1S"
"2023-07-03",52.1364796472647,3.023286793033,98.8593698735525,"biochemical","SFE-M-1S"
"2023-07-10",75.598211684964,8.40544682404708,99.782932156014,"biochemical","SFE-M-1S"
"2023-07-17",86.3613776923938,17.1233341829216,99.8645137533475,"biochemical","SFE-M-1S"
"2023-07-24",90.6500351757806,28.2910770452883,99.8985873748676,"biochemical","SFE-M-1S"
"2023-07-31",97.4625639327565,86.1279201088315,99.9642419928064,"biochemical","SFE-M-1S"
"2023-08-07",98.4493363359315,94.3723360906398,99.9704538018792,"biochemical","SFE-M-1S"
"2023-08-14",93.9956560563322,76.4249817775068,99.8644467088252,"biochemical","SFE-M-1S"
"2023-08-22",35.9202590544173,1.65980125643861,87.4482406460786,"biochemical","SFE-M-1S"
"2023-08-28",8.29880033164232,0.177047968731671,33.0634186263553,"biochemical","SFE-M-1S"
"2023-09-04",13.7705411148258,0.40459312917327,44.6528715715608,"biochemical","SFE-M-1S"
"2023-09-12",9.82684537989773,0.22812717230506,37.1493112269479,"biochemical","SFE-M-1S"
"2023-09-18",11.289599618952,0.243925375835397,39.9910580237504,"biochemical","SFE-M-1S"
"2023-09-24",9.25361754537474,0.182846608178408,36.5322704010268,"biochemical","SFE-M-1S"
"2023-06-20",0.05,0.05,0.05,"all","SFE-M-1S"
"2023-06-25",17.1988407617788,0.669404228715352,48.4992909194576,"all","SFE-M-1S"
"2023-07-03",75.3166690220739,6.2675805767311,99.8767852891936,"all","SFE-M-1S"
"2023-07-10",92.4256876081132,19.4388751408201,99.9717866574738,"all","SFE-M-1S"
"2023-07-17",96.3041325552866,53.6831094252538,99.9710389304446,"all","SFE-M-1S"
"2023-07-24",96.2962892690586,75.0234734707187,99.9541342903998,"all","SFE-M-1S"
"2023-07-31",98.3771989600805,94.2545877739331,99.9712335294865,"all","SFE-M-1S"
"2023-08-07",98.5357971842305,94.3935338137079,99.9699971426111,"all","SFE-M-1S"
"2023-08-14",90.2582313070492,61.8424985813578,99.7799005684594,"all","SFE-M-1S"
"2023-08-22",32.8635422098386,1.39325364324702,84.1163747340735,"all","SFE-M-1S"
"2023-08-28",18.2783865117844,0.358525248204955,79.6845523320114,"all","SFE-M-1S"
"2023-09-04",11.2841246814002,0.273729933774093,38.9748277359782,"all","SFE-M-1S"
"2023-09-12",9.87786695401759,0.209548678345401,36.8346319255143,"all","SFE-M-1S"
"2023-09-18",9.93415518986902,0.218401016957845,36.2145920198263,"all","SFE-M-1S"
"2023-09-24",8.70507038405845,0.171914571506344,34.3626131142333,"all","SFE-M-1S"
"2023-06-20",17.3162768592336,17.3162768592336,17.3162768592336,"null","SFE-M-2"
"2023-06-25",17.3162768592336,17.3162768592336,17.3162768592336,"null","SFE-M-2"
"2023-07-03",17.3162768592336,17.3162768592336,17.3162768592336,"null","SFE-M-2"
"2023-07-10",17.3162768592336,17.3162768592336,17.3162768592336,"null","SFE-M-2"
"2023-07-17",17.3162768592336,17.3162768592336,17.3162768592336,"null","SFE-M-2"
"2023-07-24",17.3162768592336,17.3162768592336,17.3162768592336,"null","SFE-M-2"
"2023-07-31",17.3162768592336,17.3162768592336,17.3162768592336,"null","SFE-M-2"
"2023-08-07",17.3162768592336,17.3162768592336,17.3162768592336,"null","SFE-M-2"
"2023-08-14",17.3162768592336,17.3162768592336,17.3162768592336,"null","SFE-M-2"
"2023-08-22",17.3162768592336,17.3162768592336,17.3162768592336,"null","SFE-M-2"
"2023-08-28",17.3162768592336,17.3162768592336,17.3162768592336,"null","SFE-M-2"
"2023-09-04",17.3162768592336,17.3162768592336,17.3162768592336,"null","SFE-M-2"
"2023-09-12",17.3162768592336,17.3162768592336,17.3162768592336,"null","SFE-M-2"
"2023-09-18",17.3162768592336,17.3162768592336,17.3162768592336,"null","SFE-M-2"
"2023-09-24",17.3162768592336,17.3162768592336,17.3162768592336,"null","SFE-M-2"
"2023-06-20",0.05,0.05,0.05,"physical","SFE-M-2"
"2023-06-25",16.5779752863422,0.635129268242313,46.638411132845,"physical","SFE-M-2"
"2023-07-03",79.1698277342871,7.83970967889049,99.9023640798419,"physical","SFE-M-2"
"2023-07-10",95.9745779529523,47.9197683420769,99.9763515606058,"physical","SFE-M-2"
"2023-07-17",98.499421581429,94.5580503203016,99.9767880915434,"physical","SFE-M-2"
"2023-07-24",98.1825124535944,92.8665626978643,99.9640059903596,"physical","SFE-M-2"
"2023-07-31",97.5952712228103,90.4103755658526,99.9438603337025,"physical","SFE-M-2"
"2023-08-07",96.1133682893959,84.0232760585659,99.9156996537989,"physical","SFE-M-2"
"2023-08-14",77.9560372505598,39.3242605346581,99.0760032342214,"physical","SFE-M-2"
"2023-08-22",19.4665543984307,0.688361589050479,55.5815313611313,"physical","SFE-M-2"
"2023-08-28",26.1088495350928,1.25653695651291,70.5003776700724,"physical","SFE-M-2"
"2023-09-04",24.0032460138302,1.05789419818688,68.0104518182141,"physical","SFE-M-2"
"2023-09-12",25.2863884064637,1.11174053378121,77.4534729673131,"physical","SFE-M-2"
"2023-09-18",24.2673138484069,0.9872368540775,79.0190050878246,"physical","SFE-M-2"
"2023-09-24",14.4727724076091,0.464593315564759,47.6895977726268,"physical","SFE-M-2"
"2023-06-20",0.05,0.05,0.05,"chemical","SFE-M-2"
"2023-06-25",18.1797653209512,0.754229558755263,52.1457785132542,"chemical","SFE-M-2"
"2023-07-03",52.2945970064464,3.20007257621995,98.7751214796653,"chemical","SFE-M-2"
"2023-07-10",74.6449394185204,7.97315876788155,99.7689972077326,"chemical","SFE-M-2"
"2023-07-17",84.1912832222753,15.8029904428655,99.8303898324734,"chemical","SFE-M-2"
"2023-07-24",92.6356937890941,36.1704895876888,99.9129289113617,"chemical","SFE-M-2"
"2023-07-31",96.5907524497911,82.705788080799,99.9475028226683,"chemical","SFE-M-2"
"2023-08-07",97.9683920429938,92.3361157652578,99.9572576606088,"chemical","SFE-M-2"
"2023-08-14",92.6425215416454,72.1436799277323,99.8198720350866,"chemical","SFE-M-2"
"2023-08-22",37.5495043290975,1.54334731634882,91.5962633883391,"chemical","SFE-M-2"
"2023-08-28",10.3866753932124,0.240831582700554,38.7630802786639,"chemical","SFE-M-2"
"2023-09-04",14.4422568693285,0.449621766347988,45.5871195515658,"chemical","SFE-M-2"
"2023-09-12",15.0320859568215,0.507015879983652,45.69994026696,"chemical","SFE-M-2"
"2023-09-18",14.8470909006848,0.44915902502438,45.7409422765447,"chemical","SFE-M-2"
"2023-09-24",15.0994758620572,0.541045267246103,46.177627201661,"chemical","SFE-M-2"
"2023-06-20",0.05,0.05,0.05,"biological","SFE-M-2"
"2023-06-25",22.2369567512974,0.923353501781595,63.0616187069327,"biological","SFE-M-2"
"2023-07-03",27.3155096184951,1.1814495117394,74.415714433505,"biological","SFE-M-2"
"2023-07-10",30.2763062814811,1.32913151815606,79.1352833841774,"biological","SFE-M-2"
"2023-07-17",32.0669393497629,1.45359711382947,83.6478382235549,"biological","SFE-M-2"
"2023-07-24",29.892333856015,1.26967377122932,80.0178514264078,"biological","SFE-M-2"
"2023-07-31",32.4038497750156,1.58329331617241,83.8793427046124,"biological","SFE-M-2"
"2023-08-07",34.2902686508226,1.71925214647966,86.9788298387574,"biological","SFE-M-2"
"2023-08-14",34.4644461379878,1.65460746728682,86.9671555904857,"biological","SFE-M-2"
"2023-08-22",35.6502094629054,1.83137882240352,88.8605048872325,"biological","SFE-M-2"
"2023-08-28",37.440560582623,1.9793291240208,90.9369269605741,"biological","SFE-M-2"
"2023-09-04",32.6587105289842,1.49925459863719,84.1906718945884,"biological","SFE-M-2"
"2023-09-12",25.8764132400851,0.851023165009306,79.3349617266516,"biological","SFE-M-2"
"2023-09-18",25.5330593104948,0.831456948716605,83.9231076120738,"biological","SFE-M-2"
"2023-09-24",25.754703795858,0.771522143932107,87.4034830223379,"biological","SFE-M-2"
"2023-06-20",0.05,0.05,0.05,"physicochemical","SFE-M-2"
"2023-06-25",17.3746283658163,0.69027716542454,49.8320174948322,"physicochemical","SFE-M-2"
"2023-07-03",62.0053028378951,2.719893729946,99.7338533781546,"physicochemical","SFE-M-2"
"2023-07-10",77.7992055669706,3.61532016223883,99.9461011793172,"physicochemical","SFE-M-2"
"2023-07-17",85.4214027612407,7.28541346418646,99.9515150633718,"physicochemical","SFE-M-2"
"2023-07-24",90.8012537573157,16.6310706595417,99.9504327455341,"physicochemical","SFE-M-2"
"2023-07-31",95.4131932741397,48.9526139344406,99.9555484293464,"physicochemical","SFE-M-2"
"2023-08-07",97.6007664234386,90.7236869445891,99.9539156972099,"physicochemical","SFE-M-2"
"2023-08-14",92.4188466168376,69.7513981319883,99.8231781765265,"physicochemical","SFE-M-2"
"2023-08-22",26.9441186829192,0.705803438784542,84.3655595851345,"physicochemical","SFE-M-2"
"2023-08-28",13.8888807951923,0.407390618419943,45.0164541156653,"physicochemical","SFE-M-2"
"2023-09-04",14.8238820510838,0.491326187613078,45.5470470072471,"physicochemical","SFE-M-2"
"2023-09-12",16.9303196938601,0.621084569135405,49.8472646341856,"physicochemical","SFE-M-2"
"2023-09-18",17.1546495063771,0.568397235384342,52.0643425736854,"physicochemical","SFE-M-2"
"2023-09-24",16.0395421431468,0.499506652055965,50.5681616103104,"physicochemical","SFE-M-2"
"2023-06-20",0.05,0.05,0.05,"ecohydrological","SFE-M-2"
"2023-06-25",16.9837325733469,0.670920642964167,48.3551930730056,"ecohydrological","SFE-M-2"
"2023-07-03",77.0034829429022,7.63867969117348,99.8832374452902,"ecohydrological","SFE-M-2"
"2023-07-10",93.55004903213,26.765228020553,99.9721354392745,"ecohydrological","SFE-M-2"
"2023-07-17",97.5316885708282,84.3801286126192,99.9749400552922,"ecohydrological","SFE-M-2"
"2023-07-24",96.6628940627373,82.7427077395144,99.9511620928308,"ecohydrological","SFE-M-2"
"2023-07-31",96.6352853886741,84.8611299114606,99.9434338507927,"ecohydrological","SFE-M-2"
"2023-08-07",95.7886150834243,82.4355308700886,99.9130944479316,"ecohydrological","SFE-M-2"
"2023-08-14",80.5269627302603,42.0831842253821,99.3818559650311,"ecohydrological","SFE-M-2"
"2023-08-22",19.0068910871244,0.670763677461857,56.573587851986,"ecohydrological","SFE-M-2"
"2023-08-28",31.2368032923769,1.52756173812198,85.76590715635,"ecohydrological","SFE-M-2"
"2023-09-04",29.1444824273087,1.20829540377994,85.9808872456848,"ecohydrological","SFE-M-2"
"2023-09-12",20.3155052138032,0.641604305503808,66.4031005921326,"ecohydrological","SFE-M-2"
"2023-09-18",17.5200020340315,0.591261177848539,57.202852325869,"ecohydrological","SFE-M-2"
"2023-09-24",12.2884374202442,0.349923817832276,42.00804671888,"ecohydrological","SFE-M-2"
"2023-06-20",0.05,0.05,0.05,"biochemical","SFE-M-2"
"2023-06-25",18.0152024047194,0.713390806709548,50.7652978696416,"biochemical","SFE-M-2"
"2023-07-03",54.440691260773,3.35413303544179,98.9431551179934,"biochemical","SFE-M-2"
"2023-07-10",76.6201064180198,8.42052387220655,99.8066071050877,"biochemical","SFE-M-2"
"2023-07-17",85.3407482297562,17.4221407819461,99.8397111980544,"biochemical","SFE-M-2"
"2023-07-24",94.0018421322053,45.9602183092594,99.9263045578758,"biochemical","SFE-M-2"
"2023-07-31",97.1885931409321,87.9568161707699,99.9486147114704,"biochemical","SFE-M-2"
"2023-08-07",98.2277113847624,93.3924532729454,99.963132753184,"biochemical","SFE-M-2"
"2023-08-14",93.4515292472301,74.9523563433331,99.8454251611265,"biochemical","SFE-M-2"
"2023-08-22",35.902301517432,1.33484053078631,91.2848968612436,"biochemical","SFE-M-2"
"2023-08-28",9.42571053492639,0.196747359728288,36.2868941150852,"biochemical","SFE-M-2"
"2023-09-04",14.2750788452432,0.428045052124248,44.7743593621853,"biochemical","SFE-M-2"
"2023-09-12",17.0893368235203,0.575245448237985,50.2068016706713,"biochemical","SFE-M-2"
"2023-09-18",19.0595232378955,0.653494018548457,58.6350453838292,"biochemical","SFE-M-2"
"2023-09-24",22.3937654103448,0.763131051203548,75.3321832472196,"biochemical","SFE-M-2"
"2023-06-20",0.05,0.05,0.05,"all","SFE-M-2"
"2023-06-25",17.7688202133583,0.713921912270184,50.1795344202736,"all","SFE-M-2"
"2023-07-03",61.1743868188539,2.58034606761791,99.7360203660986,"all","SFE-M-2"
"2023-07-10",77.1495567365143,3.57233914292937,99.9395498293007,"all","SFE-M-2"
"2023-07-17",83.9840769362853,6.95084757884142,99.9475254537055,"all","SFE-M-2"
"2023-07-24",90.0719717137626,16.2008890796315,99.9467289054798,"all","SFE-M-2"
"2023-07-31",95.2729815725456,47.2568550981129,99.955662625394,"all","SFE-M-2"
"2023-08-07",97.7322803756648,91.0065507956144,99.96085105049,"all","SFE-M-2"
"2023-08-14",92.5548588920779,70.4710878148133,99.8409675797022,"all","SFE-M-2"
"2023-08-22",28.8249855275045,0.750419898100666,87.7067933380026,"all","SFE-M-2"
"2023-08-28",12.9127043627144,0.271812319872383,45.9200721138008,"all","SFE-M-2"
"2023-09-04",15.0592776994632,0.444827467431044,47.5269836561604,"all","SFE-M-2"
"2023-09-12",17.1902363917064,0.586833809528067,50.5213893180795,"all","SFE-M-2"
"2023-09-18",18.505459131625,0.657311470369018,56.1349545142208,"all","SFE-M-2"
"2023-09-24",19.0000918353222,0.530144173876051,67.0501503068788,"all","SFE-M-2"
"2023-06-20",17.3162768592336,17.3162768592336,17.3162768592336,"null","SFE-M-3"
"2023-06-25",17.3162768592336,17.3162768592336,17.3162768592336,"null","SFE-M-3"
"2023-07-03",17.3162768592336,17.3162768592336,17.3162768592336,"null","SFE-M-3"
"2023-07-10",17.3162768592336,17.3162768592336,17.3162768592336,"null","SFE-M-3"
"2023-07-17",17.3162768592336,17.3162768592336,17.3162768592336,"null","SFE-M-3"
"2023-07-24",17.3162768592336,17.3162768592336,17.3162768592336,"null","SFE-M-3"
"2023-07-31",17.3162768592336,17.3162768592336,17.3162768592336,"null","SFE-M-3"
"2023-08-07",17.3162768592336,17.3162768592336,17.3162768592336,"null","SFE-M-3"
"2023-08-14",17.3162768592336,17.3162768592336,17.3162768592336,"null","SFE-M-3"
"2023-08-22",17.3162768592336,17.3162768592336,17.3162768592336,"null","SFE-M-3"
"2023-08-28",17.3162768592336,17.3162768592336,17.3162768592336,"null","SFE-M-3"
"2023-09-04",17.3162768592336,17.3162768592336,17.3162768592336,"null","SFE-M-3"
"2023-09-12",17.3162768592336,17.3162768592336,17.3162768592336,"null","SFE-M-3"
"2023-09-18",17.3162768592336,17.3162768592336,17.3162768592336,"null","SFE-M-3"
"2023-09-24",17.3162768592336,17.3162768592336,17.3162768592336,"null","SFE-M-3"
"2023-06-20",0.05,0.05,0.05,"physical","SFE-M-3"
"2023-06-25",18.4360152901858,0.761450616961595,52.3621468718064,"physical","SFE-M-3"
"2023-07-03",80.3142715023684,9.30500431181641,99.8905595906529,"physical","SFE-M-3"
"2023-07-10",96.3598706053769,58.9482944491776,99.9713016866239,"physical","SFE-M-3"
"2023-07-17",98.1658269550505,93.2558399000388,99.9662780012674,"physical","SFE-M-3"
"2023-07-24",97.6608075640608,90.7559670261313,99.9490722777073,"physical","SFE-M-3"
"2023-07-31",96.7579597154344,86.7376921734402,99.9244433901328,"physical","SFE-M-3"
"2023-08-07",94.3824736299468,76.8398435066394,99.8672117748229,"physical","SFE-M-3"
"2023-08-14",66.1865992421321,18.2139683160066,98.0480486925392,"physical","SFE-M-3"
"2023-08-22",25.7138758141803,1.13541210445218,70.5491296373888,"physical","SFE-M-3"
"2023-08-28",26.3598338124472,1.18880870186455,71.4031607619108,"physical","SFE-M-3"
"2023-09-04",20.1523577922947,0.729781634100411,58.2703995495391,"physical","SFE-M-3"
"2023-09-12",20.0750489341837,0.839373608050202,57.6483974026585,"physical","SFE-M-3"
"2023-09-18",20.4969157758263,0.759829575271448,61.355860363229,"physical","SFE-M-3"
"2023-09-24",13.8842356911832,0.410933077075816,44.1622204952219,"physical","SFE-M-3"
"2023-06-20",0.05,0.05,0.05,"chemical","SFE-M-3"
"2023-06-25",21.0267408236942,0.860456589940066,59.8170545486201,"chemical","SFE-M-3"
"2023-07-03",42.1301087589604,2.16119206715385,96.4860492865079,"chemical","SFE-M-3"
"2023-07-10",47.5835541540064,1.99192671907429,98.9286589776737,"chemical","SFE-M-3"
"2023-07-17",65.504466689231,4.96715670535597,99.5639947402259,"chemical","SFE-M-3"
"2023-07-24",78.7752726730402,10.0047950233853,99.7993062814967,"chemical","SFE-M-3"
"2023-07-31",92.9962896118683,33.4473081025783,99.9470755640144,"chemical","SFE-M-3"
"2023-08-07",94.6593956854948,64.1682168525086,99.9210189640677,"chemical","SFE-M-3"
"2023-08-14",58.4801704656921,3.07079619144681,98.9451969325377,"chemical","SFE-M-3"
"2023-08-22",25.1935410538172,0.893343894213649,74.1522354967399,"chemical","SFE-M-3"
"2023-08-28",14.8663303201705,0.418386943404397,48.5146734645985,"chemical","SFE-M-3"
"2023-09-04",16.3052694259882,0.504155172390586,51.2399128306578,"chemical","SFE-M-3"
"2023-09-12",16.9898668576612,0.588564076801794,52.1384388822855,"chemical","SFE-M-3"
"2023-09-18",13.7842337547582,0.339012894486247,47.1887533526533,"chemical","SFE-M-3"
"2023-09-24",16.6365981053606,0.509021965677393,52.2278208717743,"chemical","SFE-M-3"
"2023-06-20",0.05,0.05,0.05,"biological","SFE-M-3"
"2023-06-25",22.2523234838437,0.875694327359531,63.5278827156921,"biological","SFE-M-3"
"2023-07-03",24.5077812573434,1.07480349849875,69.6573210788199,"biological","SFE-M-3"
"2023-07-10",27.830271063136,1.13645806591945,75.4848245787178,"biological","SFE-M-3"
"2023-07-17",31.6654901713607,1.36454838607192,83.0918195838058,"biological","SFE-M-3"
"2023-07-24",25.5500948475553,1.02156901604547,69.9768560690995,"biological","SFE-M-3"
"2023-07-31",31.0896559475692,1.44510958830172,82.3801230293275,"biological","SFE-M-3"
"2023-08-07",35.3394069676299,1.74567445428416,87.6009224572731,"biological","SFE-M-3"
"2023-08-14",35.8946957474719,1.8323353729706,88.6783716711903,"biological","SFE-M-3"
"2023-08-22",39.0561923054892,2.02739122097297,92.1494735746618,"biological","SFE-M-3"
"2023-08-28",44.1220156266071,2.60426649782208,95.442579930256,"biological","SFE-M-3"
"2023-09-04",31.3190005847695,1.48465316463663,81.0414542454234,"biological","SFE-M-3"
"2023-09-12",17.0053682837911,0.450758049433526,54.6850249521178,"biological","SFE-M-3"
"2023-09-18",17.5747534059911,0.553638699401134,55.721159676852,"biological","SFE-M-3"
"2023-09-24",16.2405380053795,0.474419807807111,53.0806082232152,"biological","SFE-M-3"
"2023-06-20",0.05,0.05,0.05,"physicochemical","SFE-M-3"
"2023-06-25",21.0669696763234,0.826230974715809,60.3003934174355,"physicochemical","SFE-M-3"
"2023-07-03",62.6183426450966,2.70351273303949,99.6970151460059,"physicochemical","SFE-M-3"
"2023-07-10",76.1516027933644,3.38400777415112,99.9163037446932,"physicochemical","SFE-M-3"
"2023-07-17",84.1260131833894,8.19484311410286,99.9166979637633,"physicochemical","SFE-M-3"
"2023-07-24",88.8446686890243,16.2417630735473,99.9149241018099,"physicochemical","SFE-M-3"
"2023-07-31",95.1007934286159,53.5902576325931,99.9468930760113,"physicochemical","SFE-M-3"
"2023-08-07",95.3899994407665,77.946979974255,99.917023424005,"physicochemical","SFE-M-3"
"2023-08-14",53.0040855734769,2.35067973239744,98.435556857269,"physicochemical","SFE-M-3"
"2023-08-22",25.7980776221464,0.88740851064708,79.9574839476463,"physicochemical","SFE-M-3"
"2023-08-28",15.4092948708884,0.398066061150392,51.4166219921695,"physicochemical","SFE-M-3"
"2023-09-04",16.223709197125,0.518227734410027,50.8734126922605,"physicochemical","SFE-M-3"
"2023-09-12",16.5215330639844,0.50131591337605,52.408847096961,"physicochemical","SFE-M-3"
"2023-09-18",13.8661999646427,0.382799334837194,47.9458091014609,"physicochemical","SFE-M-3"
"2023-09-24",15.0822469997982,0.408205017061875,49.9667246000564,"physicochemical","SFE-M-3"
"2023-06-20",0.05,0.05,0.05,"ecohydrological","SFE-M-3"
"2023-06-25",19.8367426421364,0.830282030957987,55.6395303748174,"ecohydrological","SFE-M-3"
"2023-07-03",77.5202030145345,9.38196246533002,99.8515901654097,"ecohydrological","SFE-M-3"
"2023-07-10",91.7965074202363,19.6573447820355,99.9590211284729,"ecohydrological","SFE-M-3"
"2023-07-17",95.9225720354829,58.4745344222482,99.9568350962283,"ecohydrological","SFE-M-3"
"2023-07-24",93.1423361809589,43.547649860168,99.9246245956709,"ecohydrological","SFE-M-3"
"2023-07-31",94.0474226826248,61.6123031273549,99.9106706463936,"ecohydrological","SFE-M-3"
"2023-08-07",93.7393258267804,70.6732932361947,99.8801003703456,"ecohydrological","SFE-M-3"
"2023-08-14",75.5101029992884,25.3485542810394,99.2256246856511,"ecohydrological","SFE-M-3"
"2023-08-22",25.4768475879008,0.964746047817933,73.118546636268,"ecohydrological","SFE-M-3"
"2023-08-28",37.3725941908104,1.74115592615098,93.9205985476313,"ecohydrological","SFE-M-3"
"2023-09-04",27.0312950399036,0.929190167420504,84.2519571112001,"ecohydrological","SFE-M-3"
"2023-09-12",16.0349879729808,0.407367201178637,51.7670285156368,"ecohydrological","SFE-M-3"
"2023-09-18",17.0766928260675,0.547529150063414,54.4067817668747,"ecohydrological","SFE-M-3"
"2023-09-24",11.8980343199738,0.255421375451181,42.0000173620249,"ecohydrological","SFE-M-3"
"2023-06-20",0.05,0.05,0.05,"biochemical","SFE-M-3"
"2023-06-25",21.4172319164849,0.873956599735904,61.2555227310416,"biochemical","SFE-M-3"
"2023-07-03",43.2988739362283,2.11933158220839,96.9730037185259,"biochemical","SFE-M-3"
"2023-07-10",48.3761483678021,2.07660484604654,98.9369559649063,"biochemical","SFE-M-3"
"2023-07-17",66.2408672000698,5.02634197423763,99.6106456267374,"biochemical","SFE-M-3"
"2023-07-24",78.5504950227332,9.82741469061301,99.7764722642811,"biochemical","SFE-M-3"
"2023-07-31",93.0049623582274,33.4578275459728,99.945036809307,"biochemical","SFE-M-3"
"2023-08-07",94.7807538758325,65.9849972191654,99.9273237343471,"biochemical","SFE-M-3"
"2023-08-14",57.9258424755072,2.6369659448134,98.92222932881,"biochemical","SFE-M-3"
"2023-08-22",26.6208031014957,0.915036016271927,81.3019892863325,"biochemical","SFE-M-3"
"2023-08-28",15.2678515431517,0.451633993474902,50.5522027380681,"biochemical","SFE-M-3"
"2023-09-04",16.3746595695111,0.506978400638889,52.4808908313287,"biochemical","SFE-M-3"
"2023-09-12",16.687460768178,0.520597939103373,53.5142723028386,"biochemical","SFE-M-3"
"2023-09-18",13.5990716977162,0.337125354899541,47.2102100750405,"biochemical","SFE-M-3"
"2023-09-24",16.3500250266448,0.473884856830919,51.7933316437494,"biochemical","SFE-M-3"
"2023-06-20",0.05,0.05,0.05,"all","SFE-M-3"
"2023-06-25",21.4468321105932,0.863443766647093,61.9154294521125,"all","SFE-M-3"
"2023-07-03",61.5831951199612,2.43561497168963,99.6794874868261,"all","SFE-M-3"
"2023-07-10",75.3874847294079,3.37032035661461,99.9203588450467,"all","SFE-M-3"
"2023-07-17",83.7370466796967,8.32449434069665,99.911410857567,"all","SFE-M-3"
"2023-07-24",88.4893855551027,15.0941416945691,99.9212659921368,"all","SFE-M-3"
"2023-07-31",95.3154545135437,52.0226631447774,99.9565080440561,"all","SFE-M-3"
"2023-08-07",95.66588273764,80.1856375974949,99.9166983750838,"all","SFE-M-3"
"2023-08-14",48.8452389900881,1.18968506193665,98.5441542474035,"all","SFE-M-3"
"2023-08-22",25.1528252448955,0.844708950330948,79.2232546706319,"all","SFE-M-3"
"2023-08-28",15.4620068858633,0.334918050583187,56.4234040096898,"all","SFE-M-3"
"2023-09-04",16.5258686676145,0.50010283381444,53.993610747641,"all","SFE-M-3"
"2023-09-12",16.2759578160087,0.484898487246522,53.3084785203246,"all","SFE-M-3"
"2023-09-18",13.5674628730012,0.330944691945584,46.8226651748981,"all","SFE-M-3"
"2023-09-24",15.6212481707435,0.447009099408883,51.3318635271685,"all","SFE-M-3"
"2023-06-20",17.3162768592336,17.3162768592336,17.3162768592336,"null","SFE-M-4"
"2023-06-25",17.3162768592336,17.3162768592336,17.3162768592336,"null","SFE-M-4"
"2023-07-03",17.3162768592336,17.3162768592336,17.3162768592336,"null","SFE-M-4"
"2023-07-10",17.3162768592336,17.3162768592336,17.3162768592336,"null","SFE-M-4"
"2023-07-17",17.3162768592336,17.3162768592336,17.3162768592336,"null","SFE-M-4"
"2023-07-24",17.3162768592336,17.3162768592336,17.3162768592336,"null","SFE-M-4"
"2023-07-31",17.3162768592336,17.3162768592336,17.3162768592336,"null","SFE-M-4"
"2023-08-07",17.3162768592336,17.3162768592336,17.3162768592336,"null","SFE-M-4"
"2023-08-14",17.3162768592336,17.3162768592336,17.3162768592336,"null","SFE-M-4"
"2023-08-22",17.3162768592336,17.3162768592336,17.3162768592336,"null","SFE-M-4"
"2023-08-28",17.3162768592336,17.3162768592336,17.3162768592336,"null","SFE-M-4"
"2023-09-04",17.3162768592336,17.3162768592336,17.3162768592336,"null","SFE-M-4"
"2023-09-12",17.3162768592336,17.3162768592336,17.3162768592336,"null","SFE-M-4"
"2023-09-18",17.3162768592336,17.3162768592336,17.3162768592336,"null","SFE-M-4"
"2023-09-24",17.3162768592336,17.3162768592336,17.3162768592336,"null","SFE-M-4"
"2023-06-20",0.05,0.05,0.05,"physical","SFE-M-4"
"2023-06-25",19.0569519140105,0.767219032452798,54.0250481376146,"physical","SFE-M-4"
"2023-07-03",78.9829768898801,9.1335607277833,99.8663544934051,"physical","SFE-M-4"
"2023-07-10",95.3147427511168,48.2883849857474,99.9696619596734,"physical","SFE-M-4"
"2023-07-17",97.6736387069418,89.8774856757532,99.9663805001487,"physical","SFE-M-4"
"2023-07-24",97.0979988923326,87.4538736933537,99.9415684876113,"physical","SFE-M-4"
"2023-07-31",96.0113916169202,82.996148388487,99.9130160532621,"physical","SFE-M-4"
"2023-08-07",93.6145998255767,72.5006395173199,99.876356793238,"physical","SFE-M-4"
"2023-08-14",70.594848432438,20.8717626067547,98.7216438236949,"physical","SFE-M-4"
"2023-08-22",25.5063040886594,1.06934106697226,70.0559534850246,"physical","SFE-M-4"
"2023-08-28",29.1958345722024,1.38922517220236,77.876646094239,"physical","SFE-M-4"
"2023-09-04",25.4069964040392,1.09932171386397,71.7144070494988,"physical","SFE-M-4"
"2023-09-12",26.5400895216765,1.12288918391181,76.035701075251,"physical","SFE-M-4"
"2023-09-18",26.8454971384085,1.07085104458598,79.7409556759879,"physical","SFE-M-4"
"2023-09-24",15.6615103341018,0.473242594555384,48.5453173563641,"physical","SFE-M-4"
"2023-06-20",0.05,0.05,0.05,"chemical","SFE-M-4"
"2023-06-25",20.0318713606247,0.771194943505605,57.3704979491404,"chemical","SFE-M-4"
"2023-07-03",41.0020802944587,1.90746396799459,96.9196930287331,"chemical","SFE-M-4"
"2023-07-10",48.0613871172379,1.81953517774642,98.9311700518239,"chemical","SFE-M-4"
"2023-07-17",64.9999287897865,4.18209348777113,99.621669561328,"chemical","SFE-M-4"
"2023-07-24",83.9729010822971,13.0238938889257,99.8797519481019,"chemical","SFE-M-4"
"2023-07-31",95.439532870177,53.9547259837799,99.9564256470674,"chemical","SFE-M-4"
"2023-08-07",96.7287432680299,84.3665943119563,99.9467554740641,"chemical","SFE-M-4"
"2023-08-14",95.7699776014463,83.0321171887871,99.9134297281547,"chemical","SFE-M-4"
"2023-08-22",70.8577286878909,11.6985466657511,99.1804517268055,"chemical","SFE-M-4"
"2023-08-28",15.8568259590718,0.418317173991225,57.057056497444,"chemical","SFE-M-4"
"2023-09-04",14.0927407048743,0.397071966196286,46.0412356715181,"chemical","SFE-M-4"
"2023-09-12",16.2479826775085,0.50166734205121,51.0877491467101,"chemical","SFE-M-4"
"2023-09-18",13.3765477051141,0.370968988795003,44.839620706705,"chemical","SFE-M-4"
"2023-09-24",15.7050665607723,0.504346920189041,49.3193070371285,"chemical","SFE-M-4"
"2023-06-20",0.05,0.05,0.05,"biological","SFE-M-4"
"2023-06-25",22.6161717709523,0.913460431935166,64.2542330615662,"biological","SFE-M-4"
"2023-07-03",24.3921644716622,0.908974440695198,68.0251123808073,"biological","SFE-M-4"
"2023-07-10",26.8047766636718,1.14381622484537,73.369916019302,"biological","SFE-M-4"
"2023-07-17",29.9026851238959,1.47954590044091,78.2234416247453,"biological","SFE-M-4"
"2023-07-24",24.9016489005152,1.0481895095104,69.8084451602756,"biological","SFE-M-4"
"2023-07-31",29.5031873476605,1.32628380448555,78.9311457382488,"biological","SFE-M-4"
"2023-08-07",32.9384683136018,1.71519213301662,84.9209184084339,"biological","SFE-M-4"
"2023-08-14",33.4414115406765,1.65940413414696,86.1015559744404,"biological","SFE-M-4"
"2023-08-22",35.4264604739725,1.72853358866649,87.7399893634513,"biological","SFE-M-4"
"2023-08-28",39.2175591810129,2.04383600541421,92.585995526136,"biological","SFE-M-4"
"2023-09-04",28.9707761639789,1.19252069019842,77.9504619319768,"biological","SFE-M-4"
"2023-09-12",17.852575456399,0.541785697650642,57.842939306862,"biological","SFE-M-4"
"2023-09-18",17.9797845209883,0.576808135384539,55.3474031687494,"biological","SFE-M-4"
"2023-09-24",16.9044200702607,0.443920808391855,55.0876363302738,"biological","SFE-M-4"
"2023-06-20",0.05,0.05,0.05,"physicochemical","SFE-M-4"
"2023-06-25",19.8507130978222,0.755526315399691,56.5003520478567,"physicochemical","SFE-M-4"
"2023-07-03",25.0428572566436,0.321952334037444,96.9028057881105,"physicochemical","SFE-M-4"
"2023-07-10",25.891558801174,0.431916505692931,98.8265360548742,"physicochemical","SFE-M-4"
"2023-07-17",37.5591591640154,1.08108275246963,99.4936175944798,"physicochemical","SFE-M-4"
"2023-07-24",60.1811364281403,3.37645461627347,99.7484044915175,"physicochemical","SFE-M-4"
"2023-07-31",88.3911717663238,17.7178720402516,99.9406179461164,"physicochemical","SFE-M-4"
"2023-08-07",95.4808282108223,61.7098464621304,99.9475274485901,"physicochemical","SFE-M-4"
"2023-08-14",96.6556989253653,86.0777962326649,99.9368213117335,"physicochemical","SFE-M-4"
"2023-08-22",69.8963867531426,8.7106961511504,99.3575024320893,"physicochemical","SFE-M-4"
"2023-08-28",31.0141919689395,0.780373427230168,93.2384057845233,"physicochemical","SFE-M-4"
"2023-09-04",12.3231459032089,0.308397139375629,43.6647471486638,"physicochemical","SFE-M-4"
"2023-09-12",19.0240346832541,0.702929121678673,58.0095846285877,"physicochemical","SFE-M-4"
"2023-09-18",13.9297027797791,0.391562336976607,45.9998818161082,"physicochemical","SFE-M-4"
"2023-09-24",18.4472868712205,0.661874196444209,54.890783393091,"physicochemical","SFE-M-4"
"2023-06-20",0.05,0.05,0.05,"ecohydrological","SFE-M-4"
"2023-06-25",20.0981457730355,0.812654350021608,56.7464606582503,"ecohydrological","SFE-M-4"
"2023-07-03",63.4414409060478,3.18635954926793,99.7101050251427,"ecohydrological","SFE-M-4"
"2023-07-10",64.9908854860898,1.46532853163343,99.8768088199473,"ecohydrological","SFE-M-4"
"2023-07-17",78.1163316143663,5.51207783020245,99.9305397791156,"ecohydrological","SFE-M-4"
"2023-07-24",73.4056733388346,3.88137690052292,99.8083826654401,"ecohydrological","SFE-M-4"
"2023-07-31",78.4072748743126,6.76869648660603,99.837734514208,"ecohydrological","SFE-M-4"
"2023-08-07",85.7047786968449,15.4841698288111,99.8448683292358,"ecohydrological","SFE-M-4"
"2023-08-14",80.7893799519313,20.0417093755924,99.6121382156888,"ecohydrological","SFE-M-4"
"2023-08-22",26.7536162856803,0.98261536183361,73.2649596585105,"ecohydrological","SFE-M-4"
"2023-08-28",49.4714932834907,2.95365717510373,98.1139030912723,"ecohydrological","SFE-M-4"
"2023-09-04",53.69632113233,3.12061573913612,98.8657499780499,"ecohydrological","SFE-M-4"
"2023-09-12",20.646162324675,0.521472446014997,75.9900290925327,"ecohydrological","SFE-M-4"
"2023-09-18",18.4947157120213,0.66557464076795,59.6304963940903,"ecohydrological","SFE-M-4"
"2023-09-24",11.9794816394597,0.270214962016957,42.4358471245315,"ecohydrological","SFE-M-4"
"2023-06-20",0.05,0.05,0.05,"biochemical","SFE-M-4"
"2023-06-25",20.1515585006998,0.780038763435184,58.171653227139,"biochemical","SFE-M-4"
"2023-07-03",42.334244489947,2.04365576082326,97.0036756689928,"biochemical","SFE-M-4"
"2023-07-10",49.4050835406044,2.04132799411744,98.9965318322402,"biochemical","SFE-M-4"
"2023-07-17",66.5981061054956,4.30072992377999,99.6708355015124,"biochemical","SFE-M-4"
"2023-07-24",84.8159308722953,13.4804330211694,99.8887735547274,"biochemical","SFE-M-4"
"2023-07-31",95.6575954049156,56.7996754906352,99.9567650875998,"biochemical","SFE-M-4"
"2023-08-07",96.8585893596033,85.0755278217156,99.951054077692,"biochemical","SFE-M-4"
"2023-08-14",95.8529991907906,83.3245622021513,99.9102693799839,"biochemical","SFE-M-4"
"2023-08-22",69.4254548922462,10.4514928165115,99.2310081217767,"biochemical","SFE-M-4"
"2023-08-28",15.3809340092024,0.369124316856905,57.0120874526006,"biochemical","SFE-M-4"
"2023-09-04",13.9016153997833,0.371131666549194,46.1353768094492,"biochemical","SFE-M-4"
"2023-09-12",16.3887330239834,0.535675323814205,51.5652772191217,"biochemical","SFE-M-4"
"2023-09-18",13.4905535977277,0.358395564008482,45.4631079709468,"biochemical","SFE-M-4"
"2023-09-24",16.1948112927172,0.521891818374118,50.2951149308798,"biochemical","SFE-M-4"
"2023-06-20",0.05,0.05,0.05,"all","SFE-M-4"
"2023-06-25",19.5783269441709,0.725446627318897,56.4052561129125,"all","SFE-M-4"
"2023-07-03",14.8261385142484,0.159040967340917,85.8566275375626,"all","SFE-M-4"
"2023-07-10",15.3652114474844,0.300374845970815,83.2887632336192,"all","SFE-M-4"
"2023-07-17",24.9485388067759,0.73169266025294,97.1684084076962,"all","SFE-M-4"
"2023-07-24",38.8187528928573,1.41572682339633,98.952561903067,"all","SFE-M-4"
"2023-07-31",75.3137866188387,7.10191355888245,99.8661304131877,"all","SFE-M-4"
"2023-08-07",92.041122546409,27.8787745321539,99.936353067361,"all","SFE-M-4"
"2023-08-14",96.2209279956677,79.7611754040942,99.947166199217,"all","SFE-M-4"
"2023-08-22",63.4362660907188,4.18912138081797,99.1569694537175,"all","SFE-M-4"
"2023-08-28",63.9457131182467,2.80466126288652,99.5300073911397,"all","SFE-M-4"
"2023-09-04",28.583776729401,0.514149719694243,96.4088849865028,"all","SFE-M-4"
"2023-09-12",22.9053738909565,0.610611449415986,84.4238595151832,"all","SFE-M-4"
"2023-09-18",13.1070980557178,0.343684743341205,45.1036688136415,"all","SFE-M-4"
"2023-09-24",16.4334879259045,0.504504308358326,51.9429416715718,"all","SFE-M-4"
"2023-06-25",17.3162768592336,17.3162768592336,17.3162768592336,"null","SFE-SH-1S"
"2023-07-03",17.3162768592336,17.3162768592336,17.3162768592336,"null","SFE-SH-1S"
"2023-07-11",17.3162768592336,17.3162768592336,17.3162768592336,"null","SFE-SH-1S"
"2023-07-17",17.3162768592336,17.3162768592336,17.3162768592336,"null","SFE-SH-1S"
"2023-07-24",17.3162768592336,17.3162768592336,17.3162768592336,"null","SFE-SH-1S"
"2023-07-31",17.3162768592336,17.3162768592336,17.3162768592336,"null","SFE-SH-1S"
"2023-08-07",17.3162768592336,17.3162768592336,17.3162768592336,"null","SFE-SH-1S"
"2023-08-14",17.3162768592336,17.3162768592336,17.3162768592336,"null","SFE-SH-1S"
"2023-08-22",17.3162768592336,17.3162768592336,17.3162768592336,"null","SFE-SH-1S"
"2023-08-28",17.3162768592336,17.3162768592336,17.3162768592336,"null","SFE-SH-1S"
"2023-09-04",17.3162768592336,17.3162768592336,17.3162768592336,"null","SFE-SH-1S"
"2023-09-12",17.3162768592336,17.3162768592336,17.3162768592336,"null","SFE-SH-1S"
"2023-09-18",17.3162768592336,17.3162768592336,17.3162768592336,"null","SFE-SH-1S"
"2023-09-24",17.3162768592336,17.3162768592336,17.3162768592336,"null","SFE-SH-1S"
"2023-06-25",0.05,0.05,0.05,"physical","SFE-SH-1S"
"2023-07-03",16.9509385719116,0.682379651532392,48.1474386690215,"physical","SFE-SH-1S"
"2023-07-11",75.7556430125917,7.23297446848689,99.8713132643321,"physical","SFE-SH-1S"
"2023-07-17",96.2331217815801,53.1080104273725,99.9781487833738,"physical","SFE-SH-1S"
"2023-07-24",98.1869560339294,93.5826928667141,99.9689348193152,"physical","SFE-SH-1S"
"2023-07-31",97.772135246027,91.2794622860972,99.9474409844329,"physical","SFE-SH-1S"
"2023-08-07",96.9126717822507,87.8421297869053,99.9381342542164,"physical","SFE-SH-1S"
"2023-08-14",88.4367109727303,57.751604918715,99.6772337985704,"physical","SFE-SH-1S"
"2023-08-22",37.8851327269423,2.86999315118314,82.8917326408727,"physical","SFE-SH-1S"
"2023-08-28",42.7081103956983,2.8971418081956,93.8804833362434,"physical","SFE-SH-1S"
"2023-09-04",28.9285928147671,1.38228216793435,78.8989962153897,"physical","SFE-SH-1S"
"2023-09-12",29.3270909906873,1.28112404382257,83.9089074033215,"physical","SFE-SH-1S"
"2023-09-18",20.2380220943163,0.695894712501379,65.6346939150239,"physical","SFE-SH-1S"
"2023-09-24",15.987579572645,0.572557830497817,49.0233303680654,"physical","SFE-SH-1S"
"2023-06-25",0.05,0.05,0.05,"chemical","SFE-SH-1S"
"2023-07-03",16.2295383494289,0.652591347536012,45.8995089486684,"chemical","SFE-SH-1S"
"2023-07-11",66.0467567386419,5.03478206471493,99.6835101801215,"chemical","SFE-SH-1S"
"2023-07-17",90.4060116053482,21.1664239175903,99.9465677050057,"chemical","SFE-SH-1S"
"2023-07-24",97.0508325053021,75.9662827560762,99.9645907114759,"chemical","SFE-SH-1S"
"2023-07-31",96.5776171208292,86.2707025051122,99.9313802184566,"chemical","SFE-SH-1S"
"2023-08-07",96.7092855049209,87.3268107234905,99.9232817227629,"chemical","SFE-SH-1S"
"2023-08-14",4.7897290278768,0.104903461699363,19.2843652306967,"chemical","SFE-SH-1S"
"2023-08-22",14.4782005751173,0.54676044767055,43.6755503504361,"chemical","SFE-SH-1S"
"2023-08-28",19.3544510426524,0.777740005927441,55.8305755649145,"chemical","SFE-SH-1S"
"2023-09-04",11.554875927164,0.336873114183609,37.1235805344256,"chemical","SFE-SH-1S"
"2023-09-12",15.4354002831893,0.635128564052605,45.1298935325612,"chemical","SFE-SH-1S"
"2023-09-18",12.9128242346644,0.410804523894044,40.7166501549992,"chemical","SFE-SH-1S"
"2023-09-24",17.2560232764412,0.674924247976475,48.5011685598893,"chemical","SFE-SH-1S"
"2023-06-25",0.05,0.05,0.05,"biological","SFE-SH-1S"
"2023-07-03",22.1760636958739,0.847027735731193,61.8320630373035,"biological","SFE-SH-1S"
"2023-07-11",19.4373939336156,0.589605878908536,58.752280388874,"biological","SFE-SH-1S"
"2023-07-17",22.6610399853417,0.839586763245371,64.5098761607884,"biological","SFE-SH-1S"
"2023-07-24",36.3200029722989,1.82307642527594,91.0268181066636,"biological","SFE-SH-1S"
"2023-07-31",43.8348698001148,2.54983160022075,95.7273466426302,"biological","SFE-SH-1S"
"2023-08-07",52.2744013678012,3.15971621108227,98.1956113430819,"biological","SFE-SH-1S"
"2023-08-14",41.7855798372435,2.32760140540806,93.4680149748687,"biological","SFE-SH-1S"
"2023-08-22",36.9679778674955,1.95200982779851,89.0402127219133,"biological","SFE-SH-1S"
"2023-08-28",26.2831096150125,1.02688223960082,72.7309676536284,"biological","SFE-SH-1S"
"2023-09-04",24.7085836434522,1.03660792130263,69.1442665353199,"biological","SFE-SH-1S"
"2023-09-12",21.3376345312338,0.776587828031717,62.5580862885374,"biological","SFE-SH-1S"
"2023-09-18",21.4531742193832,0.766836547696686,63.5679864747273,"biological","SFE-SH-1S"
"2023-09-24",20.3333073019017,0.728619600559734,59.5572414267318,"biological","SFE-SH-1S"
"2023-06-25",0.05,0.05,0.05,"physicochemical","SFE-SH-1S"
"2023-07-03",16.6383417009439,0.661397748324909,47.4661678807453,"physicochemical","SFE-SH-1S"
"2023-07-11",57.9137553602901,2.79703888392576,99.6166952305647,"physicochemical","SFE-SH-1S"
"2023-07-17",76.2946823364538,4.54683509190323,99.9309722471636,"physicochemical","SFE-SH-1S"
"2023-07-24",88.6510012999792,13.5904564892905,99.956584464055,"physicochemical","SFE-SH-1S"
"2023-07-31",89.7225797100586,18.041608805841,99.9134023316651,"physicochemical","SFE-SH-1S"
"2023-08-07",91.9776565882803,27.4374877179775,99.920686258163,"physicochemical","SFE-SH-1S"
"2023-08-14",5.28573548126683,0.106966064080702,24.4801518353229,"physicochemical","SFE-SH-1S"
"2023-08-22",14.7941654683539,0.537141688749298,43.9944503194797,"physicochemical","SFE-SH-1S"
"2023-08-28",17.6505516084938,0.655335421081198,52.2582873700695,"physicochemical","SFE-SH-1S"
"2023-09-04",11.608377043909,0.327834727643101,37.8300230448328,"physicochemical","SFE-SH-1S"
"2023-09-12",15.1810938552931,0.572131383759016,45.0503635008715,"physicochemical","SFE-SH-1S"
"2023-09-18",13.4363886276303,0.441292485050293,42.4661667128591,"physicochemical","SFE-SH-1S"
"2023-09-24",17.9881962827417,0.656968393315993,53.0882056288137,"physicochemical","SFE-SH-1S"
"2023-06-25",0.05,0.05,0.05,"ecohydrological","SFE-SH-1S"
"2023-07-03",18.2466937638146,0.699641694606616,52.6659244874117,"ecohydrological","SFE-SH-1S"
"2023-07-11",65.454015055667,3.83739405396605,99.7585604420272,"ecohydrological","SFE-SH-1S"
"2023-07-17",89.7721466665005,17.0890386770516,99.9643558400066,"ecohydrological","SFE-SH-1S"
"2023-07-24",95.3717324311663,48.0923997400634,99.9593987080642,"ecohydrological","SFE-SH-1S"
"2023-07-31",96.2060248538365,80.1301879524439,99.9411246156935,"ecohydrological","SFE-SH-1S"
"2023-08-07",96.6732918957635,86.5008719493177,99.9344148124434,"ecohydrological","SFE-SH-1S"
"2023-08-14",83.0742072478843,36.7204023069838,99.5952249661419,"ecohydrological","SFE-SH-1S"
"2023-08-22",30.5530064869831,1.49395774987909,78.0747689146704,"ecohydrological","SFE-SH-1S"
"2023-08-28",31.2412948765256,1.49636566199339,85.098349482274,"ecohydrological","SFE-SH-1S"
"2023-09-04",24.8733445858762,1.14679128329536,71.341967957125,"ecohydrological","SFE-SH-1S"
"2023-09-12",24.5174405637269,0.945728091466806,75.1561938797017,"ecohydrological","SFE-SH-1S"
"2023-09-18",20.4498265473415,0.728926374879516,67.2251096750147,"ecohydrological","SFE-SH-1S"
"2023-09-24",15.3540138749306,0.458976155305112,48.9066656895799,"ecohydrological","SFE-SH-1S"
"2023-06-25",0.05,0.05,0.05,"biochemical","SFE-SH-1S"
"2023-07-03",16.8728384178965,0.651585976479906,47.750456079508,"biochemical","SFE-SH-1S"
"2023-07-11",66.4803526244779,5.00548997175063,99.6965081645854,"biochemical","SFE-SH-1S"
"2023-07-17",90.3272292870298,21.3810935156065,99.9473556353824,"biochemical","SFE-SH-1S"
"2023-07-24",97.2369218420632,82.1035366207893,99.970022080353,"biochemical","SFE-SH-1S"
"2023-07-31",96.8875692930136,88.21167483578,99.9354254096974,"biochemical","SFE-SH-1S"
"2023-08-07",97.1755427094209,88.864675401643,99.9371699911187,"biochemical","SFE-SH-1S"
"2023-08-14",4.42636544664294,0.104197671996077,17.9179330331615,"biochemical","SFE-SH-1S"
"2023-08-22",14.9864353937266,0.533459055768745,44.2453555219298,"biochemical","SFE-SH-1S"
"2023-08-28",19.9512720510815,0.737840305661364,58.2519692024821,"biochemical","SFE-SH-1S"
"2023-09-04",11.1478967238552,0.311910824540976,36.5814117037387,"biochemical","SFE-SH-1S"
"2023-09-12",15.1514918464131,0.547372197694748,44.5170695129576,"biochemical","SFE-SH-1S"
"2023-09-18",12.3122419143606,0.347409888996644,39.2379748791158,"biochemical","SFE-SH-1S"
"2023-09-24",16.4367311480953,0.570870765225526,47.967770505788,"biochemical","SFE-SH-1S"
"2023-06-25",0.05,0.05,0.05,"all","SFE-SH-1S"
"2023-07-03",17.3268738033787,0.691299899534645,49.6217945467416,"all","SFE-SH-1S"
"2023-07-11",38.5089542871354,0.796357004576524,98.8685218776288,"all","SFE-SH-1S"
"2023-07-17",49.2376339917572,1.07942731671475,99.7955861526886,"all","SFE-SH-1S"
"2023-07-24",71.3522968364905,4.45469259729634,99.9182091516764,"all","SFE-SH-1S"
"2023-07-31",76.1698218750329,6.07241381919972,99.8665064890947,"all","SFE-SH-1S"
"2023-08-07",86.331689846639,12.6914699211963,99.9095724504963,"all","SFE-SH-1S"
"2023-08-14",3.83289593165819,0.0828152178685379,17.3543057519051,"all","SFE-SH-1S"
"2023-08-22",15.4417224586789,0.552142340656939,46.1902976807108,"all","SFE-SH-1S"
"2023-08-28",19.2643612654648,0.749902252054224,57.787845764328,"all","SFE-SH-1S"
"2023-09-04",11.9783772327748,0.330736961086132,40.2767235294804,"all","SFE-SH-1S"
"2023-09-12",15.8219215558678,0.533949021723757,47.3212063785553,"all","SFE-SH-1S"
"2023-09-18",13.6696080180135,0.438270291726509,43.9410003758334,"all","SFE-SH-1S"
"2023-09-24",20.0511855190206,0.770749423817773,59.5365750515674,"all","SFE-SH-1S"
