"date","GPP_mean","GPP_se_mean","GPP_sd","GPP_2.5pct","GPP_25pct","GPP_50pct","GPP_75pct","GPP_97.5pct","GPP_n_eff","GPP_Rhat","ER_mean","ER_se_mean","ER_sd","ER_2.5pct","ER_25pct","ER_50pct","ER_75pct","ER_97.5pct","ER_n_eff","ER_Rhat","DO_R2_mean","DO_R2_se_mean","DO_R2_sd","DO_R2_2.5pct","DO_R2_25pct","DO_R2_50pct","DO_R2_75pct","DO_R2_97.5pct","DO_R2_n_eff","DO_R2_Rhat","GPP_daily_mean","GPP_daily_se_mean","GPP_daily_sd","GPP_daily_2.5pct","GPP_daily_25pct","GPP_daily_50pct","GPP_daily_75pct","GPP_daily_97.5pct","GPP_daily_n_eff","GPP_daily_Rhat","ER_daily_mean","ER_daily_se_mean","ER_daily_sd","ER_daily_2.5pct","ER_daily_25pct","ER_daily_50pct","ER_daily_75pct","ER_daily_97.5pct","ER_daily_n_eff","ER_daily_Rhat","K600_daily_mean","K600_daily_se_mean","K600_daily_sd","K600_daily_2.5pct","K600_daily_25pct","K600_daily_50pct","K600_daily_75pct","K600_daily_97.5pct","K600_daily_n_eff","K600_daily_Rhat","K600_daily_predlog_mean","K600_daily_predlog_se_mean","K600_daily_predlog_sd","K600_daily_predlog_2.5pct","K600_daily_predlog_25pct","K600_daily_predlog_50pct","K600_daily_predlog_75pct","K600_daily_predlog_97.5pct","K600_daily_predlog_n_eff","K600_daily_predlog_Rhat","valid_day","warnings","errors"
2022-06-29,NA,NA,NA,NA,NA,NA,NA,NA,NA,NA,NA,NA,NA,NA,NA,NA,NA,NA,NA,NA,NA,NA,NA,NA,NA,NA,NA,NA,NA,NA,NA,NA,NA,NA,NA,NA,NA,NA,NA,NA,NA,NA,NA,NA,NA,NA,NA,NA,NA,NA,NA,NA,NA,NA,NA,NA,NA,NA,NA,NA,NA,NA,NA,NA,NA,NA,NA,NA,NA,NA,FALSE,"","data don't start when expected"
2022-06-30,4.01502086202662,0.118431616893655,0.678296653372691,2.5916104155114,3.55821733334954,4.0685198806103,4.57605396088912,5.20854851331657,32.8022800086934,1.0473186748648,-6.1735495106759,0.162892077530947,1.01706917873272,-7.96144005654258,-6.95921930922059,-6.28683573843637,-5.47911010137119,-4.04209600290531,38.9853163429723,1.04216809003336,0.99819778163995,6.1822839779366e-05,0.000195959542971319,0.997802855603769,0.998060048627589,0.998196136877119,0.998367207375999,0.998502849071596,10.0469660686729,1.14854405555236,4.01502086202379,0.118431616893561,0.678296653372214,2.59161041550958,3.55821733334703,4.06851988060743,4.5760539608859,5.20854851331291,32.8022800086994,1.0473186748648,-6.1735495106759,0.162892077530947,1.01706917873272,-7.96144005654254,-6.95921930922061,-6.28683573843638,-5.47911010137117,-4.04209600290529,38.9853163429726,1.04216809003336,4.8109108370837,0.0367714741896486,0.332774866267289,4.12208535954031,4.58225560173726,4.84341786020733,5.03294794631216,5.44197518882258,81.8990666626881,1.03382631116896,1.56694743983706,0.00878641100921267,0.0649687010484314,1.42907657620444,1.5224280355293,1.57322519984249,1.61616217654112,1.68035667849016,54.6745652084964,1.04494520790132,TRUE,"",""
2022-07-01,4.21270271859546,0.0662778851259675,0.687521235934849,2.78002782009056,3.75375556973914,4.30594259632043,4.62265869776738,5.49029772001529,107.605619010314,1.02243569249915,-6.05945236015434,0.0138263707400839,0.966026525649449,-7.99588367196033,-6.59231896890794,-6.14128194497789,-5.49694988463403,-3.99231462067268,4881.59457412588,1.00138495669163,0.998317919173748,3.72965775253244e-06,0.000146982293715723,0.998002741383066,0.998232262666741,0.998325312824445,0.998401744836389,0.998607489630739,1553.07374733329,1.00460443310245,4.2127027185925,0.0662778851258964,0.687521235934365,2.78002782008861,3.7537555697365,4.3059425963174,4.62265869776412,5.49029772001143,107.605619010393,1.02243569249915,-6.05945236015434,0.013826370740084,0.966026525649449,-7.99588367196038,-6.59231896890791,-6.14128194497787,-5.49694988463404,-3.99231462067267,4881.59457412577,1.00138495669163,4.77384250207414,0.028762100591239,0.334051465781771,4.0825063555384,4.55056996191938,4.812681463333,4.98001645279192,5.41599024206079,134.891803682462,1.02682673378963,1.55993523029978,0.00702275011119278,0.065349364904414,1.42099716814017,1.51680584683368,1.5689231518826,1.60409417671274,1.67638113042159,86.590114102852,1.03454966979235,TRUE,"",""
2022-07-02,4.43287434088752,0.017518437168039,0.673900218136127,3.09165182522496,4.05383588715731,4.34233049084782,4.84002331372518,5.89730213226998,1479.79131539472,1.00828637382265,-5.90472952416111,0.0298427309458856,0.989636229382052,-7.90074508750393,-6.44622256868985,-6.00174569019691,-5.33872488678242,-3.7841206334284,1099.69954383342,1.00629879527304,0.998444826757139,1.39131537060035e-05,0.000140645751076218,0.998138910008226,0.998357069655964,0.998470337470481,0.998526372518593,0.998695748078879,102.188510084068,1.03107806170508,4.4328743408844,0.0175184371680207,0.673900218135652,3.09165182522278,4.05383588715446,4.34233049084476,4.84002331372178,5.89730213226583,1479.79131539573,1.00828637382265,-5.90472952416111,0.0298427309458855,0.989636229382051,-7.90074508750396,-6.44622256868982,-6.00174569019692,-5.33872488678241,-3.78412063342837,1099.69954383343,1.00629879527304,4.75184959227383,0.0361033040983031,0.334907908918368,4.06584448343724,4.52841959374062,4.78884291642563,4.97270247487954,5.3781678817615,86.0511955068439,1.032583604366,1.56000655296216,0.00704195566264291,0.0653423570717876,1.42107447978993,1.51686688022774,1.56894030701444,1.60422639123445,1.67645541388984,86.0999740274474,1.0346503444588,TRUE,"",""
2022-07-03,3.16259224788714,0.015164689099251,0.593499277333863,1.91300371618032,2.79556090679654,3.26055107447463,3.45431320551497,4.34841702296971,1531.6987818459,1.00614517922943,-4.8700204572805,0.0957693481699575,0.93933580304127,-6.85846303365146,-5.48917649731494,-4.71226945386427,-4.33166515197611,-3.04687230561287,96.2030162746159,1.02307405187595,0.998402459495069,3.22046103136133e-05,0.000153268098566513,0.998139156092585,0.998263840747281,0.998398114156103,0.998516649384903,0.998700939905459,22.6499601563832,1.07432157073708,3.16259224788491,0.0151646890992389,0.593499277333445,1.91300371617897,2.79556090679458,3.26055107447234,3.45431320551254,4.34841702296665,1531.69878184617,1.00614517922943,-4.8700204572805,0.0957693481699571,0.939335803041271,-6.85846303365149,-5.48917649731494,-4.71226945386428,-4.33166515197611,-3.04687230561286,96.2030162746166,1.02307405187595,4.74671829117568,0.0549506003880465,0.344429738415399,4.01769104274346,4.51799712983078,4.78049068810317,5.01809570962725,5.34869949092642,39.2876814592962,1.05225925841245,1.565589876804,0.00846683049510125,0.0649935240038789,1.42765120307223,1.52112777270273,1.57223009285609,1.61376816085119,1.67969809966464,58.9248438285962,1.04286469944468,TRUE,"",""
2022-07-04,4.35383286172623,0.129648341049465,0.72623017919623,3.12322577326376,3.7753257707548,4.28375931042303,4.87034302532112,5.85007719227755,31.3772340289817,1.05582446909943,-6.5258648397099,0.136180122719867,0.995854405328492,-8.37262631685482,-7.20993663603237,-6.69257502260271,-5.84881545704747,-4.43100580161209,53.4766576236752,1.03061492751878,0.998358468091711,9.13898619167016e-06,0.000149930917543702,0.998032509590748,0.998261931715005,0.998390497490297,0.998439920983803,0.998627920969102,269.145024233933,1.02038495071001,4.35383286172317,0.129648341049421,0.726230179195719,3.12322577326156,3.77532577075214,4.28375931042001,4.87034302531769,5.85007719227343,31.3772340289592,1.05582446909943,-6.5258648397099,0.136180122719867,0.995854405328493,-8.37262631685479,-7.20993663603241,-6.69257502260272,-5.84881545704746,-4.43100580161211,53.4766576236757,1.03061492751878,4.8868733655578,0.0586630606273713,0.346857253031754,4.17840840526543,4.63972726156753,4.90236796583046,5.18199436042836,5.49373455156591,34.9600564580134,1.06077071278608,1.58367724375523,0.0126282586197066,0.0665776636055471,1.44531952718341,1.53709364722135,1.58779111526935,1.64442334684401,1.69293254625971,27.7952232194216,1.07119989431561,TRUE,"",""
2022-07-05,4.4540010186534,0.320160529408521,0.879527589271669,2.88915270914616,3.79982341867559,4.36477544808389,5.10260246232694,5.88173002190961,7.54680894096456,1.20843599515011,-6.19023449683099,0.352073237821585,1.17514060240925,-8.36919711945769,-7.25081212166498,-6.14672319496495,-5.34627163071991,-3.89608752726649,11.1407296458886,1.13675244949892,0.99839556419677,3.67297092227985e-06,0.000140690739124319,0.998094055961525,0.998314182626299,0.998404989503324,0.998484888337465,0.998668236830584,1467.22271536046,1.00539177943609,4.45400101865027,0.3201605294083,0.87952758927105,2.88915270914413,3.79982341867292,4.36477544808081,5.10260246232335,5.88173002190547,7.54680894096436,1.20843599515012,-6.190234496831,0.352073237821585,1.17514060240925,-8.36919711945768,-7.25081212166497,-6.14672319496497,-5.34627163071989,-3.89608752726649,11.1407296458887,1.13675244949892,5.05276249313942,0.0959479938564088,0.407240759142223,4.2647958648499,4.75919463476625,5.04826716945361,5.45242294269929,5.72255175122878,18.0148512052157,1.09516409690593,1.61488990222232,0.0194099934119979,0.0779149277199513,1.45844286873373,1.56023273119042,1.61545773584407,1.69211217982161,1.732026848873,16.1135254101563,1.105819055915,TRUE,"",""
2022-07-06,5.2604696192868,0.111832211762621,0.709678327256537,3.82656399374145,4.7761722795028,5.34318646189567,5.77179818173225,6.54569928150441,40.2707072274462,1.04270568635574,-6.57135213787324,0.123187293051698,1.01928296981391,-8.45509073843924,-7.23710419258325,-6.73494490577895,-5.87525289628895,-4.47045446783142,68.46328161166,1.03224482144798,0.998521922853379,1.21755398347915e-05,0.000134201733201615,0.998238549291762,0.998430340947581,0.998550065625092,0.99860833364169,0.998765878286732,121.489794557207,1.03153280055381,5.2604696192831,0.111832211762541,0.709678327256038,3.82656399373876,4.77617227949944,5.34318646189191,5.77179818172819,6.5456992814998,40.2707072274475,1.04270568635574,-6.57135213787324,0.123187293051699,1.01928296981391,-8.45509073843931,-7.23710419258323,-6.73494490577893,-5.87525289628898,-4.47045446783139,68.4632816116598,1.03224482144798,5.18721910631791,0.128939953533492,0.493417244100014,4.24909572078134,4.82139772584322,5.17084206547143,5.67319685273634,5.97385767797167,14.6437945718977,1.11277158963178,1.64182876486704,0.0247438122009381,0.0937342806389726,1.45263823843333,1.574422637756,1.64136976374913,1.73195103574295,1.78035584361439,14.3503892011429,1.11476893179394,TRUE,"",""
2022-07-07,5.09547832785338,0.0116807894834648,0.690251127436771,3.70286696936464,4.70979922831838,5.02205044277168,5.50468998916683,6.55852292535299,3491.96478563103,1.00333553124244,-6.7698637015818,0.0113859777709647,0.993782379745574,-8.82029231579076,-7.28307898612301,-6.83223647187121,-6.20811234455938,-4.73476730389497,7618.01671537581,1.00071841348623,0.998571021985988,2.0105632710094e-05,0.000132586549063685,0.998320450045092,0.998467327937983,0.998564289376418,0.998667887255899,0.998833440754593,43.4874001776501,1.05149631406662,5.09547832784979,0.0116807894834576,0.690251127436285,3.70286696936203,4.70979922831506,5.02205044276814,5.50468998916296,6.55852292534837,3491.96478563039,1.00333553124244,-6.76986370158181,0.0113859777709647,0.993782379745575,-8.82029231579072,-7.28307898612303,-6.83223647187125,-6.2081123445594,-4.73476730389499,7618.01671537573,1.00071841348623,5.19748064862855,0.126214051400985,0.49095978220839,4.26378925065462,4.83022884910018,5.18210116046817,5.69331228216836,5.97913594278558,15.1313062095039,1.10918466140861,1.64146949375272,0.0246735244561039,0.093498490558732,1.45293395470421,1.57429709994787,1.64097873683165,1.73137233776736,1.77962403011376,14.3597480189803,1.11473621856263,TRUE,"",""
2022-07-08,4.92667387974332,0.372013554408942,0.93290184922262,3.39858539243627,4.30805504068161,5.03694203689832,5.60396417014419,6.57413946812343,6.28860592124378,1.25125851085344,-6.58327440001717,0.199547549764687,1.03665883564558,-8.76736705177748,-7.30270738514925,-6.46941320337155,-5.81650060331779,-4.80689606769214,26.9885099937584,1.05419995040797,0.998904123446818,2.48586828592762e-06,9.5417338412576e-05,0.99869540957114,0.99884863924057,0.998909839122442,0.998958752962224,0.999092097710271,1473.32435707921,1.00589096540485,4.92667387973985,0.372013554408694,0.932901849221964,3.39858539243387,4.30805504067858,5.03694203689477,5.60396417014024,6.57413946811879,6.2886059212433,1.25125851085345,-6.58327440001717,0.199547549764687,1.03665883564558,-8.76736705177746,-7.30270738514922,-6.46941320337153,-5.81650060331779,-4.80689606769216,26.9885099937583,1.05419995040797,5.06721544179486,0.0982070217564381,0.411651134089103,4.26497772376918,4.76931172286324,5.06048398367253,5.47492128540588,5.73452458144711,17.5700723946234,1.09726446390303,1.61699062821778,0.019834240683262,0.0789881840553355,1.45885690497413,1.56148117237459,1.61754729322026,1.69472842369131,1.73520487754352,15.8596318202223,1.10711484938815,TRUE,"",""
2022-07-09,5.3269973697352,0.0067894142461312,0.653801669637196,3.9695908138145,4.93920599403236,5.36927658525196,5.67676101862067,6.67292251635656,9273.15322680927,1.00121412397057,-6.88948526416371,0.0179146154711147,0.969016475235344,-8.94602822616023,-7.4441491942577,-6.84700813533072,-6.36638808106272,-4.92092995328222,2925.81822386145,1.00203093618351,0.998889888071562,2.5628880589455e-06,9.56766456158918e-05,0.998691065820453,0.998841311666926,0.998881729048958,0.998951568474478,0.999083233580376,1393.64642866897,1.00378764457163,5.32699736973145,0.00678941424612656,0.653801669636736,3.96959081381171,4.93920599402889,5.36927658524817,5.67676101861668,6.67292251635187,9273.15322680888,1.00121412397057,-6.8894852641637,0.0179146154711148,0.969016475235344,-8.94602822616026,-7.44414919425769,-6.8470081353307,-6.36638808106271,-4.92092995328219,2925.81822386144,1.00203093618351,4.93662934187354,0.0650375445210895,0.353851829612267,4.23112044416211,4.68297361347186,4.94608281931419,5.2463476378715,5.55474722908778,29.6015613387307,1.06582393669178,1.59093133421235,0.0143429977009795,0.0683294115114385,1.45019332873504,1.54326537169806,1.59411823492198,1.65673041498444,1.70100277350358,22.6952778034858,1.08166254253742,TRUE,"",""
2022-07-10,5.20073258353581,0.00915746881829979,0.65737182176604,3.87213482232158,4.85226826577528,5.17016637288641,5.57875213377016,6.56602298464511,5153.13204606651,1.00434324452899,-6.63089315569261,0.0902700939760364,1.00962962772268,-8.49820507098214,-7.26666562305716,-6.78348648694428,-5.9791910786365,-4.46722024849368,125.093972390984,1.02025066583997,0.999041135613021,5.63851846140538e-06,8.88886405600252e-05,0.99885251923369,0.998986207992195,0.999055689448041,0.999097301546844,0.999212930250151,248.520669601202,1.02532158790468,5.20073258353215,0.00915746881829512,0.657371821765578,3.87213482231885,4.85226826577186,5.17016637288277,5.57875213376623,6.56602298464049,5153.13204606452,1.00434324452899,-6.63089315569261,0.0902700939760361,1.00962962772268,-8.49820507098213,-7.26666562305713,-6.78348648694427,-5.97919107863651,-4.46722024849368,125.093972390985,1.02025066583997,4.79792230392917,0.0313556936143121,0.33026319897361,4.11851506482945,4.57013837593831,4.83352703384537,5.00687773333888,5.42536742919688,110.939841760092,1.02879710632105,1.56313234212707,0.00785743620738114,0.06509829349284,1.4247707436912,1.51924467599728,1.5707588608011,1.60954002134543,1.6779888612545,68.6400324925857,1.03917379517064,TRUE,"",""
2022-07-11,6.03197679907985,0.15717127257907,0.71739799178483,4.7822522390981,5.46184620472718,5.98001725058812,6.53611169906087,7.50265932028615,20.834063049174,1.06798374934795,-6.901393980417,0.248677793754408,1.04520352324064,-9.0432609438409,-7.63241507528915,-6.83125800680433,-6.05671277908959,-5.09501407445245,17.6655725876113,1.0770580346653,0.999320987085412,1.67833767135609e-06,5.97843392737792e-05,0.999193592552425,0.999288352137283,0.999322706899593,0.999356175847726,0.999436539596246,1268.86723281575,1.00234833138041,6.03197679907561,0.157171272578997,0.717397991784325,4.78225223909474,5.46184620472333,5.98001725058391,6.53611169905627,7.50265932028087,20.8340630491642,1.06798374934795,-6.901393980417,0.248677793754408,1.04520352324064,-9.04326094384096,-7.63241507528915,-6.83125800680436,-6.0567127790896,-5.09501407445246,17.6655725876113,1.0770580346653,4.66748854254821,0.0180890522589798,0.306165965245814,4.02734253102517,4.46520586315381,4.71337718386302,4.84393892093791,5.26633914850902,286.472009871758,1.01927286842804,1.53977786374408,0.00388387213527276,0.0610475157039571,1.40898463023034,1.4995665614614,1.5506089054459,1.57555830826738,1.65252282594316,247.062108352282,1.02309289467349,TRUE,"",""
2022-07-12,6.60694055466854,0.205529905362467,0.759413615890163,5.07133046725083,6.06002480128742,6.61765297450105,7.31489312197248,7.81770167633885,13.6523280256789,1.1004660102677,-7.08886358040077,0.0222815436471915,0.966314181499918,-9.03589445371732,-7.59250421493383,-7.17599689505127,-6.50033234952684,-5.07360997661849,1880.81533130691,1.00547956012126,0.99928566528703,1.94314725729017e-06,6.26948318998288e-05,0.999154889108357,0.99925020432098,0.999280071044347,0.999326472243997,0.999411168727593,1041.0031811965,1.01052633922898,6.60694055466389,0.205529905362351,0.759413615889628,5.07133046724725,6.06002480128315,6.61765297449639,7.31489312196734,7.81770167633335,13.6523280256751,1.10046601026769,-7.08886358040077,0.0222815436471907,0.966314181499918,-9.03589445371735,-7.59250421493382,-7.17599689505125,-6.50033234952686,-5.07360997661852,1880.81533130704,1.00547956012126,4.55437783120702,0.0077209143758886,0.293383343071399,3.9465315344874,4.36831804231203,4.60855142012505,4.68971395658061,5.15353692500343,1443.88775587242,1.00830629252359,1.51527893168845,0.00181358299226101,0.0587059749989212,1.3883495183496,1.47809150398146,1.52791300851524,1.5439147988551,1.6277468180729,1047.82737858875,1.01105530842009,TRUE,"",""
2022-07-13,NA,NA,NA,NA,NA,NA,NA,NA,NA,NA,NA,NA,NA,NA,NA,NA,NA,NA,NA,NA,NA,NA,NA,NA,NA,NA,NA,NA,NA,NA,NA,NA,NA,NA,NA,NA,NA,NA,NA,NA,NA,NA,NA,NA,NA,NA,NA,NA,NA,NA,NA,NA,NA,NA,NA,NA,NA,NA,NA,NA,NA,NA,NA,NA,NA,NA,NA,NA,NA,NA,FALSE,"","data don't end when expected"
2022-07-28,NA,NA,NA,NA,NA,NA,NA,NA,NA,NA,NA,NA,NA,NA,NA,NA,NA,NA,NA,NA,NA,NA,NA,NA,NA,NA,NA,NA,NA,NA,NA,NA,NA,NA,NA,NA,NA,NA,NA,NA,NA,NA,NA,NA,NA,NA,NA,NA,NA,NA,NA,NA,NA,NA,NA,NA,NA,NA,NA,NA,NA,NA,NA,NA,NA,NA,NA,NA,NA,NA,FALSE,"","data don't start when expected"
2022-07-29,7.36425658340508,0.105823163226799,0.658445861186255,6.14997200896918,6.92439309207645,7.26903592742943,7.8202125724318,8.74401776508288,38.7149467261062,1.03836389695115,-7.11770212289264,0.174494323754868,0.986326265297185,-9.17075543915193,-7.78333480551448,-7.02615030837583,-6.43049041827021,-5.35459946699172,31.9505683850474,1.04769919587344,0.999637329728668,1.88009281301076e-06,3.28935597172787e-05,0.999568948577423,0.99961881640126,0.999634520119766,0.999659749386771,0.999701978651305,306.099888648955,1.02219467662005,7.3642565833999,0.105823163226699,0.658445861185791,6.14997200896486,6.92439309207158,7.26903592742431,7.82021257242629,8.74401776507673,38.7149467261249,1.03836389695116,-7.11770212289264,0.174494323754868,0.986326265297185,-9.17075543915198,-7.78333480551445,-7.02615030837586,-6.43049041827021,-5.3545994669917,31.9505683850474,1.04769919587344,3.96704625172103,0.0145303438556423,0.237515419314214,3.45309145056535,3.81749977038791,4.00655718320002,4.09329299140475,4.43480728147,267.197157777938,1.0167649041565,1.38051563630289,0.00297516319029297,0.0523361676485301,1.26816221292809,1.34747268932333,1.39060397031292,1.40864133785594,1.47937765036005,309.444132040026,1.01746295549761,TRUE,"",""
2022-07-30,7.1993631684447,0.146091719134293,0.675384998315403,5.80917327144816,6.72837496700926,7.26381007943932,7.77307259271442,8.36823354743902,21.372317649606,1.06546183583287,-7.38498914743163,0.447863499788986,1.20635157833038,-9.29922114601004,-8.33394320532082,-7.27982247414342,-6.49319384936358,-5.18667372322932,7.25531803624116,1.20298006955996,0.9996494805406,1.57338959458418e-05,4.17795524039142e-05,0.999569483993966,0.999619709179246,0.999647447768722,0.999681090361008,0.999713862096379,7.05106987551193,1.21371906152013,7.19936316843963,0.146091719134156,0.675384998314927,5.80917327144408,6.72837496700453,7.2638100794342,7.77307259270894,8.36823354743313,21.3723176496162,1.06546183583286,-7.38498914743163,0.447863499788985,1.20635157833038,-9.29922114601003,-8.33394320532081,-7.27982247414341,-6.49319384936357,-5.18667372322936,7.25531803624116,1.20298006955996,3.95078855293561,0.0269423269114136,0.233424448680661,3.4452393768019,3.80187894703434,3.98493457148306,4.1050861881397,4.37957317462545,75.0624059436705,1.03235459545312,1.38194841314207,0.00436842094241624,0.049983965296364,1.27430252632346,1.34941501968509,1.39030254976147,1.4122427377036,1.47398620327344,130.921945932218,1.02614566153553,TRUE,"",""
2022-07-31,6.9663062860776,0.115026735590316,0.651202106036144,5.59016956823478,6.51693169094062,7.05406888651398,7.4417483637774,8.09508395954192,32.0504405205039,1.0470607971834,-7.08421631214715,0.0378528360918528,0.918856738490297,-8.81290436711534,-7.59205794466378,-7.2666857381879,-6.5061083079607,-5.11397790942291,589.248873321503,1.01070987368124,0.999569940798134,1.38591933247245e-05,4.51785535057259e-05,0.999502320409499,0.999527013804212,0.999573069891422,0.999603548037031,0.99965154758504,10.6264630884528,1.14270195796323,6.9663062860727,0.115026735590183,0.651202106035686,5.59016956823084,6.51693169093604,7.05406888650901,7.44174836377216,8.09508395953623,32.0504405205325,1.0470607971834,-7.08421631214715,0.0378528360918524,0.918856738490297,-8.81290436711535,-7.59205794466375,-7.26668573818789,-6.50610830796066,-5.11397790942292,589.248873321514,1.01070987368124,3.95776862727976,0.036764328341763,0.230357941132395,3.45599881496653,3.8103973033325,3.98447818156402,4.12539926105135,4.36471782927975,39.2602539377975,1.04504339359085,1.38385929548386,0.00640145782620458,0.0475868044455314,1.28129494654427,1.35185069025456,1.38986584330201,1.41844764163118,1.4684294295271,55.260563185829,1.04162273159664,TRUE,"",""
2022-08-01,7.3112972855611,0.0931129736367806,0.626158995792501,6.18965636120601,6.87129912927982,7.22179829059849,7.72792885701024,8.63631048468737,45.2219052591403,1.03557512453799,-7.44055640448349,0.0104162757096145,0.902378207928539,-9.29058161073357,-7.94773208986377,-7.51993825687261,-6.89314920167584,-5.56579380121491,7505.02708514524,1.00099089172736,0.999615007443911,1.12553906191272e-06,3.40760172462348e-05,0.999546529693092,0.999594897242989,0.999610122004417,0.999637463383195,0.999684317240648,916.592955435918,1.01482429097721,7.31129728555595,0.0931129736367453,0.62615899579206,6.18965636120166,6.87129912927498,7.2217982905934,7.7279288570048,8.6363104846813,45.2219052591109,1.035575124538,-7.4405564044835,0.0104162757096148,0.902378207928539,-9.29058161073353,-7.94773208986382,-7.51993825687264,-6.89314920167582,-5.56579380121494,7505.02708514469,1.00099089172736,3.99212665432287,0.0334359192003666,0.221186503713286,3.52588974484995,3.84220815289688,4.01219019245874,4.15303546752169,4.39200170757082,43.7613502345398,1.04331856213086,1.38555956287186,0.00815400777694896,0.0462610790201359,1.28716708291771,1.35364906993253,1.38920894518927,1.4242790529369,1.46411256468332,32.1876502699959,1.05883178327223,TRUE,"",""
2022-08-02,7.18342211384857,0.037849960750671,0.664076402937172,5.8375256824935,6.72765679059396,7.28968018139845,7.59320575844337,8.50058479496022,307.82595103876,1.01875066718718,-7.85592620659707,0.0141377656426861,0.945281352043154,-9.76845970827684,-8.39396980915687,-7.91593203558634,-7.25839312244847,-5.91267033215374,4470.54658217901,1.00185566434711,0.999474108752539,1.36524498975571e-05,5.3392700759639e-05,0.999388115692696,0.999425683859821,0.999474970937809,0.999514074883615,0.99957780741115,15.2947575066251,1.10593358987111,7.18342211384351,0.0378499607506372,0.664076402936705,5.83752568248939,6.72765679058923,7.28968018139332,7.59320575843803,8.50058479495424,307.825951038876,1.01875066718719,-7.85592620659707,0.0141377656426862,0.945281352043154,-9.7684597082768,-8.39396980915684,-7.91593203558635,-7.25839312244848,-5.91267033215372,4470.54658217899,1.00185566434711,4.02830626716559,0.0186459263028247,0.226772477520594,3.57506485484563,3.87665673166319,4.04848580059149,4.15881541012655,4.48919068928876,147.91518563811,1.02132672350897,1.38506886577181,0.00767456511059614,0.0465607478051527,1.28577279639185,1.35318829776983,1.38938995971726,1.42265771721225,1.46521829800969,36.8071629382891,1.05358666610563,TRUE,"",""
2022-08-03,6.24697826616387,0.00978249988923037,0.649768401984773,4.91148241886996,5.88207385759113,6.24437970264472,6.61215888269287,7.64252935715238,4411.81682456364,1.00188027824453,-7.75540450614023,0.0139175137741075,0.952924295200765,-9.70427822709024,-8.27009427928202,-7.81206894041542,-7.18832933260869,-5.79899676429974,4688.06343557753,1.0018064219859,0.999438691152511,1.43652119320715e-06,4.96709061786627e-05,0.999336234748556,0.999409885225953,0.999434231394624,0.99947091676683,0.99953992261014,1195.58399111711,1.00986338994516,6.24697826615947,0.00978249988922294,0.649768401984315,4.91148241886651,5.88207385758699,6.24437970264033,6.61215888268822,7.64252935714699,4411.81682456413,1.00188027824453,-7.75540450614023,0.0139175137741075,0.952924295200765,-9.70427822709029,-8.27009427928205,-7.8120689404154,-7.18832933260868,-5.79899676429976,4688.0634355775,1.0018064219859,4.03113726398418,0.022848330450448,0.223824642863726,3.58053005023853,3.87996933224663,4.04819383641803,4.17473948460356,4.47876667707032,95.9636720532357,1.0289284369187,1.38585350799892,0.00843504831857058,0.0461147350236208,1.2879572919674,1.35404973241537,1.38925500794394,1.4251829306851,1.46324838338961,29.8885114079399,1.06206025450679,TRUE,"",""
2022-08-04,6.37001902741782,0.0136080152698141,0.631716611816422,4.98907279981507,6.02700754256525,6.3795301839309,6.7307763740852,7.68570331989957,2155.03842864342,1.00172771556864,-7.62964495148171,0.0279200880519307,0.959192516455753,-9.58456396690914,-8.1749195991982,-7.59879395130293,-7.07695316100285,-5.60754264839921,1180.26083592,1.0026493437406,0.999427511236569,5.28578150415974e-06,5.15778744855945e-05,0.999330687655342,0.999389446509798,0.999424682656916,0.999464102068901,0.999530971610782,95.2156788426582,1.03290523212536,6.37001902741334,0.0136080152698043,0.631716611815977,4.98907279981156,6.02700754256101,6.37953018392641,6.73077637408046,7.68570331989415,2155.03842864349,1.00172771556864,-7.62964495148171,0.0279200880519307,0.959192516455753,-9.58456396690914,-8.17491959919816,-7.59879395130296,-7.07695316100284,-5.60754264839925,1180.26083592,1.0026493437406,4.0262988559208,0.0464961367321537,0.223373871503821,3.5738853651893,3.87240362425385,4.02961370570298,4.2275566649836,4.42100100395966,23.0797448524035,1.07266630297413,1.38982042302373,0.0118734448878121,0.0466319270418645,1.29354243456061,1.35679496278341,1.39091439724125,1.43682671169384,1.46071259059102,15.4245763355541,1.10649350817331,TRUE,"",""
2022-08-05,6.81988786376597,0.0195137491172784,0.63247529416824,5.4966526179311,6.44006071197307,6.89585404654185,7.17026223522666,8.05714857958341,1050.5233193415,1.006423678745,-7.980101008348,0.0368044314814018,0.949535009259133,-10.0159388076704,-8.55991175276604,-7.85234271554155,-7.48047531631649,-6.02297160237095,665.612909386064,1.0072937647263,0.999538244787018,6.50483925601285e-06,4.43716340102091e-05,0.9994412223779,0.999509118938728,0.999544702513415,0.999571526612045,0.999612413452124,46.5304986066049,1.04757920744747,6.81988786376117,0.019513749117273,0.632475294167795,5.49665261792723,6.44006071196853,6.89585404653699,7.17026223522161,8.05714857957775,1050.5233193406,1.006423678745,-7.980101008348,0.036804431481402,0.949535009259134,-10.0159388076704,-8.55991175276606,-7.85234271554155,-7.48047531631652,-6.02297160237095,665.612909386056,1.0072937647263,4.05361191808749,0.0681212963228129,0.256830284610782,3.53784528163302,3.87435603156395,4.04713008687031,4.3104621821308,4.46564253340412,14.214338660705,1.10729702442016,1.39626824938938,0.0169167014550116,0.0562840910410446,1.28427985774802,1.35548935219468,1.39515115281059,1.44785826779223,1.47487542267818,11.0698043148736,1.14289225371518,TRUE,"",""
2022-08-06,7.00784784415991,0.194777602220899,0.729454845709734,5.55508863938025,6.48767885010679,7.01648558390851,7.62402637516451,8.11024790448132,14.0255143479532,1.10855928275312,-8.83443039138662,0.177023524092131,0.993500096593772,-10.5572610583232,-9.57659665185506,-8.93915600823075,-8.15611069983878,-6.74258756138616,31.4973388716849,1.04902201200949,0.999521660943817,1.36424129793104e-05,4.88169864150364e-05,0.999445066109511,0.999475265592682,0.999523657806979,0.999558448448326,0.999613187209279,12.8044092762343,1.11804617717711,7.00784784415497,0.194777602220765,0.729454845709221,5.55508863937634,6.48767885010222,7.01648558390356,7.62402637515914,8.11024790447561,14.0255143479527,1.10855928275313,-8.83443039138662,0.177023524092131,0.993500096593772,-10.5572610583231,-9.57659665185504,-8.93915600823073,-8.15611069983877,-6.74258756138611,31.4973388716849,1.04902201200949,4.04637331473619,0.0603453425712292,0.237715815791539,3.5617995307192,3.88124543906402,4.04928279495925,4.27533537942533,4.43046096625542,15.5177460580811,1.09811329688425,1.39871761399692,0.0147854037132858,0.0503974186826265,1.29686893814789,1.36251576404852,1.39841492275631,1.445993518382,1.47050734110626,11.6185039727011,1.13672697825132,TRUE,"",""
2022-08-07,6.6252945750588,0.0589009034226343,0.648511201267443,5.20729254473983,6.22469312023344,6.70525067430836,6.97799808412096,7.90476836054497,121.224681398228,1.0204222305918,-8.29423874538583,0.0121009285252595,0.935350368340464,-10.2152324116546,-8.85927394555065,-8.25262378559439,-7.77349581132277,-6.36677822614969,5974.63325274634,1.00080682429786,0.999521971182879,2.71756202993639e-06,4.30027382346287e-05,0.999428900988456,0.999495033199578,0.999528710282531,0.999548512612948,0.999598763391556,250.399403083137,1.02291935907157,6.62529457505413,0.0589009034226419,0.648511201266986,5.20729254473617,6.22469312022906,6.70525067430364,6.97799808411605,7.9047683605394,121.224681398026,1.0204222305918,-8.29423874538583,0.0121009285252592,0.935350368340463,-10.2152324116547,-8.85927394555063,-8.2526237855944,-7.7734958113228,-6.36677822614966,5974.63325274654,1.00080682429786,4.04882682782477,0.0581043850684952,0.232672020078007,3.57455499731182,3.89201260237489,4.05153925726806,4.26225624506537,4.42483635080186,16.0350567857337,1.09395091614006,1.39957157922545,0.0140144865284064,0.048422562824805,1.30133565998486,1.36471050396358,1.39968383201577,1.4452665686234,1.46922521460821,11.9382635374291,1.13333780076466,TRUE,"",""
2022-08-08,6.7398146673279,0.007270298866334,0.618391373112216,5.46302466178842,6.39004075999409,6.7555577112084,7.07901917330866,8.01614056273988,7234.72980774322,1.00078719977399,-8.15016033174644,0.312640330692486,1.10256123642764,-9.78461554097326,-9.16552032586059,-8.1563893099319,-7.33090922188661,-5.99312447071789,12.436994331013,1.11454319690698,0.999506908021133,1.41005351386666e-06,4.43895556138241e-05,0.999410750315057,0.999479982411231,0.999513202289182,0.999530860163604,0.999591491054372,991.038221449973,1.00705902662225,6.73981466732316,0.00727029886633232,0.618391373111781,5.46302466178456,6.39004075998959,6.75555771120364,7.07901917330368,8.01614056273424,7234.72980773639,1.00078719977399,-8.15016033174644,0.312640330692485,1.10256123642764,-9.78461554097324,-9.16552032586054,-8.15638930993189,-7.3309092218866,-5.99312447071789,12.4369943310131,1.11454319690698,4.05309923302432,0.0631630595957278,0.241267793390804,3.56998436030768,3.88519467043309,4.05298820107842,4.28364156910809,4.44712293602101,14.5905743035047,1.1017620738734,1.39876669311288,0.0147411544645381,0.0502816511337192,1.29713774175846,1.36264539287716,1.39845015193253,1.44593567991904,1.4704201567015,11.634723509307,1.1365514005596,TRUE,"",""
2022-08-09,6.62211526390223,0.214790786067104,0.729780806303854,5.18038274516004,6.1064234314099,6.61709617422486,7.28584275224685,7.71612014232276,11.5439271961621,1.12309640887991,-7.88681638079021,0.111674287944412,0.960475661315851,-9.65729537930461,-8.50933990580887,-8.03045605918478,-7.24049324244901,-5.85154697648465,73.9718268467643,1.03133153587047,0.999484012065976,1.10514133821089e-05,4.99208875173902e-05,0.999401240964637,0.999442055699806,0.999482437408301,0.999520553664553,0.999583003204836,20.4046404915825,1.08081726932924,6.62211526389757,0.214790786066836,0.729780806303341,5.1803827451564,6.1064234314056,6.6170961742202,7.28584275224172,7.71612014231732,11.5439271961746,1.12309640887992,-7.88681638079021,0.111674287944412,0.960475661315852,-9.6572953793046,-8.50933990580888,-8.03045605918479,-7.24049324244899,-5.85154697648468,73.9718268467643,1.03133153587047,4.05289270223876,0.0663882966381642,0.248061068105137,3.55190160798583,3.88205093414281,4.0514315955923,4.29411090208122,4.45240786985072,13.9615670713238,1.10615687209738,1.39812423867222,0.0153194081942871,0.0518175228909425,1.29405183003004,1.3609075442683,1.39739851948552,1.44642309470456,1.47127628170713,11.4411405077766,1.13867840519683,TRUE,"",""
2022-08-10,6.15596514049006,0.00732010229993935,0.605889541022779,4.86275035324887,5.81540111326579,6.19665810198117,6.49258137420321,7.38847294423208,6850.97859252979,1.00124969006707,-7.4151753795889,0.119253199863172,0.959974935586532,-9.28023339181668,-7.99776682741883,-7.55580400133407,-6.77466288205794,-5.42502063019158,64.8007012739701,1.02739384187645,0.999465578915103,5.09962390861867e-06,4.79142241740446e-05,0.999372979718849,0.999432838837245,0.999460201744501,0.999499689569063,0.999561698501178,88.2780281388193,1.03532657513646,6.15596514048573,0.00732010229993629,0.605889541022352,4.86275035324544,5.8154011132617,6.19665810197681,6.49258137419864,7.38847294422688,6850.97859252588,1.00124969006707,-7.4151753795889,0.119253199863172,0.959974935586532,-9.28023339181667,-7.99776682741881,-7.55580400133407,-6.77466288205798,-5.42502063019159,64.8007012739703,1.02739384187645,4.0571276683382,0.0603303441338022,0.243693420682504,3.56815097079364,3.88937343757958,4.05652795963606,4.2975096355297,4.46282564910442,16.3160866480641,1.09531409899081,1.39795735661546,0.0154692877000114,0.0522234702586177,1.29319357704735,1.36045083624026,1.39709292152615,1.44649309,1.47162419259358,11.3970071720245,1.13917277521186,TRUE,"",""
2022-08-11,6.46995400561814,0.0107383017123252,0.628330554786492,5.17763778889113,6.09757732197665,6.4753730102719,6.8271937757495,7.74715305478823,3423.77451134304,1.00133888651278,-8.2866301691466,0.0132008373919679,0.939989174826704,-10.2379967071133,-8.83576170006381,-8.2509879935648,-7.77982570060257,-6.32889527240065,5070.40606645316,1.00098870368462,0.999482392805599,9.77931472181349e-06,4.88423513252527e-05,0.999396206523044,0.999440793442866,0.999480126192265,0.999519564552179,0.999578151295156,24.9445848494226,1.06752783895105,6.46995400561359,0.0107383017123184,0.628330554786049,5.17763778888748,6.09757732197236,6.47537301026734,6.82719377574469,7.74715305478278,3423.77451134256,1.00133888651278,-8.2866301691466,0.0132008373919679,0.939989174826704,-10.2379967071133,-8.83576170006378,-8.25098799356479,-7.77982570060258,-6.32889527240067,5070.40606645318,1.00098870368462,4.02316816790743,0.0738141915057209,0.256235223064779,3.49611466587195,3.85282749553076,4.01849390988794,4.26635099543802,4.41600786093221,12.050301802961,1.12177855987142,1.39741380327365,0.0159571349450893,0.0535644547038432,1.29064034505956,1.35879994649168,1.39644096215941,1.44704669686327,1.47289261424281,11.2679144397908,1.14062959390089,TRUE,"",""
2022-08-12,6.03895392610249,0.195148526231594,0.7053071469057,4.64167675883934,5.53706331668001,6.04477081565453,6.69051228070163,7.13873447252328,13.0624914002425,1.10357919795178,-7.96278064011524,0.119935289167464,0.967820223652109,-9.74719635223736,-8.58717821538726,-8.11630573686989,-7.31254310802128,-5.92176110956844,65.1171542427562,1.02896972808958,0.99940299227224,1.67125839494184e-06,5.31536420443105e-05,0.999293797716932,0.999373323374949,0.999398963665132,0.999438647012326,0.99950893898245,1011.53019462637,1.01261227373811,6.03895392609823,0.195148526231512,0.705307146905203,4.64167675883607,5.53706331667611,6.04477081565027,6.69051228069692,7.13873447251825,13.0624914002351,1.10357919795177,-7.96278064011524,0.119935289167464,0.967820223652109,-9.74719635223733,-8.58717821538731,-8.11630573686988,-7.3125431080213,-5.92176110956846,65.1171542427563,1.02896972808958,4.03457607146305,0.0707752058709631,0.255575861450182,3.51423165229422,3.85862230321553,4.02879516842446,4.28355861888125,4.43173048392919,13.039993772642,1.11555162493427,1.39724211978366,0.0161111442410814,0.0539937377203266,1.28951486056266,1.3583683723433,1.39629207317575,1.44718069107992,1.47312057180548,11.2314030716878,1.14104353311332,TRUE,"",""
2022-08-13,5.69229602850162,0.172572996827255,0.692472147281689,4.27818382247149,5.19543697973658,5.72891430347084,6.3227794181519,6.77690105669277,16.1012256994766,1.086485000127,-6.97701383428646,0.274200434060469,1.08019674538564,-8.78973607082456,-8.00163352052303,-6.99302119842013,-6.17284883726487,-4.82874381913312,15.5192043928418,1.09563511615226,0.999337400196164,1.6811437105591e-06,5.79608085463625e-05,0.99920888469036,0.999304021603958,0.999346012778706,0.999367920947986,0.999447070021481,1188.66421960567,1.00936510039475,5.69229602849762,0.172572996827109,0.692472147281201,4.27818382246847,5.19543697973292,5.7289143034668,6.32277941814745,6.776901056688,16.1012256994812,1.086485000127,-6.97701383428646,0.27420043406047,1.08019674538564,-8.7897360708246,-8.00163352052302,-6.99302119842011,-6.17284883726491,-4.82874381913313,15.5192043928418,1.09563511615226,4.06257994341283,0.0599550968725511,0.24954673549511,3.56050091618309,3.88672734141471,4.06125606698128,4.30215031529618,4.48298478874206,17.3241353357226,1.09253259734694,1.39748053885989,0.0158972623394633,0.0533983125793554,1.29101690991236,1.35896253323807,1.39652033745437,1.44700131107974,1.4727576686273,11.2826309900497,1.14046288142117,TRUE,"",""
2022-08-14,5.7221427885877,0.0129088840373372,0.612819867454363,4.44643610693103,5.35114092416029,5.81294009465512,6.07223948474107,6.95939526334797,2253.65936512475,1.00676328493939,-6.59999712998328,0.0188096483508076,0.92794735179398,-8.46036597315336,-7.09389885032261,-6.69008396824291,-6.04109747574075,-4.71792687157596,2433.80243091421,1.00467169133031,0.999389327878215,4.02010647607327e-06,5.47595789987729e-05,0.999282607948153,0.999356456084594,0.999383747770719,0.999427013202971,0.999498994439253,185.543219999188,1.0245543500384,5.72214278858367,0.012908884037329,0.612819867453932,4.44643610692791,5.35114092415652,5.81294009465103,6.07223948473679,6.95939526334307,2253.65936512445,1.00676328493939,-6.59999712998328,0.0188096483508078,0.92794735179398,-8.46036597315336,-7.09389885032264,-6.69008396824294,-6.04109747574077,-4.71792687157594,2433.80243091416,1.00467169133031,4.05949733670456,0.0578775363882982,0.238194515932175,3.5748782871948,3.89238111355895,4.06093333441492,4.28365322755886,4.45479408121753,16.9372712657415,1.09132063155836,1.39907256273476,0.0144652885446936,0.0495662563929269,1.29875497028628,1.36343799770641,1.39887706677798,1.44557764864551,1.47005926712589,11.741350044725,1.13540576665002,TRUE,"",""
2022-08-15,5.46929516196828,0.0304179634474269,0.617238644605588,4.19418845866993,5.07892553479565,5.58999906937717,5.77959310603293,6.65483337830502,411.761702103529,1.01207805248973,-6.27029591542534,0.0253016471309983,0.922927353664472,-8.09551199245136,-6.84231655975002,-6.30840475786212,-5.67043700158195,-4.36443372183615,1330.56913945768,1.00691711540053,0.999359603726178,2.14286541420695e-05,6.80715419704437e-05,0.99925154293989,0.999302831711633,0.999362766438541,0.999409527400574,0.999486474831423,10.0911668294707,1.15216394674491,5.46929516196443,0.0304179634474218,0.617238644605154,4.19418845866699,5.07892553479207,5.58999906937323,5.77959310602886,6.65483337830033,411.761702103087,1.01207805248973,-6.27029591542534,0.0253016471309986,0.922927353664472,-8.09551199245138,-6.84231655975003,-6.30840475786208,-5.67043700158198,-4.36443372183612,1330.56913945764,1.00691711540053,4.0787236707888,0.0453766991309406,0.225164873495755,3.62616294682815,3.91954697335539,4.08474570620329,4.27086279188334,4.47999252428977,24.6226889599121,1.06756240969132,1.40075440903731,0.0129410846311165,0.0458392016780349,1.30806474866981,1.36733057585798,1.4012500605829,1.44454644718021,1.46809617748018,12.5467930936687,1.12735216107548,TRUE,"",""
2022-08-16,6.28942893724586,0.0268925200625824,0.637509722916015,5.09694388491232,5.89527285805069,6.20357307930312,6.70913229993093,7.61011981976035,561.966753344148,1.01079992554607,-6.92406937724287,0.020593177738284,0.92857441746326,-8.83615197730963,-7.45958054022515,-6.94355368000427,-6.40426953100466,-5.05577303715693,2033.23086279748,1.00445788447236,0.999492922409942,1.1652844803469e-06,4.40285623776887e-05,0.999399094113438,0.999471343419316,0.999489114409035,0.999520267213196,0.999580998492479,1427.5952207086,1.00361862043758,6.28942893724143,0.0268925200625955,0.637509722915566,5.09694388490873,5.89527285804654,6.20357307929875,6.7091322999262,7.61011981975498,561.966753342809,1.01079992554607,-6.92406937724287,0.0205931777382841,0.92857441746326,-8.83615197730962,-7.45958054022517,-6.94355368000428,-6.40426953100469,-5.05577303715693,2033.23086279746,1.00445788447236,4.08225914708075,0.0372734746000083,0.209908995748535,3.65720035982982,3.93734228265148,4.09481387239519,4.24453279816905,4.46767006530647,31.7148267559049,1.05612828469847,1.40285357041186,0.0109977430281535,0.0417816404541468,1.31781140522511,1.37244638923758,1.40412393611856,1.44476327558611,1.46593934321419,14.4332402040269,1.11243145444874,TRUE,"",""
2022-08-17,6.70067569453972,0.0212840535525343,0.615365209061344,5.38323304505809,6.31524564750279,6.80357020951336,7.0140892682908,7.90136210782714,835.905517377579,1.00688004135119,-7.82336345422355,0.0807600428396022,0.957069009684829,-9.6281052547882,-8.42810225491072,-7.98825852792516,-7.18929698742483,-5.79525634016928,140.440842568454,1.01941706879211,0.999351512248198,1.93093393106253e-06,5.95176736084879e-05,0.999227743367305,0.999321947266828,0.99934345797832,0.999391276253893,0.99947109246338,950.073197671025,1.00453096596159,6.70067569453501,0.0212840535525525,0.615365209060911,5.3832330450543,6.31524564749835,6.80357020950857,7.01408926828586,7.90136210782157,835.905517374969,1.00688004135119,-7.82336345422355,0.0807600428396031,0.957069009684829,-9.62810525478818,-8.4281022549107,-7.98825852792516,-7.18929698742483,-5.79525634016925,140.440842568451,1.01941706879211,4.07737221160625,0.0356858984638946,0.201089506028794,3.6563094425108,3.94704760784068,4.09179687112067,4.230793924513,4.44370464632398,31.7530570471048,1.05313126576555,1.40531300019092,0.00854941624750031,0.0381296450444843,1.32680865932624,1.37786788937914,1.40806528296152,1.44128865888678,1.46674841994861,19.8908160172674,1.08767793466992,TRUE,"",""
2022-08-18,6.25224894435934,0.20003355340677,0.716526972799105,4.82391170001914,5.72976715434582,6.26533988357356,6.91065860301913,7.45565128664454,12.830966981035,1.1118167663872,-8.6151356858071,0.229293464058622,1.02685122853024,-10.387289712831,-9.49366787756417,-8.67377988976856,-7.89047285067484,-6.51036815499751,20.0554173092175,1.06960089315999,0.999334612214224,1.60440884528074e-05,6.74103062434471e-05,0.999226148891429,0.999271870082077,0.999335385324766,0.999384640632345,0.999464986757346,17.653161932305,1.09506814568698,6.25224894435494,0.200033553406661,0.7165269727986,4.82391170001574,5.72976715434179,6.26533988356915,6.91065860301427,7.45565128663929,12.830966981031,1.11181676638721,-8.6151356858071,0.229293464058622,1.02685122853024,-10.3872897128309,-9.49366787756414,-8.67377988976853,-7.89047285067488,-6.51036815499749,20.0554173092175,1.06960089315999,4.10668511396,0.0086930610477355,0.194142628782257,3.71693097140405,3.98116729424134,4.13341560137546,4.21072955348979,4.50440521572886,498.76543958289,1.01632463506927,1.40817557159734,0.00523607291379466,0.03582813996742,1.33307282207431,1.38318811578127,1.41246864737167,1.43449356190358,1.47084817467132,46.8206192262923,1.05329085710168,TRUE,"",""
2022-08-19,5.90841163422176,0.122867359527605,0.655865031996234,4.56979137702387,5.45744391826916,5.96337512209433,6.39252978019163,7.08684060999282,28.4941629171823,1.05528432867088,-7.83852754730179,0.0210937202612375,0.940254111013275,-9.74868640998715,-8.35818178239588,-7.95476161133345,-7.2875726130373,-5.8864009170092,1986.93709291895,1.00445928373695,0.999335820122396,6.83501491923807e-06,6.2706100247214e-05,0.999216597923562,0.999291292541745,0.999329006729534,0.999379645266985,0.999463400059096,84.1667680972175,1.03836093229538,5.9084116342176,0.122867359527421,0.655865031995772,4.56979137702065,5.45744391826532,5.96337512209014,6.39252978018714,7.08684060998783,28.4941629172277,1.05528432867088,-7.83852754730179,0.0210937202612376,0.940254111013275,-9.74868640998711,-8.35818178239586,-7.95476161133343,-7.2875726130373,-5.88640091700918,1986.93709291893,1.00445928373695,4.12251207252124,0.00458833702811149,0.194667205439797,3.73048860353363,4.0081520805948,4.14306136777503,4.21238912725501,4.538208782303,1800.01020496065,1.00638117985652,1.41100109182121,0.00203134835056929,0.0359779819010693,1.33500166883027,1.38785003607124,1.41807649804671,1.42923069077359,1.47936179675833,313.692970200416,1.02444061199906,TRUE,"",""
2022-08-20,5.91298896195366,0.0136190601086389,0.612332475047935,4.68324937027219,5.57868611141752,5.87600073234148,6.29342476575867,7.16829297242693,2021.53056603088,1.00415893440476,-7.45260188521113,0.0997561647932551,0.957568719433428,-9.42042298238435,-8.09416686873844,-7.37205733432651,-6.80651030514246,-5.63638566188085,92.1425895518364,1.02626467434791,0.999401385255751,1.59141594667556e-06,5.35868526742913e-05,0.999283234113615,0.999370616277929,0.999409093451238,0.999431759385351,0.999502014024612,1133.832991051,1.00864665695486,5.9129889619495,0.0136190601086286,0.612332475047504,4.6832493702689,5.57868611141359,5.87600073233735,6.29342476575424,7.16829297242189,2021.53056603107,1.00415893440477,-7.45260188521113,0.099756164793255,0.957568719433428,-9.42042298238431,-8.09416686873846,-7.37205733432649,-6.80651030514248,-5.63638566188086,92.1425895518365,1.02626467434791,4.13746061988906,0.0043231692755693,0.208936620834486,3.72756431224822,4.02257784286276,4.13320623728218,4.24387134356794,4.59157756063307,2335.74082358952,1.00326522032682,1.4139883805993,0.00099758690731526,0.0387161549844239,1.33125137969465,1.39259798857325,1.41838981046881,1.43549950949497,1.49091281303415,1506.20109181724,1.00894326039635,TRUE,"",""
2022-08-21,6.2115853280268,0.259284560578932,0.766526953284927,4.73346080023022,5.66002318012601,6.16594108813594,6.88431173442129,7.42304816460505,8.73980106040845,1.16380172819458,-8.22464772992517,0.366326537691742,1.1554958211485,-9.9583076285489,-9.21865045677545,-8.20606033540718,-7.37333562514751,-5.97954694639942,9.94947112187667,1.15051475094083,0.999465126508197,4.79129906536348e-06,4.9815968876875e-05,0.99936913294587,0.999430818161571,0.999460956210331,0.999499623879171,0.999565029656333,108.101222014069,1.03118329939097,6.21158532802243,0.259284560578827,0.766526953284387,4.73346080022689,5.66002318012203,6.1659410881316,6.88431173441644,7.42304816459983,8.73980106040327,1.16380172819458,-8.22464772992517,0.366326537691741,1.1554958211485,-9.95830762854886,-9.21865045677547,-8.20606033540715,-7.37333562514749,-5.97954694639939,9.94947112187667,1.15051475094083,4.14249326686871,0.00476536886935674,0.225362956588131,3.69134190937285,4.02964002686741,4.11463214978319,4.26936165598053,4.62193666903949,2236.51603616199,1.00649325375784,1.41740631313176,0.00113276066171372,0.0444574742137741,1.32440967630009,1.39562426171794,1.41133083665292,1.44495763641175,1.50770271891224,1540.32815398636,1.00809623907355,TRUE,"",""
2022-08-22,6.37186011586548,0.213139573180013,0.725258051083291,4.93017933819588,5.8410665130089,6.37862015762057,7.08419026330385,7.44777136428731,11.5786235376763,1.12070640857043,-8.41365889235311,0.42552851301231,1.23410411871332,-10.3274562050915,-9.46092714205294,-8.34046352268968,-7.52249099922317,-6.00429325925427,8.41097364018686,1.17475027721053,0.999264325028737,2.48318165506571e-06,6.77715113976338e-05,0.99912332443156,0.999229168068772,0.999257385581545,0.999308028568212,0.999399603848419,744.864643141381,1.00730968939564,6.37186011586099,0.213139573179731,0.725258051082781,4.93017933819241,5.84106651300479,6.37862015761608,7.08419026329886,7.44777136428207,11.5786235376907,1.12070640857043,-8.41365889235312,0.425528513012311,1.23410411871333,-10.3274562050915,-9.46092714205298,-8.34046352268966,-7.52249099922317,-6.00429325925424,8.41097364018685,1.17475027721053,4.1764720459026,0.0106818830989352,0.246425729828435,3.72133979763516,4.04532018578826,4.12033117907787,4.32871818641052,4.71492938063256,532.201949799571,1.01634789814055,1.41964640856294,0.00141142147500224,0.0492992602478629,1.31894986964411,1.39714170663783,1.4098467968759,1.45150156639947,1.51970504701639,1220.02116010426,1.01278450663527,TRUE,"",""
2022-08-23,6.13512738082032,0.0864525431543639,0.637910517513083,4.75040748823885,5.6982201478869,6.2381758918218,6.57109675621096,7.2955287962648,54.4457492334689,1.03215374190367,-7.56627262074587,0.0184352577990543,0.926531219855003,-9.49066502554108,-8.14266207192642,-7.46732852985877,-7.0585399739125,-5.68879150400272,2525.93217502158,1.00505635306354,0.99952428304572,9.81173825760853e-06,4.57264024461546e-05,0.999443068150281,0.999486068283747,0.999523574458014,0.999556582283388,0.999615290680552,21.7191167653588,1.0740216977804,6.135127380816,0.0864525431543336,0.637910517512634,4.75040748823551,5.69822014788289,6.2381758918174,6.57109675620634,7.29552879625967,54.4457492334304,1.03215374190366,-7.56627262074587,0.0184352577990542,0.926531219855003,-9.49066502554109,-8.14266207192638,-7.46732852985873,-7.0585399739125,-5.68879150400269,2525.93217502161,1.00505635306354,4.13561156824689,0.00684378357435211,0.24879330636765,3.63888531167621,4.01690216798853,4.09110482319648,4.28762920631496,4.65703276503134,1321.55380456118,1.01247589054159,1.42092274701962,0.00182650761093659,0.052335331295249,1.31507263367375,1.3965614686545,1.41206155220577,1.45524628001599,1.5273080670437,821.007232459967,1.0162426164175,TRUE,"",""
2022-08-24,6.68645424895555,0.0523067998242564,0.622750077969341,5.38653543227209,6.26563112868039,6.7831079649809,7.05720228807479,7.88102345516811,141.746152860903,1.01905370821987,-8.43827186833324,0.137540551935715,0.973293748041914,-10.2182776699303,-9.10481428018044,-8.56944073414889,-7.78166075300376,-6.38862880417539,50.0756207713152,1.03524636625472,0.999603088041184,3.56225371411802e-06,3.56332204796131e-05,0.999535511174287,0.999576309253259,0.999599099361864,0.99962747101278,0.999675883529006,100.059989777696,1.03387986048182,6.68645424895085,0.0523067998242235,0.622750077968903,5.38653543226829,6.26563112867598,6.78310796497612,7.05720228806982,7.88102345516256,141.746152860882,1.01905370821987,-8.43827186833324,0.137540551935715,0.973293748041913,-10.2182776699303,-9.10481428018046,-8.5694407341489,-7.78166075300375,-6.38862880417536,50.0756207713153,1.03524636625471,4.13952173754351,0.00698149407921888,0.256113703287773,3.62978601836404,4.01723176737075,4.09079214629917,4.29505607756648,4.67724061922553,1345.76392935807,1.01212223540418,1.42153859313239,0.00225526962250097,0.0544014631170249,1.31204153117669,1.39483061544289,1.41324513917358,1.45749695776467,1.53173865603522,581.867659916247,1.0186856154118,TRUE,"",""
2022-08-25,7.03807374460914,0.011009033711506,0.609516368546201,5.78290814729475,6.6532852285434,7.12411451021363,7.35661863891919,8.26176859891411,3065.29546681716,1.00639488732627,-8.44789808777289,0.130364742628847,0.960344127723706,-10.2165551335584,-9.11511159031583,-8.5221961453876,-7.80341102750556,-6.44499453138932,54.2667068062511,1.03343442053576,0.999433143565994,1.6943256972105e-06,5.08945831907499e-05,0.99932211615237,0.999403256244302,0.99943871546988,0.999462064607113,0.999532054427518,902.296616115256,1.0048872348626,7.03807374460418,0.0110090337115026,0.609516368545772,5.78290814729068,6.65328522853872,7.12411451020861,7.35661863891401,8.2617685989083,3065.29546681473,1.00639488732627,-8.44789808777289,0.130364742628843,0.960344127723706,-10.2165551335584,-9.11511159031588,-8.52219614538759,-7.8034110275056,-6.4449945313893,54.266706806254,1.03343442053576,4.12740292346005,0.00803050786914125,0.248543552461919,3.63593544945857,4.00881199118028,4.07986860326832,4.28253829611469,4.65064630926642,957.897365730434,1.01249058613261,1.41886917044233,0.00207462452891682,0.0532414924613993,1.3118900704056,1.3932437969542,1.41058557898759,1.45385910904371,1.52705082409218,658.599543566259,1.01785521657765,TRUE,"",""
2022-08-26,6.88626907300647,0.0376709402361497,0.620321882926728,5.59067159168145,6.48509531948652,6.99889485816963,7.20978594101523,8.08131095659033,271.157289413185,1.01533040831337,-8.29088620228983,0.0568745375689689,0.948671022403415,-10.065670017127,-8.80780350708683,-8.47493756900945,-7.69412534991971,-6.29434394356734,278.224591226008,1.01250269996974,0.99962801570618,8.32446967695937e-07,3.20440543244545e-05,0.999560863304891,0.999612044342772,0.999624181236787,0.999648190693669,0.999693066956585,1481.7733079614,1.00450067237225,6.88626907300162,0.0376709402360943,0.620321882926291,5.59067159167752,6.48509531948196,6.9988948581647,7.20978594101015,8.08131095658464,271.1572894136,1.01533040831338,-8.29088620228983,0.0568745375689688,0.948671022403415,-10.0656700171271,-8.80780350708685,-8.47493756900951,-7.69412534991969,-6.29434394356735,278.224591226009,1.01250269996974,4.13797778549289,0.00880770616908981,0.255327618529284,3.63849265317185,4.0128891823759,4.09033359175886,4.2963130130309,4.67417255684281,840.36886423219,1.01422931421791,1.42008887349007,0.00215772972073706,0.0537686511498095,1.31187632144591,1.39409339726618,1.41178136424025,1.4554720720365,1.5290523956586,620.960816448259,1.01823713002624,TRUE,"",""
2022-08-27,6.39757917147791,0.224264041854153,0.711549177271884,5.00255467783208,5.88184905360329,6.39062503364188,7.07084323682045,7.43911646772461,10.0667793954904,1.13656352898842,-7.58538381650041,0.238162417372934,1.02896458505661,-9.33569919243241,-8.52574536951879,-7.62236704876626,-6.86098587422487,-5.47842708594482,18.6661346926217,1.07832199056078,0.999130257323851,1.09659505226626e-05,8.4980234148972e-05,0.998979180847356,0.999062933733877,0.999124259347007,0.999191237079501,0.999303513467289,60.0541857120482,1.05041219622569,6.39757917147341,0.224264041854019,0.711549177271384,5.00255467782856,5.88184905359915,6.39062503363738,7.07084323681547,7.43911646771937,10.0667793954883,1.13656352898842,-7.58538381650041,0.238162417372933,1.02896458505661,-9.33569919243242,-8.52574536951885,-7.62236704876627,-6.86098587422487,-5.4784270859448,18.6661346926217,1.07832199056078,4.05705148178234,0.00500422849866339,0.227768940242996,3.60056912560777,3.94532617357594,4.01881591552463,4.1931146198242,4.53104117554262,2071.64214949752,1.0079365013155,1.40227367381488,0.00120877378078475,0.0466283526134632,1.30708777100176,1.38012726825138,1.39374242231258,1.43234021859544,1.49654990462378,1488.02449906204,1.01238112397983,TRUE,"",""
2022-08-28,6.80601953216858,0.00897143155445089,0.602859460972678,5.56030288319139,6.44884849524463,6.87548397742292,7.13020601423908,8.0294040867196,4515.52930944698,1.00175587761227,-7.4538549825134,0.0113031725282561,0.920885772901037,-9.36445965362753,-7.98327911215616,-7.49048797312121,-6.90350178007233,-5.52715594015892,6637.59597471128,1.00079803276365,0.999621171403886,1.45085421733239e-05,4.31064803567728e-05,0.999554530706506,0.99958802518765,0.999625316383909,0.999653903768066,0.99969731889337,8.82749693394378,1.18238088170993,6.80601953216379,0.00897143155444915,0.602859460972254,5.56030288318747,6.4488484952401,6.87548397741808,7.13020601423406,8.02940408671394,4515.52930944237,1.00175587761227,-7.4538549825134,0.0113031725282561,0.920885772901037,-9.36445965362755,-7.98327911215615,-7.49048797312124,-6.9035017800723,-5.52715594015891,6637.59597471123,1.00079803276365,4.01378805449565,0.00418800018651337,0.211927860166391,3.57957086962832,3.90414850228217,3.99703004844962,4.13568340009662,4.4523161088212,2560.72370290763,1.00501810303458,1.39206309762499,0.00106637205072869,0.0432086969035491,1.3028994617761,1.37020380302061,1.38461707270701,1.4191941536656,1.47983019809547,1641.81731024004,1.00908803788675,TRUE,"",""
2022-08-29,6.26681271091517,0.00866020146074317,0.594985021629769,5.06129721246515,5.9326501667746,6.25150035767461,6.62468510189536,7.49644520518802,4720.15299220259,1.00298026471797,-7.89126357147844,0.0350492424549649,0.930411490529686,-9.82356140896059,-8.49138598437957,-7.75896567710339,-7.42148151765739,-6.06008009621462,704.681482247814,1.00693329114622,0.997741548537157,2.3673357859752e-05,0.000230873027527851,0.997329376663403,0.99756907658059,0.997716307057678,0.997902865088974,0.998209731604909,95.1101068828135,1.04770639956246,6.26681271091075,0.00866020146073784,0.59498502162935,5.06129721246158,5.93265016677042,6.25150035767021,6.6246851018907,7.49644520518274,4720.15299220175,1.00298026471797,-7.89126357147844,0.0350492424549648,0.930411490529686,-9.82356140896063,-8.49138598437957,-7.75896567710335,-7.42148151765742,-6.0600800962146,704.681482247818,1.00693329114622,4.01202443306287,0.00440593288967569,0.210845506978464,3.5919669571368,3.90489273747566,3.97707212484963,4.13126575960228,4.46677145784782,2290.09208693655,1.00715117065105,1.38430458242915,0.000990032519373861,0.0410372251427247,1.29935221837124,1.3626060218982,1.37977809762199,1.40988449949984,1.4669806669941,1718.13408607412,1.00696739605426,TRUE,"",""
2022-08-30,6.32312564585374,0.0139248533262414,0.602652443627497,5.11536909056301,5.94049471646047,6.34822040096592,6.66924393621503,7.54709118879682,1873.06386280116,1.00402543250753,-8.07322444728129,0.0339210629332761,0.942358828515758,-10.0637938352109,-8.66653550519512,-7.93607040453801,-7.60449705020927,-6.22670010860162,771.780323324773,1.00723107956159,0.998633918200218,7.22931553125346e-06,0.000139258764646332,0.998331145737476,0.998543086504731,0.998662914574963,0.998716394477127,0.998889795099564,371.065618102971,1.02637180726123,6.32312564584929,0.0139248533262326,0.602652443627073,5.11536909055941,5.94049471645629,6.34822040096145,6.66924393621034,7.54709118879151,1873.06386280088,1.00402543250753,-8.07322444728129,0.0339210629332762,0.942358828515759,-10.063793835211,-8.66653550519511,-7.93607040453803,-7.60449705020924,-6.22670010860164,771.780323324771,1.00723107956159,3.93313409830362,0.00362750523923839,0.195089907999381,3.51835979627995,3.82326616673054,3.9496686261767,4.03323477988395,4.33695723217791,2892.36775415446,1.00289914366044,1.36785884476804,0.000899088777370186,0.0379534231594308,1.28813964507523,1.34659255966551,1.36954904291105,1.3903044489669,1.44287343109144,1781.9550789405,1.00499621038147,TRUE,"",""
2022-08-31,6.57938895207219,0.0425080300611697,0.609930350041403,5.28051894817124,6.1822869306929,6.6797925804502,6.92985918494031,7.71993581322273,205.882072109164,1.01638945472604,-8.54159292916593,0.0817253859175573,0.950942962149684,-10.3370617383154,-9.1246889010099,-8.70024787031556,-7.88421507238011,-6.53734791352089,135.392615228483,1.01957487626612,0.999512112880562,1.43093209154149e-06,4.45678224912009e-05,0.999414140211175,0.999487554021839,0.999514467766511,0.999538521024861,0.999598512143072,970.073819585773,1.00322846079611,6.57938895206756,0.0425080300612409,0.609930350040973,5.28051894816752,6.18228693068855,6.6797925804455,6.92985918493543,7.7199358132173,205.882072108185,1.01638945472604,-8.54159292916593,0.0817253859175573,0.950942962149683,-10.3370617383155,-9.12468890100988,-8.70024787031555,-7.88421507238011,-6.5373479135209,135.392615228483,1.01957487626612,3.91003891991144,0.00365140518594599,0.195204980799212,3.49751911240881,3.80180048918951,3.92640049011403,4.00775804740631,4.31035226623974,2857.99676954341,1.00426157036392,1.36315488900648,0.000893620787107462,0.0375076495960113,1.28372381235551,1.34195964786861,1.36688367583743,1.38461602630165,1.4378324082753,1761.70495117784,1.00535001514231,TRUE,"",""
2022-09-01,5.85720135169208,0.00962888078571375,0.587727783001333,4.66889656867464,5.50540737934189,5.85784523731469,6.19140834003586,7.07293320577417,3725.63944210749,1.00185336618672,-7.43257818630599,0.0192596283001835,0.90984151592829,-9.28501703081599,-7.92895373171036,-7.48660709498239,-6.89786855331445,-5.54408401505379,2231.69940173689,1.00528840074848,0.999245368103408,3.68823785461617e-05,9.88321426114633e-05,0.999083197488613,0.999179111126981,0.999261782528559,0.999317227508106,0.9994115893429,7.18056436415392,1.2392455606731,5.85720135168796,0.00962888078570689,0.58772778300092,4.66889656867136,5.50540737933802,5.85784523731057,6.1914083400315,7.07293320576919,3725.63944210754,1.00185336618672,-7.43257818630599,0.0192596283001833,0.909841515928289,-9.28501703081598,-7.92895373171031,-7.48660709498234,-6.89786855331447,-5.54408401505375,2231.69940173694,1.00528840074848,3.88032556308806,0.00376665583770859,0.19448606181676,3.46483483543235,3.77369871067434,3.90153432059611,3.97745596154448,4.27101800712629,2666.03032010754,1.00505902570406,1.35758572754411,0.000899804395254766,0.0372521308673881,1.27695017963454,1.3357991172726,1.36312555470222,1.37816887049616,1.43123659070881,1713.98106379603,1.0063802539575,TRUE,"",""
2022-09-02,5.97192834920829,0.0719033344912488,0.625154164632645,4.65371076849052,5.53889873741602,6.06443489627976,6.38466590869997,7.10293236919996,75.5920625221325,1.02739179644696,-7.7833960272825,0.107935627383749,0.96482369089905,-9.7960198533701,-8.4316885000539,-7.63566117418292,-7.16495530556016,-5.97023391133041,79.9035872472574,1.02864445591135,0.999293963974792,8.32908917196621e-06,6.73737134342354e-05,0.999169626456379,0.999242397623285,0.999289686985122,0.999341859465125,0.999430254036293,65.4313598996299,1.04214974746612,5.97192834920408,0.0719033344912209,0.625154164632205,4.65371076848725,5.53889873741213,6.06443489627549,6.38466590869548,7.10293236919496,75.5920625220847,1.02739179644696,-7.7833960272825,0.10793562738375,0.96482369089905,-9.79601985337008,-8.43168850005389,-7.63566117418292,-7.16495530556013,-5.97023391133039,79.9035872472572,1.02864445591135,3.87677431110011,0.00370066063566734,0.193598694502546,3.46086223158362,3.77067623049794,3.89761575930134,3.9736888095685,4.26522382956678,2736.82058532212,1.00456054899477,1.35698288516922,0.000901434775549128,0.0372424647151234,1.27637145297802,1.33521251964122,1.3626163696386,1.3775250598166,1.43036924518239,1706.90053061901,1.00653128331597,TRUE,"",""
2022-09-03,5.43439463737679,0.165611484367576,0.679133758451687,4.34304232033481,4.82161586572518,5.41269429850752,5.92900301871158,6.78397458858136,16.81627258284,1.08268798606278,-7.79336528856607,0.0982324670980813,0.954910526315347,-9.80301056795972,-8.43960768074916,-7.65714995320998,-7.14888984053609,-6.04312690929313,94.4963989046809,1.026912891869,0.999393845110065,1.11876156077072e-05,5.81218318128767e-05,0.999292165736781,0.999341968301499,0.999390691501164,0.999436505788281,0.999509800967605,26.990039149807,1.06427140387274,5.43439463737296,0.165611484367398,0.679133758451209,4.34304232033175,4.82161586572178,5.41269429850371,5.9290030187074,6.78397458857658,16.8162725828524,1.08268798606278,-7.79336528856607,0.098232467098081,0.954910526315346,-9.80301056795972,-8.43960768074915,-7.65714995320995,-7.14888984053605,-6.0431269092931,94.4963989046812,1.026912891869,3.87196041965522,0.00361873029468692,0.193967626197466,3.46558491065411,3.76656775885774,3.88727199842245,3.96325486153384,4.27133754903781,2873.06908723114,1.00381251795167,1.35271648455454,0.000918042669880369,0.0372750557429619,1.27200676020424,1.33034303487347,1.35982231895333,1.37258943022873,1.42561890884012,1648.58319508986,1.00781068016719,TRUE,"",""
2022-09-04,5.66168396856596,0.0130735570237648,0.593808003917594,4.43736183679728,5.31852106952621,5.62158218233713,6.01176621123107,6.88689142845196,2063.02534394894,1.00158694423443,-7.42859282329418,0.201134562208606,1.00892351041843,-9.48553613119305,-8.1602507984761,-7.35203406961394,-6.59211429831446,-5.69144274023525,25.1618793438335,1.06412920208824,0.99915095118351,5.87885436484121e-06,8.23260663164601e-05,0.998993717581695,0.999098131979676,0.999140308786788,0.999206250663745,0.999318092089464,196.105297549997,1.02831411722601,5.66168396856198,0.0130735570237553,0.593808003917176,4.43736183679416,5.31852106952246,5.62158218233317,6.01176621122684,6.88689142844711,2063.02534394902,1.00158694423443,-7.42859282329418,0.201134562208606,1.00892351041843,-9.485536131193,-8.16025079847613,-7.35203406961391,-6.59211429831446,-5.69144274023522,25.1618793438335,1.06412920208824,3.83237700557136,0.00378690823394381,0.194576789987931,3.41967156187751,3.71971171806708,3.86354257244495,3.92091301561577,4.2242256765947,2640.0521534139,1.00577890130091,1.34226513894304,0.00109814742574998,0.0380932399638086,1.26017341556691,1.31885988373947,1.35210839317533,1.36151281109509,1.41514241786965,1203.30169735381,1.0122775329987,TRUE,"",""
2022-09-05,6.12149952349555,0.0439298076358594,0.605790725128254,4.81765163411623,5.73588475456324,6.24119005505767,6.45348447094151,7.25536599106521,190.163269916337,1.01681362578452,-7.76318173936944,0.0255147330995236,0.917923217717341,-9.65503979138808,-8.35914236777838,-7.66919689486326,-7.22490879582368,-5.93964271478389,1294.28718296855,1.00679005370459,0.999373048596413,3.37218337267745e-06,5.96396275884394e-05,0.999256460060735,0.999336969556277,0.999365333861483,0.999413519895188,0.999492689132926,312.78612548274,1.02496932934068,6.12149952349124,0.043929807635817,0.605790725127828,4.81765163411284,5.7358847545592,6.24119005505328,6.45348447093697,7.2553659910601,190.163269916437,1.01681362578453,-7.76318173936944,0.0255147330995236,0.917923217717341,-9.65503979138812,-8.35914236777838,-7.66919689486326,-7.22490879582364,-5.93964271478392,1294.28718296854,1.00679005370459,3.78126954732954,0.006149572495524,0.197326204225621,3.35328929459788,3.66296396055037,3.82152205510843,3.88021486870301,4.16380652500429,1029.62640691802,1.01064751968371,1.32958177314972,0.0020592233020731,0.0404006491615569,1.24240481775121,1.30409658091138,1.33894565434828,1.3513911638712,1.40352245987985,384.91939881164,1.019155738335,TRUE,"",""
2022-09-06,5.55450918209113,0.0120743143258789,0.580018549267061,4.36511292875258,5.23173615320949,5.55497131048935,5.89706389633027,6.75136147611128,2307.59086198029,1.00259489454535,-7.67752534952715,0.0603104762190322,0.933277210043734,-9.61801242395363,-8.29185827139964,-7.4947067475962,-7.14165919180004,-5.8548552768977,239.461559286321,1.01550271122617,0.999486783899384,1.48398471244867e-06,4.54288860963361e-05,0.999393350032103,0.999464018738104,0.999480924218326,0.99951565665166,0.999578486327894,937.14182778702,1.007908839448,5.55450918208722,0.0120743143258713,0.580018549266653,4.36511292874951,5.23173615320581,5.55497131048544,5.89706389632612,6.75136147610653,2307.59086197993,1.00259489454535,-7.67752534952715,0.0603104762190318,0.933277210043734,-9.61801242395363,-8.29185827139965,-7.49470674759622,-7.14165919180004,-5.85485527689767,239.461559286324,1.01550271122617,3.6964692483805,0.0149190950867014,0.216680944482681,3.23319975039773,3.56073028847202,3.73264156408726,3.82755349531355,4.10691409680806,210.938802424317,1.02276532303677,1.30742303066997,0.00384575914735602,0.0472047406694917,1.20492795925595,1.27630019275292,1.316134756532,1.33846440389709,1.3892501786274,150.663158845684,1.03061091994037,TRUE,"",""
2022-09-07,6.26705479239566,0.044604440193034,0.59306892280945,5.13211817251732,5.93818068355791,6.16069695737327,6.65923534737942,7.51574001541358,176.788555932586,1.01608336156491,-8.59172727712337,0.0896515620803536,0.937675459723511,-10.5452401406344,-9.22490281788688,-8.42329165095529,-8.07307477409631,-6.7913097204492,109.392961051674,1.02146884264626,0.999641202279212,4.87179905889724e-06,3.36247509918746e-05,0.999580161744624,0.999617686520184,0.999638798757392,0.999665864117625,0.999707091431826,47.6364533070258,1.05192947087577,6.26705479239125,0.04460444019298,0.593068922809032,5.1321181725137,5.93818068355373,6.16069695736894,6.65923534737473,7.51574001540829,176.788555932765,1.01608336156491,-8.59172727712337,0.0896515620803517,0.93767545972351,-10.5452401406344,-9.22490281788683,-8.42329165095528,-8.07307477409632,-6.79130972044918,109.392961051679,1.02146884264626,3.64474909272899,0.0201921184224257,0.227405461734597,3.15087236839476,3.49847075223998,3.67864852786443,3.79266137064503,4.05368240949784,126.834678720641,1.03005527454195,1.29506631863086,0.00484192222297492,0.0521072852301909,1.1821081942234,1.26147115659169,1.30359786620141,1.33134362855463,1.38766236591882,115.814057281711,1.03545992297925,TRUE,"",""
2022-09-08,5.8989582338585,0.00812238313194565,0.587711483999011,4.67416776577599,5.56628700461327,5.9614562377158,6.20080494160049,7.09038804194326,5235.53914989856,1.00152420335721,-8.42935489209039,0.0219562146282293,0.947760259850386,-10.3641537199116,-8.92820834689496,-8.53138467234752,-7.83692813155152,-6.44299994901509,1863.29686848009,1.00374313256117,0.999609478805717,9.59119585812044e-06,3.87528340521826e-05,0.999547907109414,0.999570872168518,0.999610156433395,0.999637803894776,0.999685893955709,16.3253092900029,1.1012508429852,5.89895823385434,0.00812238313193881,0.587711483998597,4.6741677657727,5.56628700460936,5.9614562377116,6.20080494159613,7.09038804193827,5235.53914989999,1.00152420335721,-8.42935489209039,0.02195621462823,0.947760259850387,-10.3641537199117,-8.92820834689495,-8.53138467234755,-7.83692813155155,-6.44299994901506,1863.29686847997,1.00374313256117,3.63680025294674,0.018165981101691,0.22926903308368,3.15598187478516,3.48724077244673,3.67356483501576,3.77617513683751,4.05416068348396,159.284340856695,1.02523724480369,1.29105053224004,0.00515491863212339,0.0538257837433414,1.17482692841591,1.25614883672785,1.2996389983231,1.3292182964075,1.38856558861531,109.027761453462,1.0367765153463,TRUE,"",""
2022-09-09,6.00574638834958,0.0819515273938526,0.604360456100015,4.74578349222185,5.59204791667275,6.07903512680297,6.40380873837978,7.11936065761144,54.3848551344285,1.03348054485994,-8.02347717506247,0.00976390389598183,0.913176522903279,-9.94662125560692,-8.51939044792944,-8.05588602397634,-7.49847978943502,-6.15054349487918,8747.06760090396,1.00098648299562,0.999645960033504,5.34919187850533e-06,3.3686050947373e-05,0.999574179381909,0.999623082012209,0.999650554635079,0.999670964288123,0.99970336521258,39.6573645137668,1.05158751976895,6.00574638834535,0.0819515273938187,0.604360456099589,4.74578349221851,5.59204791666882,6.07903512679869,6.40380873837528,7.11936065760642,54.3848551343969,1.03348054485994,-8.02347717506248,0.00976390389598174,0.913176522903279,-9.94662125560698,-8.51939044792945,-8.05588602397632,-7.49847978943505,-6.15054349487916,8747.06760090414,1.00098648299562,3.56972377180585,0.0230567249926595,0.2562548628103,3.03553689977152,3.4015193265555,3.60181453252714,3.73778793418799,4.06655463957552,123.523330226515,1.03084550310902,1.2669956546805,0.00694222790676312,0.0650558517625535,1.12692277533689,1.22437550338435,1.27564306091089,1.31593496712374,1.38482329250616,87.8162728635378,1.04247914230814,TRUE,"",""
2022-09-10,6.17085683570065,0.0058834704685373,0.59981665466239,4.95105413872928,5.82968022528348,6.18334960137022,6.50568796418953,7.42940596123345,10393.6929997036,1.00042843536026,-7.89437341508707,0.195880914705766,1.00135569059058,-10.0413173049217,-8.57002526211564,-7.79139732380792,-7.14978830354795,-6.13902819498577,26.1331940723811,1.050578673317,0.99967364655847,7.8983739904413e-07,2.83809865028244e-05,0.999612845558743,0.999658851240399,0.999671976866155,0.99969141187522,0.999729414668339,1291.15858300868,1.00350890551001,6.1708568356963,0.00588347046853339,0.599816654661967,4.9510541387258,5.82968022527937,6.18334960136587,6.50568796418495,7.42940596122822,10393.6929997028,1.00042843536026,-7.89437341508707,0.195880914705765,1.00135569059058,-10.0413173049217,-8.57002526211565,-7.79139732380792,-7.14978830354798,-6.13902819498573,26.1331940723813,1.050578673317,3.50587176057941,0.0231541580607463,0.280462107005556,2.93378405882667,3.31765986690521,3.54041121915959,3.68738098513671,4.07233290261742,146.720364580595,1.0278438282741,1.24954169927566,0.00755570278468552,0.074090688430552,1.09033648136427,1.20074063947802,1.25901721000651,1.30388303506367,1.38196042446002,96.1562523232389,1.03949206640175,TRUE,"",""
2022-09-11,4.44726017035551,0.0252477245587516,0.624708189400936,3.1195407923379,4.12379321797289,4.44304669453347,4.83551880032117,5.65355346720155,612.223380751821,1.0106006211041,-8.22279913160492,0.215836326782411,1.04514985515086,-9.99430511756761,-9.07486434759249,-8.31989801348153,-7.49113282878569,-6.03078560837221,23.4481210107608,1.06454733343573,0.999203172730514,2.48994001860592e-06,7.36816641984097e-05,0.999047341021293,0.99916451662459,0.999204246470692,0.999246054891847,0.999349810975796,875.671231967768,1.00318180494726,4.44726017035238,0.0252477245587338,0.624708189400496,3.11954079233571,4.12379321796999,4.44304669453034,4.83551880031777,5.65355346719756,612.223380751825,1.0106006211041,-8.22279913160492,0.215836326782411,1.04514985515086,-9.99430511756757,-9.07486434759244,-8.31989801348151,-7.49113282878571,-6.03078560837219,23.4481210107608,1.06454733343573,3.45065477166821,0.037852366364143,0.294815158161616,2.82671324383666,3.25823186130776,3.48260303196836,3.67144015634306,3.98579424645123,60.6615564177888,1.04590584826261,1.24933545997124,0.00777556307201284,0.0740456886553786,1.08984219764121,1.20047786949265,1.25886136896225,1.30454035001262,1.3817435208359,90.6850832722431,1.04141004039956,TRUE,"",""
2022-09-12,5.21130382335517,0.181192401911576,0.660552168418986,4.16773675983722,4.59925480408845,5.19377577513564,5.69167881996848,6.54141095952269,13.2902845958966,1.1031790988146,-7.94191342065105,0.155894483479834,0.980829719851193,-10.0304066508137,-8.60566331993834,-7.81117429202037,-7.30649782189494,-6.15507507589968,39.5845524234597,1.03996149948169,0.999493946437627,7.48271874771568e-06,4.92076886183283e-05,0.999404862502415,0.999455341105232,0.999490693054387,0.999529703111465,0.999590577644974,43.2461139403735,1.05521738768159,5.2113038233515,0.181192401911414,0.660552168418521,4.16773675983428,4.59925480408521,5.19377577513198,5.69167881996448,6.54141095951808,13.2902845959017,1.1031790988146,-7.94191342065105,0.155894483479834,0.980829719851194,-10.0304066508137,-8.60566331993834,-7.81117429202037,-7.30649782189495,-6.15507507589966,39.5845524234597,1.03996149948169,3.53096009923748,0.0253634214685169,0.269255170671903,2.9696649385849,3.35130513229264,3.56500808957636,3.71814590314959,4.05514837508303,112.697018648985,1.03417876059261,1.25907821555466,0.00755259403913881,0.0690171947813472,1.11007939594073,1.21408425294769,1.26813238395671,1.31127702941481,1.38328133088615,83.5068926684155,1.04372120323869,TRUE,"",""
2022-09-13,5.4787510402603,0.049253491271601,0.585286089019338,4.23371337916393,5.09712795740355,5.5917948298116,5.83365864898423,6.56807157016925,141.208995390245,1.01888580166198,-7.64781338689511,0.0131079777424615,0.918633404265468,-9.53098582284053,-8.15879916067782,-7.62467697975293,-7.14131558585441,-5.70857446482696,4911.48788011209,1.00090337326483,0.999521926685127,1.37481898847918e-06,4.32737212459517e-05,0.999433223971605,0.999499214655588,0.999519402234803,0.999549901084671,0.999608709191946,990.734856290475,1.00610958485307,5.47875104025644,0.0492534912715111,0.585286089018926,4.23371337916095,5.09712795739997,5.59179482980766,5.83365864898012,6.56807157016462,141.208995390562,1.01888580166199,-7.64781338689511,0.0131079777424616,0.918633404265468,-9.53098582284054,-8.15879916067784,-7.62467697975293,-7.14131558585439,-5.70857446482698,4911.48788011201,1.00090337326483,3.53952974833588,0.0251775368784869,0.266093629801852,2.98347185390736,3.35714190202672,3.57614381340252,3.71992911830236,4.05445645353733,111.697248252329,1.03358158534639,1.25944539630074,0.00752071769274644,0.0688312296394783,1.11093997381964,1.21454308100237,1.26850788307755,1.3115205297957,1.38325262341289,83.7630500207083,1.04366893539067,TRUE,"",""
2022-09-14,6.07885253827075,0.278321608623339,0.780922617502888,4.6159878719209,5.51361021830726,6.02064810816565,6.68135895531055,7.26206442493756,7.87267187497418,1.19484671686626,-8.75889983491888,0.574526168585802,1.434359847145,-11.3130939182544,-9.61519589665224,-8.5379793032274,-7.72328853260695,-6.31696970985695,6.23299256719605,1.26890412425231,0.999315235561565,1.04042847961872e-05,6.80955171046823e-05,0.999193025415004,0.999261386194975,0.999310772085053,0.99936421662512,0.999451670930387,42.8363621081295,1.05874507128413,6.07885253826647,0.278321608623223,0.780922617502339,4.61598787191765,5.51361021830338,6.02064810816141,6.68135895530585,7.26206442493245,7.87267187496965,1.19484671686627,-8.75889983491888,0.574526168585802,1.434359847145,-11.3130939182545,-9.61519589665219,-8.53797930322741,-7.72328853260697,-6.31696970985698,6.23299256719605,1.26890412425231,3.55118420686282,0.0216169440862157,0.2666032500406,3.00275405073882,3.37351624499616,3.58641997596111,3.7157520842104,4.08476881160421,152.104576189117,1.02729623893634,1.25915168290749,0.00754622555451503,0.0689799694160899,1.11024068143911,1.21417670120086,1.26821412905667,1.31132070276007,1.38327536203591,83.557691116876,1.0437107840384,TRUE,"",""
2022-09-15,4.88878879702711,0.149562081905155,0.639883029719292,3.5789541439168,4.42795659335232,4.94028347877249,5.41994502909898,5.92509043396828,18.3045130966953,1.07337261392808,-7.47778339496501,0.356589782507578,1.14934511802562,-9.20067145224744,-8.57513840955358,-7.43314591008628,-6.6530018877275,-5.23233781653705,10.3887458265285,1.13607981284444,0.998339275085296,7.56174175339623e-06,0.000165721445587625,0.998013982510241,0.998245319442995,0.998313597604242,0.998451861498201,0.998680179611151,480.301279129077,1.01975852242163,4.88878879702367,0.149562081905047,0.639883029718841,3.57895414391428,4.4279565933492,4.94028347876902,5.41994502909516,5.92509043396411,18.304513096696,1.07337261392807,-7.47778339496501,0.356589782507578,1.14934511802562,-9.2006714522474,-8.57513840955358,-7.43314591008629,-6.65300188772753,-5.23233781653705,10.3887458265285,1.13607981284444,3.54004049815099,0.0262699108851001,0.267200486158834,2.98654015623348,3.36042055957798,3.57469928318392,3.72335312454663,4.06690962189942,103.456382565081,1.03443234729036,1.26222329861979,0.00727868343139394,0.067431160351367,1.11693093865661,1.21818301800289,1.27121945620543,1.31300589037192,1.38397505868908,85.8253540537457,1.0432573712299,TRUE,"",""
2022-09-16,4.42790279964221,0.0324369079842166,0.57958527524428,3.32373050350952,4.10502351396704,4.33374349523882,4.80603613295894,5.62562271917369,319.268292173464,1.01155303428954,-6.8495291683573,0.103902829277902,0.958356582276994,-8.71646931753397,-7.39581207328889,-6.9846615026949,-6.19574984442919,-4.8913751802184,85.0745210852155,1.02773237806147,0.998843282628964,4.06218048560154e-06,0.000108719674533403,0.998623142450988,0.998784327418584,0.998836870975032,0.998910882223525,0.999068029814967,716.304791405976,1.00681159505237,4.42790279963909,0.0324369079842036,0.579585275243872,3.32373050350718,4.10502351396415,4.33374349523577,4.80603613295555,5.62562271916973,319.268292173271,1.01155303428953,-6.8495291683573,0.103902829277901,0.958356582276993,-8.71646931753395,-7.3958120732889,-6.98466150269493,-6.19574984442915,-4.89137518021841,85.0745210852156,1.02773237806147,3.56303871576852,0.0226658019440588,0.260863343490763,3.01449106282725,3.39254935114002,3.59711943089322,3.73352538134477,4.07023325478826,132.4597507801,1.02956378540732,1.26742625632341,0.00691205038809072,0.0648435095055,1.12783804389237,1.22490849731359,1.27606233590761,1.31625923496246,1.38469539948311,88.0074085688513,1.04240419497305,TRUE,"",""
2022-09-17,NA,NA,NA,NA,NA,NA,NA,NA,NA,NA,NA,NA,NA,NA,NA,NA,NA,NA,NA,NA,NA,NA,NA,NA,NA,NA,NA,NA,NA,NA,NA,NA,NA,NA,NA,NA,NA,NA,NA,NA,NA,NA,NA,NA,NA,NA,NA,NA,NA,NA,NA,NA,NA,NA,NA,NA,NA,NA,NA,NA,NA,NA,NA,NA,NA,NA,NA,NA,NA,NA,FALSE,"","data don't end when expected"
